Date,Close,High,Low,Open,Volume
2015-01-02,95.9439468383789,96.84621490065445,95.21141419396601,96.18514370244657,394000
2015-01-05,92.71903991699219,94.77370188340419,92.593973832758,94.53250495397836,678700
2015-01-06,89.97651672363281,91.74531255894323,89.81571648264176,91.66491584624326,1081300
2015-01-07,90.48570251464844,90.59290493078049,89.52090121623014,89.76210494862976,855100
2015-01-08,92.37957000732422,93.12996646563607,90.98596587453221,91.06636938968848,481600
2015-01-09,91.20038604736328,92.22772062349634,90.19985719318845,92.22772062349634,440600
2015-01-12,92.4153060913086,93.38904271043867,91.6559743225281,93.30863918765992,1115500
2015-01-13,92.4153060913086,94.08584143509822,91.88824283594482,92.9959739670551,809200
2015-01-14,92.11156463623047,92.7726291368201,91.36116138466159,91.96862808713551,592800
2015-01-15,91.084228515625,91.86143065068237,90.46782658728331,90.66436093055687,1283000
2015-01-16,92.04902648925781,92.12049475983731,90.43209605703592,90.92342508219376,633700
2015-01-20,92.73692321777344,92.9959906801454,91.81679105366139,92.11159266418036,947000
2015-01-21,95.22037506103516,95.61344381924826,93.12997880819104,93.85357646254617,1569100
2015-01-22,96.12262725830078,96.43529243809637,95.05063040883313,95.37223082679138,589400
2015-01-23,94.076904296875,95.2561036876336,94.05010539501988,95.13103760191605,974600
2015-01-26,95.87251281738281,95.89931172122947,95.01491381633456,95.58664648370005,995200
2015-01-27,94.98809814453125,95.89035955418684,94.80049903512989,95.52409657361937,911900
2015-01-28,93.47836303710938,95.68489660130807,93.42476523897979,95.5687657668307,753700
2015-01-29,94.818359375,95.0952904102849,93.74636255437039,94.9344902056315,632600
2015-01-30,92.85302734375,94.92555947806895,92.73688970034928,94.6486216339198,1073800
2015-02-02,92.0579833984375,92.2009131576543,90.65545063219305,91.99545035085683,1177900
2015-02-03,92.80834197998047,92.8440761090553,91.85247617789042,92.28127891120019,716800
2015-02-04,90.9770278930664,91.93290072968999,90.80729926056942,91.62916397077629,789900
2015-02-05,92.10264587402344,92.24558244868794,90.78944506055508,91.62024515791724,569900
2015-02-06,90.03903198242188,91.3432973169496,89.72636680215662,90.70009648006693,964800
2015-02-09,88.1272964477539,89.20822849407384,88.05582817636346,88.32383078628288,798800
2015-02-10,91.20930480957031,91.45050855447553,90.28917284073208,90.49464244507392,679400
2015-02-11,92.38848876953125,92.71902440289539,91.71848908084478,91.9686212074601,715300
2015-02-12,92.94235229492188,92.99595008595018,92.09368198196994,92.74581797369956,443500
2015-02-13,93.33543395996094,93.48729893278932,92.75476615231085,93.38009652018643,359100
2015-02-17,91.98651123046875,92.30811169462822,91.09317812237927,91.57557881861847,493700
2015-02-18,92.64757537841797,92.96917584103737,92.24557820793909,92.54037295234795,311900
2015-02-19,93.442626953125,93.95182647151726,92.64756115801407,92.73689309156559,275400
2015-02-20,93.66598510742188,93.85358426245327,91.65598539775364,91.65598539775364,582500
2015-02-23,93.90718078613281,94.43424405970424,93.80891359689222,94.36277577378547,452200
2015-02-24,98.93663024902344,99.02596218635604,96.37276207247926,96.95342988852605,2153800
2015-02-25,97.34650421142578,98.2130383663169,96.8551683043462,97.98970510229714,1152300
2015-02-26,96.39956665039062,97.07849481858034,96.04223208968611,96.12262878765995,608300
2015-02-27,96.1941146850586,96.86411455327298,95.3633145758491,96.06011334829749,686800
2015-03-02,98.20409393310547,98.50782387225249,97.36435875802187,97.60556247731127,600500
2015-03-03,96.91771697998047,98.23091787475079,96.53358343127617,98.15944958299384,651300
2015-03-04,96.93558502197266,97.25718551119654,95.87251635950533,96.6854528227077,536600
2015-03-05,97.68597412109375,98.08797810956017,97.12317671594964,97.56090803106171,402500
2015-03-06,95.87251281738281,96.81944376978362,95.3007801500173,96.71224815439696,652500
2015-03-09,96.41742706298828,96.64969554195929,95.6491601688139,95.9886242414718,506000
2015-03-10,94.82732391357422,95.76531971755863,94.65758841855204,95.57772055676175,626000
2015-03-11,95.3007583618164,96.4620939106614,94.97022272023082,95.33649249730588,551100
2015-03-12,93.6213150024414,95.28291517396484,93.10318014990379,95.24718103079766,1529800
2015-03-13,94.2287826538086,94.4610443631008,93.51411341521006,93.88931169845836,1429100
2015-03-16,96.31024169921875,96.47997717338322,95.19357529674905,95.46157795957811,420100
2015-03-17,95.38118743896484,95.80999039483707,94.96132653948781,95.24719290487205,694400
2015-03-18,95.42584991455078,95.8993154089579,93.26398525696783,94.67545331562431,1703300
2015-03-19,95.71170806884766,96.00650962845214,94.97917519732756,95.10424128644631,641200
2015-03-20,98.4095687866211,98.87409895831223,97.12316705641479,97.71276330569931,747800
2015-03-23,98.90984344482422,99.33863952269307,98.20410946709133,98.57930773912427,562600
2015-03-24,98.6150131225586,99.51728121268343,98.45421293635405,99.35648102647889,628600
2015-03-25,93.46942901611328,98.03436117571866,93.30862880404067,97.99862703797032,1733200
2015-03-26,88.5114517211914,90.23558500415939,87.92184856015983,90.23558500415939,4330300
2015-03-27,90.9948959350586,91.22716441323864,89.28862670839652,89.32436084470034,1260200
2015-03-30,92.12051391601562,92.39744500261136,90.73584485185528,90.73584485185528,990600
2015-03-31,90.25343322753906,91.31650169417034,90.19983542773917,90.64650193431164,1224100
2015-04-01,89.63703918457031,90.33384472146354,88.93131203957246,90.33384472146354,641600
2015-04-02,89.994384765625,91.1289217476924,89.76212304057728,90.77158710415326,498700
2015-04-06,89.53876495361328,90.40529219365933,89.33329537539048,90.15516005710258,916400
2015-04-07,89.48519134521484,90.99492674111707,89.44052877140689,90.16412653365971,1161800
2015-04-08,89.30651092529297,89.49411005806036,88.61864062288855,89.15464593432756,630400
2015-04-09,89.994384765625,90.10158720336418,88.87771826430985,89.61025121654893,1609700
2015-04-10,89.35118103027344,89.85145224212317,88.96704749297744,89.0921204076333,846300
2015-04-13,89.16358184814453,90.21771526528654,88.96704745951939,89.6817167244124,1037700
2015-04-14,89.30651092529297,90.19984402357044,88.94917632286385,90.10157683751267,1137300
2015-04-15,85.88504028320312,89.40477473862616,85.66170701705883,89.38690426060398,4129100
2015-04-16,84.9738540649414,85.8761156645223,84.11625503475858,84.71478662630422,2293600
2015-04-17,84.41996002197266,84.9648936424939,83.92862419507999,84.64329324954402,1671200
2015-04-20,85.8314208984375,85.97435060872388,84.81302200613803,84.85768455878248,1129100
2015-04-21,87.32331848144531,88.20771642266165,86.73371531024023,87.69851678188967,2396700
2015-04-22,96.31024169921875,99.33864043746935,95.03277506216976,98.10584318275549,4849300
2015-04-23,97.09636688232422,97.3375637957782,95.9975642829251,97.23036138113756,1357000
2015-04-24,96.44924926757812,97.38529413751964,95.94521718357666,97.25928783322641,1748100
2015-04-27,98.74437713623047,99.82444008006595,98.33035541115038,98.61837082280736,4075600
2015-04-28,98.81637573242188,99.04138797148828,97.98833234069636,98.78037295015181,1076200
2015-04-29,96.88126373291016,98.27634228452342,96.38623408767236,97.9163213486076,2160600
2015-04-30,96.34121704101562,97.81729641128713,95.80118917549649,97.22326095243727,1989500
2015-05-01,97.5383071899414,97.70031627562516,96.67426102190429,96.75526213133189,637400
2015-05-04,97.10627746582031,98.52835640799168,96.98927357823469,98.52835640799168,676900
2015-05-05,94.9011459350586,96.60223758662481,94.52312022717823,96.60223758662481,1636800
2015-05-06,95.22517395019531,96.60224763355671,95.00915727556091,96.47624134010063,1305500
2015-05-07,95.60317993164062,95.91819562277843,94.78413226785527,95.1621579640477,1104600
2015-05-08,96.97125244140625,97.48427996502114,96.43122455341592,96.54822842131856,951900
2015-05-11,97.76331329345703,97.99732106167336,96.72825569246658,96.77325401704906,459800
2015-05-12,97.77230072021484,98.0423181126025,97.08826856200048,97.5202881496277,483600
2015-05-13,97.7273178100586,98.38434970600751,97.11528424205174,98.00633079051674,468900
2015-05-14,99.52740478515625,99.95942439339349,98.46534685356688,98.9153712844636,729100
2015-05-15,99.95042419433594,100.34644100564013,99.54539810529369,99.98642010432287,795100
2015-05-18,99.9234390258789,100.13045332156648,98.65437348037466,98.96938926352614,554700
2015-05-19,100.10343933105469,100.57146173566028,99.5274085868502,99.87842710701143,476500
2015-05-20,100.4814682006836,101.05749900210779,100.040446120462,100.31045669603839,531600
2015-05-21,100.38246154785156,100.64347657582957,99.95044188327529,100.20245449874957,365900
2015-05-22,99.88743591308594,100.23845445571799,99.41040419944092,99.89643145850728,253200
2015-05-26,98.07832336425781,99.47339494859017,97.56529579923769,99.347388660117,541400
2015-05-27,101.2824935913086,101.62451654097208,98.57334469430643,98.6543526596369,588500
2015-05-28,102.42555236816406,102.73156565267831,101.2554862250548,102.32654645450894,588100
2015-05-29,101.07546997070312,102.49754167278654,100.35542827669579,101.9485114261419,542600
2015-06-01,100.47244262695312,101.1204788458756,99.3743888858092,100.97647461213018,856200
2015-06-02,99.05037689208984,100.27444385522695,99.05037689208984,100.23844107786084,735800
2015-06-03,100.55345916748047,101.63351504662246,100.30144658680253,101.03048396188198,1029300
2015-06-04,99.53640747070312,102.31756222392383,99.33840247503849,100.86848290312881,1372200
2015-06-05,98.19534301757812,99.01439089106897,97.88032724578504,98.6453675106622,997100
2015-06-08,97.02528381347656,97.74531888496921,96.42224577173008,97.35829754481647,803100
2015-06-09,97.43028259277344,97.81730385141783,96.53023379284019,97.67329274735137,844100
2015-06-10,98.09632110595703,99.06837550077026,97.52029039795534,98.04232037296552,497000
2015-06-11,99.00537109375,100.62546173110604,98.52834631353616,99.905419921875,872700
2015-06-12,97.12427520751953,97.78130702603214,96.26922467545111,96.8902605825839,583600
2015-06-15,97.54728698730469,97.69129809214267,95.57618477433357,95.83719975173186,841800
2015-06-16,98.2943344116211,98.60035459239002,96.9622659546113,97.45728870366216,538400
2015-06-17,97.04327392578125,97.59230431432503,96.53924872980464,97.1782826366545,557600
2015-06-18,98.04232788085938,99.23939457724322,96.39523673021048,96.44024192236827,1387500
2015-06-19,97.93431091308594,98.24033108578061,97.53829409765962,98.06931961083865,479900
2015-06-22,100.72447967529297,101.7055297189825,100.1754492752513,100.77848041404184,709000
2015-06-23,99.91442108154297,100.92247136164852,99.87841830484956,100.7514667558892,479800
2015-06-24,98.97837829589844,99.90542756106083,98.81636921977494,99.50040830416616,404900
2015-06-25,99.23939514160156,99.98643052114039,98.91537698334182,99.76141829272825,395600
2015-06-26,97.9073257446289,100.0314418607176,97.37630014902108,99.59041978863989,869400
2015-06-29,94.10911560058594,95.92721831701125,93.63209075787715,95.24317919530866,1043600
2015-06-30,93.72209930419922,95.21618393081188,92.903058290139,95.1441783632291,754300
2015-07-01,95.09017181396484,97.11528192746553,94.739153276971,96.97127080109449,1305400
2015-07-02,94.14510345458984,94.80214210242228,93.34406056897542,94.79313969167734,942800
2015-07-06,91.73297119140625,92.80403145079,90.85992276486594,90.98592904634317,720300
2015-07-07,90.14889526367188,90.58091486218252,87.58375057185064,89.34784547722913,1286700
2015-07-08,87.43075561523438,88.69082553534102,87.10673743958327,88.29480179469442,784400
2015-07-09,89.66284942626953,91.9129710623419,89.2848237726214,91.57995058814573,1683600
2015-07-10,92.43501281738281,93.73108534010676,91.48096324750418,93.58708109693058,2272000
2015-07-13,92.97505950927734,93.50608509499928,92.66003688254354,93.41608157314471,859000
2015-07-14,92.7680435180664,93.47008058914525,92.21001070593348,92.93905501321633,1238200
2015-07-15,96.01719665527344,97.35826731043123,95.18015108031955,95.48616434563571,2298700
2015-07-16,90.32891845703125,93.82110611532175,89.3478614733729,93.74010500115959,4115500
2015-07-17,90.49993896484375,90.98595943180773,89.47388354911158,90.90495830959028,2782500
2015-07-20,90.90492248535156,92.14698727101452,90.68891271106821,91.84997640643499,1112300
2015-07-21,90.81494140625,91.76899110613796,90.38291488419344,90.90494492885344,1525300
2015-07-22,90.76089477539062,90.98590691856661,89.6178361094599,90.05885798737364,1894400
2015-07-23,91.7419662475586,92.07498674581036,90.87792030091195,91.0669297079759,897100
2015-07-24,88.68181610107422,90.9589386958295,87.70976165108938,90.79692962083203,1994700
2015-07-27,88.77184295654297,89.95091198279017,88.50183233844177,89.54588575539354,844600
2015-07-28,89.17684936523438,89.83388123674179,87.50275781110425,87.97078023189741,1558700
2015-07-29,89.12283325195312,89.40185306222348,88.31279478817412,89.05083456343186,568000
2015-07-30,89.18582916259766,89.47385136063299,87.91676396993338,88.08777543331009,1170500
2015-07-31,89.25784301757812,90.46391205018122,89.02383526014064,90.24789538155429,714400
2015-08-03,88.33080291748047,89.44686168662568,87.58376064505335,89.41085890480441,817900
2015-08-04,87.11572265625,88.53780138347983,86.76470417971986,88.36678991707844,786500
2015-08-05,88.77184295654297,89.2938730984338,88.5288327135689,88.62783866692165,1052100
2015-08-06,86.72872161865234,88.30380735828794,86.62071326730465,88.23180179072281,1421400
2015-08-07,87.2777099609375,87.29570791073407,86.10764408622008,86.4496669337847,501400
2015-08-10,89.48286437988281,89.7798821794929,87.61976334015445,87.61976334015445,777400
2015-08-11,89.27583312988281,90.0768759269418,88.74480082387564,90.06787351719207,637800
2015-08-12,87.37675476074219,87.66477015351924,85.46864849182633,86.73772082260649,1103800
2015-08-13,85.25263214111328,86.72871177451165,85.18062658172114,86.52169750796628,895800
2015-08-14,83.42554473876953,83.83056404558873,81.99446324547233,83.02952097791237,2399900
2015-08-17,83.85755157470703,83.97456232258367,82.33647365376213,82.56148587127512,2569500
2015-08-18,83.56954193115234,84.63159994518284,83.36253452229472,84.61360198795415,2575200
2015-08-19,81.83245086669922,82.57949316132007,81.10341339693814,82.01246478115354,1624600
2015-08-20,78.70027160644531,80.63537109044755,78.30424792530034,80.57236794724973,1952200
2015-08-21,77.32318878173828,80.48235484279901,77.21518046334984,79.63631371598326,2453900
2015-08-24,76.774169921875,76.774169921875,73.8670091047414,76.00012735880517,4016800
2015-08-25,78.3132553100586,82.14745861131762,77.7282221621639,82.03945714002066,2027500
2015-08-26,79.56433868408203,80.37438421558869,77.62923182182429,80.34737697551395,2111500
2015-08-27,82.72348022460938,82.74147817740398,81.42740788494339,82.05743923515507,2061700
2015-08-28,82.78649139404297,83.82154201743838,82.29146180881504,83.24551133653354,1150100
2015-08-31,81.92242431640625,82.87648054570388,81.65241384408993,82.22844442522283,1173300
2015-09-01,80.24835968017578,81.52642741375912,79.70832487053518,80.78838762298852,1096100
2015-09-02,81.5714111328125,81.94043439554487,80.2933436280437,81.94043439554487,1415200
2015-09-03,83.41651153564453,84.55057478969844,83.02949033043394,84.0555452713501,1240200
2015-09-04,82.23746490478516,82.6694845021515,81.25640809936613,81.40941475398222,775100
2015-09-08,84.49658966064453,85.02762209119811,83.62354798130774,84.35258540500801,993400
2015-09-09,81.96746063232422,85.05462891963602,81.73344597396026,84.53259886129669,1031200
2015-09-10,82.99351501464844,83.65954933226406,81.64344155452478,82.59749126896031,846900
2015-09-11,82.51648712158203,82.6964941629111,81.86845078587187,82.45348397043402,568800
2015-09-14,81.84143829345703,82.47146971161277,81.42741666626506,82.34546342798161,588500
2015-09-15,84.0015640258789,84.30757735048574,82.9485084792099,83.23652384753376,809000
2015-09-16,84.34357452392578,84.52358840893098,83.44352569938256,84.28957379183802,702200
2015-09-17,83.51553344726562,84.95561023099884,82.7234929329193,82.95750068933187,629100
2015-09-18,81.013427734375,82.07548602990991,80.5364027728503,80.88742139989037,1448100
2015-09-21,80.4643783569336,81.95845605903196,79.80733959505915,81.55343677396692,1378600
2015-09-22,78.01624298095703,79.62733141970013,77.30520348898693,79.56432826809916,1712700
2015-09-23,75.49610137939453,77.2421984917989,75.34309471013783,77.1251946035723,1660300
2015-09-24,75.78409576416016,76.44113431897175,73.89399491813268,74.59603178664348,2316700
2015-09-25,76.81917572021484,78.394261366539,76.27914772912655,78.31326025794856,1236500
2015-09-28,74.77604675292969,75.46908122226705,74.19101373153622,74.93805579167208,1638200
2015-09-29,76.69317626953125,76.98119168163119,74.3620526007894,74.61406522802321,1351400
2015-09-30,79.1863021850586,79.26730328685264,77.97123072352476,78.27725090845622,2466400
2015-10-01,77.37721252441406,77.94424091426339,76.00913421851422,77.62022272954125,1323200
2015-10-02,79.57329559326172,79.84330603813821,76.90914584273366,77.30516940207644,950800
2015-10-05,80.45538330078125,81.0584145107754,79.68134057545203,79.82535171822455,951000
2015-10-06,81.04938507080078,81.72442156989077,80.36534616234488,80.97737952952619,732200
2015-10-07,81.05839538574219,82.45347381816995,79.96933712608858,81.90444348283988,873800
2015-10-08,82.24645233154297,82.30945546939179,80.89637920607349,82.14744641966237,974000
2015-10-09,81.78743743896484,81.99444481883464,81.25640507289737,81.64342633398809,542600
2015-10-12,80.87841033935547,81.32843487635752,80.66240048430674,81.2114309687956,742300
2015-10-13,78.58329010009766,79.98737146160578,78.41228542884211,79.73535192822627,1047500
2015-10-14,78.54725646972656,78.97928291906398,76.15313021067956,76.51315110732284,3118200
2015-10-15,79.65432739257812,80.3653668452996,78.43926275487053,79.05129627956572,2230100
2015-10-16,79.7893295288086,80.16734838641337,78.97928421477869,79.4023082602625,892700
2015-10-19,79.90633392333984,80.09534335337129,79.23129730172998,79.75332727048023,502800
2015-10-20,80.12235260009766,81.42742766662445,78.7902840312346,79.27631127668303,1108000
2015-10-21,81.013427734375,82.12048436832286,80.96842252913183,81.78747057011215,943900
2015-10-22,83.09251403808594,83.62354645897227,82.70549273704273,82.83149903349138,1644800
2015-10-23,84.28057861328125,84.9736201130752,83.92055767920384,84.8206065809833,1585100
2015-10-26,83.06549072265625,83.61452094843716,82.90348169100244,83.25450011511467,614500
2015-10-27,82.39948272705078,83.47953870207128,82.1474632571728,83.28152683772423,544700
2015-10-28,84.01056671142578,84.68560343207746,83.03851905247711,84.19958303601743,618600
2015-10-29,82.85851287841797,83.31753981404195,82.51649671340498,83.03852680750055,517600
2015-10-30,83.51553344726562,84.02856101605896,82.88549513343827,83.12851216787223,464800
2015-11-02,84.70360565185547,85.13562529436275,84.19057803461031,84.85661232245894,528100
2015-11-03,85.60365295410156,85.90966628947828,84.29858477257197,84.61360051982102,538200
2015-11-04,86.0176773071289,86.23368713098627,85.30663781731872,85.83767026505251,429800
2015-11-05,85.69364166259766,86.96271371097095,85.14461136935026,86.71969670021444,792400
2015-11-06,86.70170593261719,86.76470907640065,85.28862953619314,85.92766338509037,736200
2015-11-09,86.15267944335938,86.97172034914087,85.65764981520772,86.92672202547216,480300
2015-11-10,84.17253875732422,84.61356749818347,83.839525183122,84.59556268146544,2305700
2015-11-11,84.55958557128906,85.35163294338564,84.07356524164686,84.9376113019841,1442600
2015-11-12,83.49752807617188,84.4695824738643,83.28151827673834,84.23556785216182,788300
2015-11-13,82.26447296142578,83.07451836574609,81.61643663796953,82.36347889233316,1588300
2015-11-16,83.06549072265625,83.23650216352036,81.37340173291462,81.54440630695247,3582100
2015-11-17,82.78649139404297,83.47952594653468,82.64248029040307,82.9934987719911,2380300
2015-11-18,83.83956909179688,83.92957262204717,82.89451485709577,83.13753194228369,2181100
2015-11-19,83.95655059814453,84.51458332376198,83.2635160465794,83.64153489288766,3388500
2015-11-20,82.30046844482422,83.68654448779648,82.03945345619687,83.54253337676303,1829900
2015-11-23,81.24742126464844,82.04847120254308,80.96840826840709,81.12141495235693,476800
2015-11-24,81.30140686035156,81.55341941669573,79.77131983467649,79.79832706585091,1024700
2015-11-25,81.87745666503906,82.3274811542462,81.41842976333574,81.49943774214397,424800
2015-11-27,83.24552917480469,83.29953678365635,82.85850783437381,83.0745245361228,200300
2015-11-30,83.4525375366211,83.60554420603751,82.94851233533015,83.50653827480845,368500
2015-12-01,83.92054748535156,84.16356450473644,83.46152754531761,83.82154156883585,495900
2015-12-02,83.09251403808594,84.10057127650336,82.82249662179416,84.01956330488457,485800
2015-12-03,81.87745666503906,83.77656055883948,81.31942382636386,83.6865570343638,854400
2015-12-04,82.80450439453125,83.0385190470539,81.96745858630469,82.23747602127918,899900
2015-12-07,82.19247436523438,83.04751816808573,82.03046527064025,83.02952020949924,880900
2015-12-08,81.472412109375,81.75143189912838,80.68037165925995,81.12139363639457,631500
2015-12-09,80.88739013671875,81.92244078896005,80.3653601717167,80.97739364558831,1041200
2015-12-10,80.23934936523438,81.23840405110298,80.04133753678083,80.73437206954108,472500
2015-12-11,78.55626678466797,79.45631568342324,78.43926289988792,79.11429957395437,486700
2015-12-14,77.81820678710938,78.70025750061228,77.11616992678378,78.61024714061044,649100
2015-12-15,79.96031951904297,80.51835215932843,79.42929410664459,79.57330518807038,505800
2015-12-16,80.42835998535156,80.61736940620204,78.96128293770607,79.69032025624753,627400
2015-12-17,79.14129638671875,80.80638540124451,79.14129638671875,80.74338225583524,662900
2015-12-18,78.68225860595703,79.15028779263012,78.29523737601951,78.56525474270221,500600
2015-12-21,80.3113784790039,80.88740931252055,79.60933446300314,80.53639073793475,1048100
2015-12-22,81.36443328857422,81.58044313200864,80.35637590783173,80.86040116478841,1691100
2015-12-23,82.19247436523438,82.45348939912652,81.80545302075001,81.94046174404993,418400
2015-12-24,82.30046844482422,82.65148694443361,81.81444124532788,81.81444124532788,94600
2015-12-28,82.41747283935547,82.58848431807338,81.76943656929576,82.50747635090204,348700
2015-12-29,82.73248291015625,82.99349788258584,82.30945888128164,82.36346647798152,632500
2015-12-30,82.2104721069336,83.02951999045115,82.19247414839458,82.91251609287531,281600
2015-12-31,79.89733123779297,81.13940301205673,79.89733123779297,80.99539190386423,433800
2016-01-04,78.57426452636719,78.68226598971391,77.32319721919913,78.56526211547911,2275300
2016-01-05,77.78223419189453,78.38526538362362,77.09820188493126,77.56622435110765,813100
2016-01-06,76.15310668945312,76.70213684222033,75.37006199612318,75.51407305703113,2323900
2016-01-07,74.24502563476562,75.73910998000534,74.02001342856646,74.20002731362234,811200
2016-01-08,72.25592803955078,73.91202166528873,72.12091932474591,73.59699904180123,899400
2016-01-11,74.08301544189453,74.93806593250876,73.4439816100532,74.68605336410118,1117900
2016-01-12,74.38903045654297,75.55908970980589,73.50697966137606,75.01906183392862,875800
2016-01-13,72.01293182373047,74.7940803011073,71.88692549660963,74.4430616945807,945700
2016-01-14,74.61404418945312,75.14506966613233,72.9669532971029,74.06501389200305,1442700
2016-01-15,69.72679138183594,71.50888440953229,69.4567739573591,70.76184901989265,1550300
2016-01-19,72.29192352294922,72.77795072708204,71.38287225965479,71.81489873004878,1487400
2016-01-20,76.7381591796875,77.64720348292768,72.87694917630598,73.43497501258668,4539200
2016-01-21,78.6282730102539,79.27630932153632,77.02618705559918,78.07924262801899,1254100
2016-01-22,81.32843017578125,82.55249739502523,81.06741513538653,82.10247288403343,1700700
2016-01-25,80.75238800048828,81.57142892461766,80.48237058511526,81.2564131845679,881600
2016-01-26,81.17540740966797,81.41841757605972,80.24835819936105,80.65337743228987,674500
2016-01-27,80.7433853149414,82.0394579174106,80.4733747673124,80.8693916105339,907200
2016-01-28,80.83338928222656,81.29241614263582,80.04134872453234,80.95939557852273,1846200
2016-01-29,82.66050720214844,82.74151519303102,80.14037380705646,80.23037734494729,1172600
2016-02-01,83.02050018310547,83.47052458740846,81.74243252292354,81.92243953791376,528400
2016-02-02,79.66332244873047,81.34640933611718,79.58231448472131,81.26540823893552,740200
2016-02-03,81.88644409179688,82.10245388437309,79.93333294727977,81.30141098952662,889300
2016-02-04,82.32746887207031,82.96650272738955,81.38241483899345,81.45442039456323,666800
2016-02-05,79.52831268310547,80.9323866166472,79.2492997519087,80.9323866166472,893000
2016-02-08,77.72821044921875,78.20523518710509,76.17112309332228,76.46814082828709,1281100
2016-02-09,76.47716522216797,77.72823279253014,76.22515259890493,76.33315408497253,1202400
2016-02-10,73.56999206542969,76.26114310722795,73.48899096391797,75.97312774602872,2413100
2016-02-11,73.63299560546875,74.2000307863992,72.79594988455858,74.2000307863992,1099900
2016-02-12,73.84000396728516,73.88500228693964,72.21991338952205,72.88595444195097,1143300
2016-02-16,75.58612823486328,75.81114051520818,74.45206441921263,74.75807782440337,758300
2016-02-17,77.65621948242188,77.78222578149189,76.45915277442849,76.51316037890727,812100
2016-02-18,77.33219909667969,78.07924132453822,77.25119799253574,77.87222705812356,672500
2016-02-19,79.21329498291016,79.69932214771464,78.07923159836635,78.41225211873996,1254600
2016-02-22,79.13228607177734,79.62731564114127,78.89827833610272,79.05128497869624,810800
2016-02-23,79.726318359375,80.34734731525246,78.56525467062757,78.68225853377507,1526600
2016-02-24,80.29334259033203,80.44634921917338,78.9522719686271,79.08728064512157,807300
2016-02-25,80.93241119384766,80.9774163943394,80.06836490567623,80.4823866562482,315800
2016-02-26,81.74244689941406,82.09346544715976,81.58043781069846,81.99445951145418,279300
2016-02-29,81.92242431640625,82.97548644560106,81.92242431640625,82.20144406467382,359700
2016-03-01,84.41558074951172,84.5505894476328,83.37152080865813,83.668538571159,593300
2016-03-02,84.01056671142578,84.01956912374648,82.88550551033966,83.29053166282783,458300
2016-03-03,85.234619140625,85.24362155139237,83.48852912726439,83.54252985821373,562000
2016-03-04,85.81964874267578,85.97265538535281,85.21661771554128,85.36062194781755,1181800
2016-03-07,86.44068145751953,86.61169291479965,84.88359412233024,84.91059448572669,1015400
2016-03-08,84.41558074951172,85.486641056624,84.35257760596556,85.15362051683567,619200
2016-03-09,84.70360565185547,85.01862140510629,84.48759583060183,84.68560082776776,169000
2016-03-10,86.35071563720703,88.04280552773805,85.61267562606979,86.79173778772285,1123000
2016-03-11,87.97977447509766,87.99777243056816,87.12473082028048,87.56575283099887,656100
2016-03-14,87.29572296142578,88.09676576857909,86.9537069217196,87.72774936611015,378800
2016-03-15,86.93571472167969,87.23273248883896,86.66570418803032,86.8727115771454,299700
2016-03-16,87.55677795410156,87.69178669648399,86.14370109973603,86.40471617052074,520700
2016-03-17,87.9887924194336,88.1778018859656,86.90872949618499,87.05274063268304,302000
2016-03-18,88.18678283691406,88.80781182814412,87.88976509029297,88.006768960101,312800
2016-03-21,88.04279327392578,88.17780199785679,87.51176765778047,87.71877508322294,567400
2016-03-22,88.42079162597656,88.6908090109873,87.28673508931715,87.33173340893403,757100
2016-03-23,87.94377136230469,88.78981946957742,87.90776858467311,88.74481428083104,892300
2016-03-24,87.24172973632812,87.24172973632812,86.38668613013867,86.54869518747037,292900
2016-03-28,87.727783203125,87.88979230901596,87.02574603320728,87.63777967025878,182600
2016-03-29,90.0318832397461,90.16689193742198,88.35779186895137,88.51079852179782,409000
2016-03-30,91.03993225097656,91.6969639917191,90.51790232899825,91.05793020453612,460400
2016-03-31,90.35589599609375,91.73296952350482,90.31089081060132,91.33695273184568,637900
2016-04-01,90.51788330078125,90.57188401693519,89.37482465229459,89.46482813482633,367600
2016-04-04,91.47196197509766,92.3450104565879,91.4089588303936,91.93098881041446,861500
2016-04-05,89.57286071777344,90.11289553442215,89.35685091121071,89.62686831953508,1059400
2016-04-06,90.99492645263672,91.05792958991043,89.36584042682586,89.43784597423209,753000
2016-04-07,90.08588409423828,90.85992663734682,89.95987780739063,90.67991961808663,452200
2016-04-08,90.58992004394531,91.22895391695639,90.3469030038763,90.79692743840477,424200
2016-04-11,90.22989654541016,91.4089583328082,90.13089062329591,90.76992447805205,188400
2016-04-12,90.76991271972656,91.11193563066207,89.73485531059465,90.60790367423786,295100
2016-04-13,91.8499984741211,91.98500032371663,91.15695693433071,91.43596991259957,363100
2016-04-14,90.33789825439453,90.7249195033269,89.79786349452444,90.7159170928418,547800
2016-04-15,89.59986877441406,90.4729104201093,89.38385209904081,89.88788414141708,540400
2016-04-18,89.31184387207031,90.03187877928961,88.91582020966197,88.978823349879,342600
2016-04-19,89.77987670898438,90.6709231866925,89.41985577989351,90.22089874203594,833800
2016-04-20,86.79169464111328,89.6088445424557,85.62162860830603,89.11382188767301,2104400
2016-04-21,86.24269104003906,87.52075891471874,85.96367805992932,87.52075891471874,626600
2016-04-22,86.28768920898438,86.82771716744473,85.79265957474601,86.1616829142379,275500
2016-04-25,86.52169799804688,86.87271651853669,86.34169096537502,86.6747115293289,367000
2016-04-26,86.77373504638672,87.2867627470032,86.66572668479343,86.80973096675496,348200
2016-04-27,89.32084655761719,89.48285562639005,87.9257749507438,87.96177772900754,600200
2016-04-28,88.21379089355469,89.62686733232125,87.97977626670638,88.47480588757244,902200
2016-04-29,86.94471740722656,88.69981678221095,86.44969466056001,88.51080048118384,786700
2016-05-02,87.71875762939453,87.81776354945565,86.8907143587266,87.03471859992523,461300
2016-05-03,85.9928970336914,86.69417747640819,85.72877905707381,86.63952782535725,604700
2016-05-04,85.41002655029297,85.4646692581107,84.90000941476117,85.24609147837741,1430900
2016-05-05,84.60856628417969,85.53752701794764,84.4264123521434,84.49927392495792,464400
2016-05-06,84.08942413330078,84.45372498130841,83.62494037837955,84.13495739651377,336300
2016-05-09,84.6905288696289,85.2643050599887,84.28069468948212,84.9364349364865,456800
2016-05-10,85.01838684082031,85.16410996308618,84.20782108148394,84.26246377810318,367700
2016-05-11,84.31712341308594,84.92732342583376,83.57941217901747,83.61584296390026,897100
2016-05-12,83.36083984375,84.64499903771676,82.3590175138854,84.52659724202604,1099600
2016-05-13,83.15138244628906,84.13498603774906,83.01476871322255,83.4701431911355,770000
2016-05-16,87.27704620361328,87.78706323232484,85.41000866164138,85.75609760123355,1553600
2016-05-17,85.88359832763672,87.02203411168037,85.7651965590814,86.68505461815764,710300
2016-05-18,86.0839614868164,87.02203845641043,85.68323679577935,85.77431027335773,349400
2016-05-19,84.9819564819336,85.49198046393394,84.51747966144347,85.15500095336772,573700
2016-05-20,86.95829010009766,87.04936358162742,86.47558744591356,86.65774135743432,571700
2016-05-23,87.1586685180664,87.65047376672649,86.71240349461037,86.81258643128908,387200
2016-05-24,88.81621551513672,88.94372673339963,87.00382743856491,87.00382743856491,785500
2016-05-25,90.09126281738281,90.37359964899198,89.389989351723,89.57213631856776,1000800
2016-05-26,90.53753662109375,90.86539977868416,89.62678787060756,90.33717078423294,748900
2016-05-27,91.14775085449219,91.52115428732094,90.51022246048653,90.51022246048653,765500
2016-05-31,91.05664825439453,91.29343788794272,90.47376275672869,91.12040037857449,509600
2016-06-01,90.93826293945312,91.13862877982403,90.05483552425137,90.0821638239524,1335700
2016-06-02,91.20237731933594,91.27523888540902,90.42824228807824,90.81075508726984,614600
2016-06-03,91.8489990234375,92.04936483614202,91.2205871863178,91.8489990234375,279900
2016-06-06,91.13861083984375,92.2497252279409,91.07485871668048,92.04935942701056,389000
2016-06-07,92.15866088867188,92.33169841242264,91.67596520140856,92.14044202398591,444400
2016-06-08,92.07669830322266,92.19510008911128,91.38452729962556,91.84901111308191,527300
2016-06-09,91.57577514648438,91.5939870612885,90.5284128595057,90.58305555237854,624600
2016-06-10,88.688720703125,89.47196527169382,88.15138221572623,88.92551735020594,1514900
2016-06-13,87.732421875,88.50655686209866,87.09489363091917,87.10400306327402,1055100
2016-06-14,86.15682983398438,86.24790331873571,85.0001819858733,85.15500760479671,1624300
2016-06-15,85.7743148803711,86.73060381745954,85.72877466490543,86.25701059107736,740100
2016-06-16,87.04026794433594,87.08580816654931,84.89090008695673,85.41913609139756,501300
2016-06-17,86.20237731933594,86.48470723041011,84.94553949901955,86.1659465326712,702400
2016-06-20,88.20600891113281,88.90728929098174,88.07850465088048,88.6431713380416,949900
2016-06-21,89.69962310791016,89.99106236715434,89.08942324456451,89.39908136602024,691700
2016-06-22,89.93643951416016,90.6650412972038,89.88179681239343,90.34627367433372,501700
2016-06-23,92.3408203125,92.35903917964585,90.4555705736958,91.56668522188743,888700
2016-06-24,86.53022766113281,87.97831462044863,85.57393883816013,85.68323117315887,2063600
2016-06-27,84.24427795410156,84.60857892413624,83.01476826013972,84.15320444870866,2285900
2016-06-28,85.97467803955078,86.12950364978533,84.74516869325456,85.24607630550652,707900
2016-06-29,87.5320816040039,87.96923720618582,87.09491905335898,87.3043943678991,556100
2016-06-30,90.35537719726562,90.35537719726562,88.26976185189727,88.67960293372454,669800
2016-07-01,89.65412902832031,89.86359739607074,89.34447077154337,89.59037687964022,957500
2016-07-05,86.8307876586914,88.45192636690392,86.53934831928078,88.0238733171685,1007800
2016-07-06,86.42095947265625,86.49382104968002,84.55392151508082,85.08215752580958,1257500
2016-07-07,86.16595458984375,86.7397238994256,85.68325878120879,85.70147070201308,827900
2016-07-08,88.54298400878906,88.57941478825218,87.38632934333268,87.52294302920416,588200
2016-07-11,90.85628509521484,91.02932260962042,90.16411419221072,90.27340652904104,493000
2016-07-12,91.87633514404297,92.74155066089182,91.07487871281644,91.8672326590642,1280100
2016-07-13,92.08580017089844,92.72332147153098,91.8581129994638,92.06758130604548,547200
2016-07-14,93.7798080444336,94.58126451259739,93.44282847621932,94.47197910012086,1023800
2016-07-15,92.5411605834961,92.84170927217869,92.15864786069642,92.2132905501078,538600
2016-07-18,93.92552185058594,94.14410656689353,93.31532181826663,93.57943980579184,802800
2016-07-19,96.202392578125,96.81259955074162,93.95284889436965,94.05302486909281,3330400
2016-07-20,98.506591796875,98.67962934085318,97.50476257586652,97.97835583460903,1642100
2016-07-21,96.0657730102539,96.87633877271328,95.59217980952606,96.00202088113218,2199400
2016-07-22,96.202392578125,96.41186785800149,95.80166783384674,96.12953795545923,397800
2016-07-25,96.97651672363281,97.05848076468622,96.4756022001044,96.7123987883597,500300
2016-07-26,99.06214141845703,99.18965263982375,97.73244903783244,97.89638409563337,926600
2016-07-27,99.78160858154297,100.10037613174731,98.70692501819055,99.85447013293025,876300
2016-07-28,100.2552261352539,100.37362097374948,99.71788074847191,100.0639697276249,530000
2016-07-29,99.83629608154297,100.95651332800213,99.55395919995793,100.61954068484638,1399700
2016-08-01,99.90913391113281,100.31897501285081,99.53573054125972,99.83627929282731,419800
2016-08-02,99.61769104003906,99.80894743463578,99.07124320569683,99.79073551782423,358600
2016-08-03,98.77069091796875,99.04391829955881,98.26067388402565,98.31531658095928,414200
2016-08-04,100.26432037353516,100.39183158326199,99.76341276098007,99.90912893880045,288500
2016-08-05,99.81806182861328,100.78346023067849,99.63591485759953,100.13682250211812,599800
2016-08-08,99.49930572509766,99.7816356276748,99.30804931221037,99.49930572509766,352200
2016-08-09,100.0821762084961,100.2825420384969,99.6905539812567,99.6905539812567,558600
2016-08-10,99.7178726196289,100.54665726692176,99.46286409691145,100.46468627121337,840300
2016-08-11,100.8107681274414,101.12952875840496,100.2916416860263,100.77433734840834,879600
2016-08-12,100.42826080322266,101.21150527784509,100.17325226701283,101.0384677416807,540400
2016-08-15,100.93830871582031,101.62137043454396,100.90187792367281,101.34814296766925,329400
2016-08-16,98.31533813476562,101.03848226997273,97.45923891845747,100.93829933799054,1531000
2016-08-17,96.03846740722656,96.34812564217626,95.38273404493692,95.91096311885391,2084100
2016-08-18,96.5666732788086,97.01293814877656,96.28434343534362,96.64864426629029,679500
2016-08-19,97.20421600341797,97.42279375528213,96.78526546869128,97.26796813723091,525400
2016-08-22,97.59581756591797,97.7688550647784,97.08579365498937,97.4318825496302,486300
2016-08-23,98.80713653564453,99.39912465234208,98.55212798038085,98.96196911430776,723200
2016-08-24,97.15867614746094,98.2242505087704,96.95831031231664,98.10585567366762,473600
2016-08-25,96.96739959716797,97.25883885633233,96.7670338036562,97.0493636317173,271700
2016-08-26,96.82170104980469,98.34265680064254,96.11131810969907,97.24064465682949,870400
2016-08-29,97.5229721069336,97.55940288861568,96.75793958853195,96.75793958853195,280400
2016-08-30,97.92369842529297,99.02571048110298,97.7506608950225,98.99838218304436,602800
2016-08-31,97.04029083251953,97.3954823211355,96.44830270200553,97.29529939373488,346400
2016-09-01,97.89637756347656,97.93280834594167,96.78526301790532,96.83080323310203,455400
2016-09-02,98.23335266113281,98.58854408857736,97.90548258218999,98.40639713292512,259200
2016-09-06,98.297119140625,98.3973020653975,97.88728495634622,98.1605054297114,346300
2016-09-07,96.83992767333984,98.63410403414157,96.59402159070707,98.36998603168453,992100
2016-09-08,94.79071807861328,95.39180855487622,94.38998646213096,94.84536077232976,919700
2016-09-09,92.63224029541016,94.24426922635462,92.62313086374063,93.95282994907376,818200
2016-09-12,93.93461608886719,94.05301091303518,91.92186238724635,92.01293586341102,502100
2016-09-13,92.65957641601562,93.78890987544781,92.41367730941471,93.35174741559317,516200
2016-09-14,92.87814331054688,93.16047314703665,91.83078105312381,91.96739472991122,1069200
2016-09-15,94.3899917602539,94.58124814745739,92.9874379723008,93.18780379178851,1072000
2016-09-16,93.0785140991211,93.34263205519443,92.32259796107525,92.93279792073027,1040000
2016-09-19,94.11676025390625,94.88179271764672,93.9892560013596,94.00747486512948,550000
2016-09-20,95.51932525634766,95.8836261416837,95.00930818595405,95.3553902053695,773900
2016-09-21,97.18599700927734,97.33172014263549,96.00202781881882,96.25703635373415,832500
2016-09-22,99.08036804199219,99.78164159787124,98.98929454685316,99.30805525407091,579500
2016-09-23,98.87998962402344,99.50840847304784,98.74337592443622,99.05303410673136,664700
2016-09-26,99.06214141845703,99.41733983407717,98.6158764632896,98.80713287264707,663300
2016-09-27,99.83629608154297,100.0002311601056,98.21515721644018,98.32444958496947,591600
2016-09-28,100.05484771728516,100.2187827529976,99.15320849509709,99.5266118301605,316300
2016-09-29,99.02571105957031,99.94556226087455,97.95102729554107,99.51750925211849,551900
2016-09-30,99.79985046386719,100.30986754430083,99.28982643497197,99.44465900449926,338000
2016-10-03,99.20784759521484,99.82715693563145,98.85265618878803,99.59946978030858,416800
2016-10-04,99.23516845703125,100.04573417014169,98.91640783082948,99.62679064021071,324300
2016-10-05,99.09856414794922,99.54483601530238,99.00749066734328,99.3626821056293,280100
2016-10-06,99.0348129272461,99.26250010508501,98.18781634774687,98.60675992115513,473500
2016-10-07,96.88542938232422,97.60492157906647,95.95646890776618,97.48652676762536,861900
2016-10-10,97.44100189208984,98.1240634200667,97.44100189208984,98.0238805067532,686400
2016-10-11,93.54299926757812,96.21149326859205,93.26977882337069,96.18417191901743,959100
2016-10-12,93.42460632324219,93.50657037362126,92.3681344619473,93.17870027518225,794500
2016-10-13,91.43006896972656,91.66686559680453,91.1113082881572,91.61221594534855,1161200
2016-10-14,92.09490966796875,92.99654892191367,91.94007711045413,92.5138532298872,331200
2016-10-17,92.13134765625,92.29527576209874,91.53935957410371,91.63954249331901,399000
2016-10-18,93.19692993164062,93.424617140338,92.74155551424587,93.36086499984123,955700
2016-10-19,94.7998275756836,95.40092504487923,93.98926179943693,95.40092504487923,1109900
2016-10-20,94.33535766601562,94.37178845001382,93.32442599256574,93.3699592612173,739900
2016-10-21,95.86542510986328,95.92006781690692,94.17143170688782,94.23518384792615,1638300
2016-10-24,95.88361358642578,96.01111783732843,95.41912984473153,95.55574352740167,971000
2016-10-25,95.20967102050781,95.75611885706404,94.83626071397663,95.33717528408889,567100
2016-10-26,94.58125305175781,95.3827163712668,94.47196765252389,95.14591975882448,376200
2016-10-27,94.7634048461914,95.87451242151197,94.59036036999098,95.79254837391879,606800
2016-10-28,96.04756164550781,96.49382658420626,95.34628817041025,95.50111378915807,915500
2016-10-31,96.19327545166016,96.86722751085499,95.57396608826305,96.0930925437238,794000
2016-11-01,94.61768341064453,96.24792444370979,94.07123557153794,96.22060309402366,936100
2016-11-02,94.74518585205078,95.38271410912768,94.41731576520235,94.72697393543082,564400
2016-11-03,92.6960220336914,94.35358475560268,92.6960220336914,94.12589753034858,707000
2016-11-04,93.34261322021484,93.8162063384594,92.42276222430165,93.0967141788469,791600
2016-11-07,95.40092468261719,95.41003411502949,94.35356230595592,94.53571621189673,413000
2016-11-08,95.45558166503906,95.82899201675258,94.28982428640715,94.34446699213612,516600
2016-11-09,94.41728973388672,94.55390339048536,93.19689015144644,93.19689015144644,495700
2016-11-10,92.34994506835938,94.18055240637598,91.72152606833956,93.60677611993594,934900
2016-11-11,91.30255889892578,91.53935551096598,89.9091144733693,90.80164432508332,1212200
2016-11-14,90.34628295898438,90.86540952450224,89.90001796895098,90.10949326135326,687800
2016-11-15,91.09309387207031,91.32989051071749,89.93644592859047,90.27342549326293,491100
2016-11-16,91.71240234375,91.77615448248103,90.30074585800237,90.34627912940341,1036300
2016-11-17,93.4063720703125,93.67048999212702,92.1586509636752,92.20418422356445,1344700
2016-11-18,95.25521850585938,95.40094165653937,94.15321323557545,94.33536717392543,1914300
2016-11-21,95.71058654785156,95.72880541470302,94.73608562515314,94.7998377622096,1408200
2016-11-22,95.9200439453125,96.18416187772958,95.4464577223836,96.0384387639296,876300
2016-11-23,95.71968078613281,95.94736794639881,94.94554583092057,95.15502107568798,432300
2016-11-25,94.84536743164062,95.13680673269207,94.50838791698762,94.70875373929691,251900
2016-11-28,94.38088989257812,94.6359053777498,94.00748652052721,94.08034808771912,453200
2016-11-29,94.526611328125,94.72697716007102,93.5430010340962,93.69782665025036,1194200
2016-11-30,93.92552185058594,94.55394075016186,93.74337486879156,94.50840053048228,434200
2016-12-01,91.06575775146484,93.57031659901803,90.78342788670271,93.50656446992785,837900
2016-12-02,90.87451934814453,91.34811264236167,90.01841320368746,90.17324578937132,701100
2016-12-05,93.73424530029297,93.82531877162684,92.61402840081145,93.16047617727516,818600
2016-12-06,93.54299926757812,93.7160437461657,92.70511212113733,92.79618560253981,399900
2016-12-07,94.30803680419922,94.6450093981223,92.741547826461,92.87816153004731,566600
2016-12-08,93.90731048583984,94.47197725027304,93.48836686647148,93.98017205837226,478800
2016-12-09,93.4974594116211,93.9072935232787,92.97832601244569,93.7342490568869,362500
2016-12-12,93.71605682373047,94.11678158751259,93.26979183866162,93.96195595267717,308500
2016-12-13,95.3007583618164,95.5011242190013,94.71787965825796,94.8180625868504,308400
2016-12-14,94.38088989257812,95.57397547284576,94.28981640781899,95.24610536894367,390800
2016-12-15,95.65595245361328,95.98382260183087,95.00932159142371,95.14593531125811,655400
2016-12-16,96.7579574584961,97.1951199709584,96.50294888808574,96.77617632693249,865800
2016-12-19,100.38272094726562,100.61951755040351,98.68872784108886,98.68872784108886,1709400
2016-12-20,99.91825866699219,100.00022967929098,99.37181072936279,99.60860738343845,810500
2016-12-21,100.2279052734375,100.45559246674522,99.92735651064052,100.20968640683434,659500
2016-12-22,100.16413879394531,100.56486347182994,99.97287546430906,100.51022077676856,324200
2016-12-23,100.84720611572266,100.9564915121737,100.42825560112325,100.56486929514818,183900
2016-12-27,101.55757904052734,101.65776194310354,100.90183893219606,100.90183893219606,308500
2016-12-28,100.89273834228516,101.3754340342021,100.57397769181748,100.92005969111653,509900
2016-12-29,101.23883056640625,101.43008696287644,100.81988004256344,101.06578608692601,754900
2016-12-30,102.1860122680664,102.60496282943147,101.33901560871858,102.05850799233335,858700
2017-01-03,100.59220886230469,101.34813208414664,100.31898837323357,101.07491159507552,874700
2017-01-04,100.1094970703125,100.50111929564282,99.83627662492981,100.03663550549261,846200
2017-01-05,101.31167602539062,101.91277345864556,100.86541114063085,100.9109513516813,493800
2017-01-06,101.20240020751953,101.63044626895687,100.45558653550316,100.69237619966987,360200
2017-01-09,102.45013427734375,102.66871900015383,101.1022298956591,101.11133238109622,554800
2017-01-10,102.5958480834961,103.03300359238449,102.53209594893063,102.53209594893063,816100
2017-01-11,103.35176849365234,103.37908984368113,102.17690180318502,102.23154450324259,419900
2017-01-12,104.52661895751953,104.57215916916611,102.91459691275747,103.77070286279582,713900
2017-01-13,105.00932312011719,105.2279008526208,104.50840857848304,104.526620494333,1474200
2017-01-17,105.56489562988281,105.93829902074438,104.63592797254184,105.30988013186442,1381400
2017-01-18,111.99478149414062,114.64505689950384,111.05671133815558,111.17510618118119,4392000
2017-01-19,110.98385620117188,111.10225105106211,109.70880641246896,110.07310734473585,1936700
2017-01-20,111.15689086914062,111.39368054796334,110.67418818124415,110.67418818124415,786900
2017-01-23,111.26618194580078,111.40279565882965,109.83630657281769,111.084034960737,1570600
2017-01-24,111.61227416992188,112.02210837238715,111.1751116652916,111.36636808967287,975100
2017-01-25,111.82171630859375,111.99476077277444,111.35723255911226,111.57581723443334,649500
2017-01-26,110.31898498535156,111.25706196142477,110.26434228811931,110.47381754161125,611200
2017-01-27,110.90187072753906,111.18420756116744,110.23702804018563,110.60132892494194,663500
2017-01-30,110.84721374511719,110.98382742785702,109.30804635327199,110.11861901793893,1161000
2017-01-31,110.56491088867188,111.1113588045757,110.1915005279192,110.78348866534095,1435700
2017-02-01,110.48292541503906,111.21152717316266,110.2005955342853,110.79258359420305,1324600
2017-02-02,111.7853012084961,112.19514232086239,111.37546704459145,112.10406188580657,632800
2017-02-03,112.03121185302734,112.54122895760811,111.90370757688214,111.9401383627039,358300
2017-02-06,111.32083129882812,111.6851252679698,110.99296116783096,111.32993378413322,260700
2017-02-07,112.25890350341797,112.54123341915177,110.99296317688857,111.1386793774904,1117200
2017-02-08,113.0147933959961,113.1696259428775,112.0129712994735,112.3954910023128,853100
2017-02-09,113.40643310546875,114.34451016967151,113.22428613194175,113.30625713395206,820400
2017-02-10,113.70696258544922,114.07126341919462,113.0694413377401,113.66142932401884,791500
2017-02-13,115.209716796875,115.3372210659116,114.52665523483819,114.8818466912204,1052600
2017-02-14,114.98202514648438,115.20971232499227,114.40825595809055,114.82719953272972,1825300
2017-02-15,115.90188598632812,115.92009790370898,114.11681929916371,114.25342605067364,900800
2017-02-16,115.9109878540039,116.06582041899362,115.19150247167539,115.25525460486126,1023500
2017-02-17,115.55580139160156,115.55580139160156,114.5904099192815,114.60862183735134,808100
2017-02-21,116.20243072509766,116.21154015824904,114.07128196614148,114.09860331713402,3895800
2017-02-22,112.77800750732422,114.30806552418444,112.5503203437942,113.93465524073402,2312100
2017-02-23,112.73249816894531,113.49753086112304,112.24980236182093,113.41555984660346,764500
2017-02-24,111.59404754638672,111.97656036856588,110.78348168338057,111.37546978349316,1442500
2017-02-27,111.93102264404297,112.04030804690979,111.1842089477864,111.37546535126486,736500
2017-02-28,110.82901763916016,111.31171336502892,110.57400910084922,110.6559731531085,1033500
2017-03-01,112.45014953613281,112.85998369520264,111.5029700001116,111.5667221348216,1274400
2017-03-02,110.7197265625,111.61226340532635,110.63776250929699,110.91098296843529,961800
2017-03-03,112.0038833618164,112.01298584634523,110.95652091869944,111.80351752679873,783800
2017-03-06,110.74703216552734,111.02936896615587,110.000218565873,110.42827153429572,495300
2017-03-07,109.27164459228516,110.55579679308974,109.13503088195395,110.42829251637048,1234500
2017-03-08,109.97289276123047,110.35540550320427,109.59948250230818,110.03664488489277,575800
2017-03-09,110.42829132080078,110.69240930499173,109.89095286736745,110.36453918313137,405700
2017-03-10,113.8436050415039,113.94378796981741,112.87821349425987,113.3609092678819,1016100
2017-03-13,113.10587310791016,113.3517721774801,112.41370221256952,112.53209703147942,838100
2017-03-14,112.92374420166016,113.68877682335848,112.80534935655324,113.63412716922585,412900
2017-03-15,114.8180923461914,115.03667009626584,113.46107868130645,113.70697778158251,838900
2017-03-16,114.92738342285156,114.98202612264974,113.67054573980259,113.7434073051744,424200
2017-03-17,116.4847640991211,116.96745286639609,115.60133671818708,115.8381333338458,1030300
2017-03-20,116.82176208496094,117.63232802781708,116.55764407740092,117.34088171729915,577600
2017-03-21,115.04576873779297,118.23339594872252,114.89094313553221,118.11499417767308,1398800
2017-03-22,117.4137191772461,117.70516542789872,115.67419279654487,115.72883549431171,529900
2017-03-23,117.68693542480469,118.12409086248798,117.30442267971671,117.66871656163265,266000
2017-03-24,120.43741607666016,121.63049467973023,120.18240754609201,121.38458863349572,1709800
2017-03-27,120.85636138916016,121.31173578316371,120.54671013649941,120.92922295983156,2238000
2017-03-28,121.84906005859375,122.30443439962536,121.23886010924203,121.46654727975783,1370300
2017-03-29,121.047607421875,121.54852196296001,120.71062096864236,121.2752945862844,358300
2017-03-30,120.79261779785156,121.30263490237262,120.52849286355928,120.56493059783868,361100
2017-03-31,120.94742584228516,121.30261726678879,120.32810952188903,120.46473016018847,535400
2017-04-03,120.3827896118164,120.90192318414859,119.47204066127668,120.53762916270315,564100
2017-04-04,120.89278411865234,120.92920795100557,120.0822183538043,120.49205247815722,584000
2017-04-05,119.33541870117188,120.22794866805539,119.23523577347606,119.85455220748408,557200
2017-04-06,119.28984832763672,119.52665185883878,118.89823309821925,119.26252698125508,370000
2017-04-07,119.47200775146484,119.90006075206094,118.88002665545186,118.88912913955647,546900
2017-04-10,118.31536865234375,119.11681806995267,118.12410530794966,118.97110883751992,1180800
2017-04-11,118.22428894042969,118.2607266714511,116.85816586250112,118.06946332589516,613200
2017-04-12,117.49568176269531,118.37000660685777,116.84905798459978,118.16964078625641,485300
2017-04-13,116.92194366455078,118.28806696121927,116.88550592769505,117.49570599924267,575600
2017-04-17,118.55216979980469,118.6614552089471,117.38641244587282,117.38641244587282,334800
2017-04-18,118.98931884765625,119.27166263409111,118.2151907468858,118.74342669048845,915700
2017-04-19,115.56489562988281,121.77620809272038,114.7907606671603,121.22975334401201,3355400
2017-04-20,118.44287872314453,119.14415915774089,117.7507007732332,118.48841894041604,2259500
2017-04-21,118.42464447021484,118.84359495898703,118.1423146155064,118.71609070534704,1298800
2017-04-24,121.54853820800781,122.30444746558376,120.86547662348794,121.70336383286815,685100
2017-04-25,122.25891876220703,122.90554260067728,121.91282978577756,122.86000238321184,681300
2017-04-26,120.63776397705078,121.52117732148172,120.21881351228716,121.16598592834497,633600
2017-04-27,121.08402252197266,121.9401284219243,120.5375817049478,120.81991154494874,453100
2017-04-28,121.27445983886719,122.48857676959297,121.05370492650881,122.45179130164895,753400
2017-05-01,122.20344543457031,122.34140848485136,121.1548841477394,121.45841689325601,264200
2017-05-02,124.16255950927734,124.21774470918969,123.0036141715456,123.23356186110912,850700
2017-05-03,123.40835571289062,124.13499845611537,123.01285232307964,123.07723039437357,1008300
2017-05-04,124.22693634033203,124.53046897175265,123.01281984954254,123.02201270447297,871400
2017-05-05,124.94442749023438,125.01801246703631,123.684318095387,123.81308829606557,481000
2017-05-08,122.58056640625,123.04965482455768,122.39661098935868,122.83810679687758,957800
2017-05-09,124.13499450683594,124.30974300044379,123.47274389087094,123.52792910305197,438200
2017-05-10,123.06805419921875,123.71190517381278,122.80130691588069,123.29800197835223,703900
2017-05-11,123.399169921875,123.50034749818508,122.16665329038689,122.54375695218123,639900
2017-05-12,124.57649993896484,124.60409254720379,123.34398332130115,123.35317617908167,443300
2017-05-15,124.85242462158203,125.22033537588375,124.36493655642923,124.5488919335801,577500
2017-05-16,126.25050354003906,126.25971043207643,125.5514674551227,125.90099251502909,729100
2017-05-17,122.15743255615234,125.06397529636297,122.14823969931034,124.77884235040548,645700
2017-05-18,123.25198364257812,123.50952397814409,121.697534737622,121.96428196474825,689500
2017-05-19,124.03378295898438,124.5672492205157,123.73944319479507,124.17174595164033,619200
2017-05-22,123.44515228271484,123.73028523788606,122.94845729927766,123.23359025444888,548800
2017-05-23,123.1692123413086,123.99701860156136,122.99444981116945,123.84065582062013,687200
2017-05-24,122.78290557861328,123.50953429288022,122.48856572201609,123.22440132861222,938000
2017-05-25,124.07063293457031,124.19021028031956,122.78293088380819,122.78293088380819,457600
2017-05-26,123.43596649169922,123.80389136360327,122.838107872841,123.12324087675488,731800
2017-05-30,122.70929718017578,123.07720789576403,122.33217957401662,122.38736477786544,1020200
2017-05-31,121.40318298339844,122.6448920426252,121.06285087103433,122.38735176212369,1436000
2017-06-01,123.07723236083984,123.09563211074497,121.98267881728425,122.24021917636827,707400
2017-06-02,123.89582824707031,123.9786060575735,122.83807435314294,123.82224329276914,334300
2017-06-05,122.47938537597656,123.09564372441938,122.12986026928726,122.24023070933724,519500
2017-06-06,121.9826889038086,122.62655388965563,121.72514852342903,121.7435482748556,614500
2017-06-07,123.2428207397461,123.67512370127953,122.42420718097195,123.05885128257512,413400
2017-06-08,124.18102264404297,124.25460763476944,122.93931276715121,123.72112697817893,312400
2017-06-09,119.60041046142578,123.665884584377,118.34030141056064,123.46352946213503,1203900
2017-06-12,118.72662353515625,119.17732617609046,115.92125818831437,118.85539371329506,1941400
2017-06-13,121.34800720214844,121.49517711513201,119.89474992484561,120.67656377214202,1373900
2017-06-14,119.71080017089844,121.91830712340568,118.68983153865203,121.78953693712675,857700
2017-06-15,117.3469467163086,117.87122032949814,116.81346621005915,117.61368696943332,1551700
2017-06-16,119.23251342773438,119.65560943389303,118.45068545324109,118.83699599425871,925300
2017-06-19,120.90650177001953,121.24683392077303,120.29024359824191,120.66736120683387,388000
2017-06-20,118.1839370727539,120.54779237319109,118.1287378297785,120.15228902535304,604100
2017-06-21,119.96834564208984,120.15231508879071,118.19315556759236,118.26674053929305,710600
2017-06-22,119.59123229980469,120.29946127978046,119.27849268661457,119.83037291234099,660400
2017-06-23,123.84064483642578,124.55808060765007,122.2402036356742,122.27700313080605,1276100
2017-06-26,123.04962158203125,125.15595053586185,122.93925116869336,124.91679592710325,978400
2017-06-27,121.75275421142578,124.07982477797098,121.67916923271333,123.9142691020427,1783600
2017-06-28,124.16255950927734,124.42929265381804,121.8722754686632,122.53452593739758,773900
2017-06-29,119.20494079589844,122.49778082135472,118.0552018377393,122.02869237898958,1988500
2017-06-30,119.85796356201172,120.93411735318965,119.46246016679028,120.59379917265987,899500
2017-07-03,119.2693099975586,120.80535944708342,118.95658439260349,120.5846185658908,427900
2017-07-05,120.93412017822266,121.01691203709107,119.05775266038984,119.1037450186729,796200
2017-07-06,120.69498443603516,121.20087232777531,119.66482293641727,120.29946698071184,832000
2017-07-07,122.23101043701172,122.82886889972585,121.25603434217571,121.25603434217571,588700
2017-07-10,123.99700927734375,124.21776414642936,122.80127829753029,123.25198089216096,439700
2017-07-11,124.92598724365234,125.14672804280843,122.94842869688932,122.97602129678384,1100900
2017-07-12,126.04815673828125,126.51725914652005,125.34912060714345,125.65265333162228,841300
2017-07-13,125.8734130859375,126.5356637767222,125.43190326881579,125.79062122341601,484300
2017-07-14,128.69717407226562,128.8167514111201,126.82999918887114,126.96796224531943,1164700
2017-07-17,128.97308349609375,129.49735702060374,127.94292216028774,129.1570388725026,869900
2017-07-18,131.76007080078125,131.8796481310697,129.81011822320403,129.94808126976926,1252200
2017-07-19,138.5481414794922,138.722904038611,136.0923008629509,136.69935233818114,2528800
2017-07-20,141.48226928710938,141.96975743197902,139.21957707694813,140.02899771064776,2971500
2017-07-21,141.91456604003906,141.96976529667478,140.4061091613336,140.81081950060315,938400
2017-07-24,141.40863037109375,142.10766626585962,140.7831653832358,141.53740051052148,1272100
2017-07-25,140.47967529296875,141.99733886166774,140.32331250738707,141.9697462545002,974600
2017-07-26,142.13528442382812,142.29164719018704,140.64522768037654,140.7280054917027,768800
2017-07-27,140.9487762451172,143.23904682601392,139.32993512170464,142.47561862074946,1019400
2017-07-28,140.29574584960938,140.61767837263844,139.48632512992447,139.53231749534282,539100
2017-07-31,138.27220153808594,140.1209766472089,137.88589094968256,139.56911039301787,868100
2017-08-01,138.8148193359375,139.9001797271362,138.4929009919844,139.76220269267645,391600
2017-08-02,138.9068145751953,140.6268189299234,138.25375691289807,140.3324931635303,855200
2017-08-03,139.964599609375,140.57166505867139,139.31155583641157,140.4153022674703,924000
2017-08-04,140.6728057861328,140.7831761898594,139.7622078507076,140.36927314099108,491200
2017-08-07,142.03411865234375,142.2548735357623,141.04074272930467,141.04994962125727,476000
2017-08-08,140.8476104736328,142.7515706827262,140.64525531625506,142.08931999219863,490700
2017-08-09,141.2430877685547,141.39945053671426,140.13014864374395,140.4152815759699,547100
2017-08-10,138.13421630859375,140.2681383301044,138.05143848057773,140.2313528626188,844800
2017-08-11,139.0631866455078,139.2011496647926,137.00285000318544,137.4075602396144,416900
2017-08-14,140.36927795410156,141.0039358670784,138.74124426884276,138.75964401505934,552600
2017-08-15,140.23135375976562,140.3877165586511,139.20117820990524,139.30235578976033,376800
2017-08-16,141.34425354003906,141.76736349233752,139.8449900131764,139.99215991266232,518900
2017-08-17,138.5664825439453,140.90275910525224,138.52050423048735,140.59922644800082,486000
2017-08-18,140.04734802246094,140.36928042990522,138.87001687193035,139.80820745700436,688800
2017-08-21,139.43109130859375,140.08414898616152,138.83323287122872,139.95537882881086,562600
2017-08-22,141.98812866210938,142.3928389376691,139.6886512190622,139.71624382558704,839100
2017-08-23,141.09593200683594,141.8317676045365,140.84759854509312,141.5558275010367,532300
2017-08-24,141.14190673828125,141.55580982439687,140.46127047419176,140.99473683013952,400200
2017-08-25,141.85015869140625,142.38363911628753,141.2339004509992,141.40866297370636,535300
2017-08-28,141.75819396972656,141.97894887714713,141.08675042430684,141.3442907988486,261400
2017-08-29,142.70558166503906,143.0551067695872,141.18793198405572,141.30750931664286,575500
2017-08-30,142.392822265625,142.84352484425455,141.11431351838067,141.5006239993939,834200
2017-08-31,143.77252197265625,144.10364727794928,142.1904804068003,142.49401310622693,787400
2017-09-01,144.66470336914062,144.93145057445128,143.83689722036485,144.55433295860905,739700
2017-09-05,142.392822265625,143.91048562127864,141.1603058688359,143.40459783606076,493400
2017-09-06,143.9289093017578,144.66474499846927,143.37704305539813,143.77254649687765,496400
2017-09-07,147.95758056640625,148.03116553046706,145.62131760578717,146.25596160538007,1027800
2017-09-08,146.9090576171875,148.178374016459,146.32958464623306,147.39654585040617,659400
2017-09-11,149.72357177734375,149.81555648756725,148.0311597744432,148.18752255390612,698200
2017-09-12,148.40829467773438,149.09813797985916,147.9575920011163,148.88657592874773,439400
2017-09-13,147.23092651367188,148.08632525822784,147.16653441811462,147.71841453614033,613300
2017-09-14,148.48184204101562,148.90495204117164,147.4332809496415,147.81039859664426,525500
2017-09-15,149.38328552246094,150.0455362798255,149.14413083875195,149.96274440898048,632300
2017-09-18,153.59593200683594,153.7982871863375,151.46200976296456,151.59077996492925,1294000
2017-09-19,154.79164123535156,155.15956610387695,154.22137523276052,155.11357374094896,992800
2017-09-20,151.94024658203125,154.52485651990617,150.5973458202549,154.4512715707094,990200
2017-09-21,152.47377014160156,152.7773028799602,151.00209881045032,152.25301523145947,1066000
2017-09-22,152.64852905273438,153.09921768554761,151.83910843640388,151.94947887139526,303600
2017-09-25,149.0153350830078,151.94027776558178,148.22431426041453,151.65514480073367,849400
2017-09-26,149.79714965820312,149.8523348677703,148.04034563420433,148.71178907543114,1180700
2017-09-27,153.54991149902344,154.43290299783334,149.99032482683344,150.10988811288047,1253600
2017-09-28,156.81512451171875,157.2842127251799,154.6536107111876,154.77318799565307,1477700
2017-09-29,157.46824645996094,157.77177923210502,156.01497471828606,156.45648458771353,1677100
2017-10-02,157.0083465576172,157.9833229314034,156.1621403834839,156.7232135465928,585700
2017-10-03,156.78761291503906,156.94397573364205,155.9597924205,156.78761291503906,454400
2017-10-04,157.45904541015625,157.6797862984881,155.92299591095232,156.33689911147334,861200
2017-10-05,155.00314331054688,156.19887410942565,154.39607803859244,155.95052667364553,422300
2017-10-06,155.84939575195312,157.21068255866336,154.2489542929861,154.52489441141455,1224200
2017-10-09,156.4932098388672,156.962298105361,155.72058891703242,155.86775881687547,352800
2017-10-10,157.44979858398438,157.44979858398438,155.3710762149737,156.61279953650856,522200
2017-10-11,159.03187561035156,159.17904555475891,157.35786310613756,157.61540349140125,859100
2017-10-12,159.6849365234375,160.86226803143538,158.15807989950633,158.25925748386078,1302000
2017-10-13,162.15914916992188,162.68342271934745,161.49689855546075,162.40749665906884,809400
2017-10-16,162.4258575439453,162.43506443447802,161.34051111303754,161.70842182709922,743200
2017-10-17,162.19590759277344,162.5178399892897,160.4943030201852,161.8923749421737,1055300
2017-10-18,157.9557342529297,161.85565388008536,155.09518314271753,161.73607653639465,2715900
2017-10-19,161.90158081054688,162.14991422182948,159.51011911267832,160.07119206299166,1120100
2017-10-20,161.16578674316406,162.08557778083312,160.67829861599125,161.89241548756775,1091300
2017-10-23,163.7871856689453,164.90012488924805,163.06973579627947,163.6768012082063,1240700
2017-10-24,164.11825561523438,164.17345484915083,163.0329092747239,163.54798984546736,614400
2017-10-25,163.13414001464844,164.62419701375111,161.6256832649069,164.1827012427017,560000
2017-10-26,163.55728149414062,164.21951826050122,162.6834686071297,163.2905341807688,427700
2017-10-27,164.5782470703125,164.88177987704205,162.92263399346217,163.9527957363737,703800
2017-10-30,163.65841674804688,164.4954299819378,163.06975103039895,163.98954209140496,1268300
2017-10-31,166.2522735595703,166.45462876359673,165.22211181900025,165.24970443455828,526400
2017-11-01,166.85008239746094,168.30335386697405,165.13927056979583,168.0274137589835,941900
2017-11-02,167.63192749023438,167.80669004431275,166.3810110364559,166.79491422327928,553700
2017-11-03,169.77500915527344,169.83938722132197,167.94462017776,168.82762563349243,470100
2017-11-06,170.0877227783203,170.52002560183317,168.2573339290873,169.22311713129463,503200
2017-11-07,168.8000946044922,169.22319072113768,168.38619134780828,168.43216968251707,611700
2017-11-08,166.95123291015625,168.1285640808597,166.63850738807136,167.44792783101545,677200
2017-11-09,163.7319793701172,164.62417770031294,162.08555977098342,164.16428223257887,685100
2017-11-10,165.19447326660156,165.2864439479197,163.89756455640983,164.37585981791474,692000
2017-11-13,164.50460815429688,164.808126800728,163.5296180105383,163.73197313142256,415300
2017-11-14,165.8750762939453,166.00384644982094,164.32062753272885,165.47036607979496,382800
2017-11-15,163.64002990722656,164.35746580708837,162.38911351146027,163.57563779664778,494400
2017-11-16,167.20880126953125,167.3283785918102,165.10248603529908,165.2588488225655,1853700
2017-11-17,165.86590576171875,166.82248218626808,165.35082506889248,166.73051151106125,553700
2017-11-20,166.96966552734375,167.7330937708859,165.36922407324246,165.5072011494859,996700
2017-11-21,170.50164794921875,170.57523291114939,168.0182151323698,168.0182151323698,845900
2017-11-22,168.32174682617188,170.33609128787177,167.7238883120593,170.06015119101355,526600
2017-11-24,171.4214324951172,171.4214324951172,170.50164155780814,170.6304117276356,311400
2017-11-27,169.90380859375,171.02595482868222,169.7474457950985,170.92477724897856,863900
2017-11-28,169.50827026367188,170.20732037734012,168.75404897274635,170.04175070598322,787700
2017-11-29,158.60874938964844,167.8802436000026,158.28681695186492,167.83425124676268,2544800
2017-11-30,161.44174194335938,162.38912567787148,159.84130033573862,161.75446755700636,1584600
2017-12-01,158.59950256347656,160.245935764589,157.47737082936573,160.05277354357708,1143300
2017-12-04,155.74819946289062,161.24854528045722,154.846808283566,161.13817486030607,1446200
2017-12-05,156.8243865966797,159.10546465376882,155.16875976697838,155.9413809425394,737800
2017-12-06,156.980712890625,157.60617800743162,154.800812925576,155.70220408740494,869500
2017-12-07,158.3603973388672,158.96746270036058,156.75995612262878,156.75995612262878,989700
2017-12-08,158.1856231689453,160.5402854504742,157.99247495399646,159.88724182007377,487000
2017-12-11,161.08297729492188,161.34051761211805,158.44316799131926,158.6915154525065,1571600
2017-12-12,158.35118103027344,159.65728222875293,158.02005579439881,159.39974193806083,1129300
2017-12-13,159.45498657226562,160.54033333974155,158.55359521886547,159.4457937137763,828900
2017-12-14,158.1212921142578,160.3839703713738,157.84535197597822,159.49177187737894,935500
2017-12-15,159.8596649169922,160.1723904618359,157.14628450633876,158.13964635056047,3118500
2017-12-18,162.22354125976562,162.84900646521305,160.92664655967877,161.39573493759124,1207900
2017-12-19,162.8306121826172,163.2537222506486,161.52451054593456,162.01199869079153,708700
2017-12-20,161.11978149414062,163.2537032675622,160.55870844465446,162.85818585486066,528400
2017-12-21,160.54029846191406,161.8556067548534,160.08960990057656,161.63485188498302,393400
2017-12-22,161.16578674316406,161.3221495353801,159.77690732884685,160.2827811716469,285900
2017-12-26,159.2066192626953,159.76769232859724,157.63378452763854,159.72169997206822,281400
2017-12-27,160.08042907714844,160.6783016839876,159.05026758645633,159.30780795912938,334800
2017-12-28,160.22756958007812,160.69667191440524,159.73088867684982,160.14479176868926,402100
2017-12-29,159.87806701660156,160.8438362701821,159.7860823091673,160.6046956797072,194400
2018-01-02,163.47447204589844,163.57564963062936,160.02525534129728,160.17242528906928,818600
2018-01-03,164.71620178222656,165.17609735989586,163.42848574381298,163.47447810855974,1054200
2018-01-04,166.2522735595703,167.19046459324724,165.01054971985374,166.01313287976686,915600
2018-01-05,168.2021484375,168.73562881528733,166.25219632447326,166.33497413269166,516100
2018-01-08,169.08514404296875,169.66461673674604,168.1469534994469,168.49647849377527,763900
2018-01-09,168.17457580566406,169.39789946699815,166.70291869018493,169.30592879190982,854300
2018-01-10,166.21542358398438,166.98804458959674,164.94610762126715,166.84087467379564,668700
2018-01-11,164.2287139892578,165.7739563972064,163.6400482098156,165.63599333753217,831900
2018-01-12,166.3626251220703,166.91450544033677,165.50722606714677,166.5833800563568,710300
2018-01-16,171.43064880371094,173.38060120675257,170.40047335360688,172.64476560950587,1518900
2018-01-17,183.2039337158203,185.06191515193774,179.13845986631773,179.3500218657288,2653200
2018-01-18,187.04869079589844,189.09062785653728,185.62301199627814,185.96333016141918,3618500
2018-01-19,189.03546142578125,189.5045498109515,186.8739468340311,188.75952130248797,1122900
2018-01-22,189.0538330078125,189.0538330078125,186.99351018237027,188.09725655812812,1002300
2018-01-23,188.95266723632812,189.4033698999841,187.68336514065402,188.0236833354141,559900
2018-01-24,186.02772521972656,187.64655228774092,184.39049840238917,187.18665679894062,669800
2018-01-25,184.72161865234375,191.8499985333536,184.55604898276786,190.52549731633098,1380200
2018-01-26,189.94601440429688,190.09318431721243,187.38899681569404,187.67412975015836,1069200
2018-01-29,187.65577697753906,188.1800505863485,185.7334029855102,187.9501028201396,1064500
2018-01-30,184.16976928710938,187.1039051618289,183.98581387282664,186.58882438787782,744900
2018-01-31,186.6807861328125,187.32463702099585,185.79778060409197,186.15649853000102,701800
2018-02-01,185.2642822265625,187.0854642869779,184.3352984659491,185.8713475916661,741500
2018-02-02,178.9636993408203,183.49826116314048,178.87171464858562,183.3510912695224,917300
2018-02-05,171.70660400390625,180.8033518904429,171.5962335578076,177.83241639056348,912600
2018-02-06,178.54063415527344,178.7061898009189,170.9339585454169,171.71578652069044,2881200
2018-02-07,172.1388702392578,176.2319511842295,172.00090721106832,175.77205571040312,1275500
2018-02-08,165.47039794921875,172.34123795259381,163.90675603103193,171.89054933767414,1767200
2018-02-09,168.9380645751953,170.07861082752913,161.772896600388,167.46640693191756,2070900
2018-02-12,171.3938751220703,172.35965861175356,168.38616824392085,168.62530888421722,1563400
2018-02-13,170.38209533691406,171.30188636630487,169.0851866170977,170.4188808027349,496300
2018-02-14,175.99281311035156,176.6734635282029,168.82764712949609,168.9748170633392,930600
2018-02-15,179.26727294921875,179.54321307569012,175.65250080062702,177.7128378387291,1125900
2018-02-16,176.81146240234375,179.6352281862768,176.64590671939143,177.39093536247728,738800
2018-02-20,179.83755493164062,181.55755975089417,176.57229380808658,176.59069355935983,764000
2018-02-21,178.8165283203125,182.10017409597285,178.68775817293155,180.95964251485418,703400
2018-02-22,177.78640747070312,180.3066400228276,177.0781784609893,180.03069989837783,796500
2018-02-23,181.03326416015625,181.28159761515855,178.12672134732446,178.39345455136643,741700
2018-02-26,184.73081970214844,184.87798962943265,182.44974196883,184.05018334952823,1172200
2018-02-27,181.603515625,184.44566610763002,181.603515625,183.01998742069708,861100
2018-02-28,179.71795654296875,182.79926189744432,179.3592386271104,182.3209666646677,623700
2018-03-01,176.53550720214844,179.27649491128722,173.86811850347942,177.66686041228718,901900
2018-03-02,178.04397583007812,178.32910883488915,173.92330146118022,175.22021032328735,696000
2018-03-05,182.4405517578125,183.58108362356708,178.78898033912412,179.10170591296668,730700
2018-03-06,186.5703887939453,187.0762766122106,183.30512818684667,183.98577852732137,1538800
2018-03-07,189.52293395996094,189.86325213089842,186.5703987431065,187.9868847097856,1308300
2018-03-08,188.5756072998047,190.60833811671998,187.91335647246467,190.35079768774338,458100
2018-03-09,192.61346435546875,193.05496016913722,190.33237224256737,190.76467519747777,645100
2018-03-12,194.3518524169922,195.68554663762512,193.45046111430818,193.98392757464325,788800
2018-03-13,191.33494567871094,196.46738162383073,190.50712528020236,195.7039533381065,656900
2018-03-14,194.56341552734375,195.4280214303337,192.50307835500377,195.31765098651329,733400
2018-03-15,197.23997497558594,198.1965513950796,195.68552601337456,197.11120480305993,700500
2018-03-16,196.8904571533203,197.36875239808452,195.5107706677632,196.4121619085561,822000
2018-03-19,195.68551635742188,196.92723970149765,193.18368395617105,196.83525499641965,1063300
2018-03-20,195.54759216308594,197.11123421562422,193.59762550042686,193.6620176137464,790400
2018-03-21,196.58692932128906,198.67485885102238,195.3176272668042,195.99826363423747,465400
2018-03-22,188.2996063232422,195.0140831335591,188.0604657263709,193.22968642681474,1008300
2018-03-23,183.1396026611328,189.72531016809566,183.06601769048038,189.03546685748944,1149000
2018-03-26,190.8106231689453,190.88420812658697,185.88054328611804,188.5663310830089,776800
2018-03-27,184.2249298095703,191.24293950102168,182.92803519006273,190.56228912103944,681900
2018-03-28,178.92698669433594,183.18562457672033,177.6852629209499,181.64957490813705,2776600
2018-03-29,182.63368225097656,184.344493918152,179.20286606001724,180.14105672521552,1193200
2018-04-02,177.565673828125,183.18559798412957,175.3397810607657,181.63114878684559,705200
2018-04-03,183.43392944335938,184.04099492816113,180.64696357710378,181.75072410761535,1165600
2018-04-04,182.35777282714844,182.40376518771416,176.13079737671333,176.2871601747184,1704900
2018-04-05,182.74404907226562,184.81357859496688,181.4471545712266,183.44309913782214,861200
2018-04-06,179.01895141601562,183.2959745396636,178.4486713739368,181.64955459882177,837900
2018-04-09,182.6061248779297,186.32208875944883,181.09766804426602,182.1278295789929,774100
2018-04-10,189.06301879882812,190.46110487069365,185.7977583573511,188.02365060992008,885800
2018-04-11,189.06301879882812,190.12077270027086,187.52696970847703,187.76611028548368,855500
2018-04-12,189.69769287109375,190.69106879327592,188.6215391307871,189.357360671755,1044500
2018-04-13,189.15501403808594,190.5347005417478,188.40079271423048,189.32058371667173,526000
2018-04-16,190.12078857421875,191.28892702287757,189.0722274414948,190.9853943219711,828600
2018-04-17,195.63949584960938,196.2373682767833,191.16931210311247,191.75797764016627,1233000
2018-04-18,189.7712860107422,192.0063714058054,186.71757315151373,192.0063714058054,1700600
2018-04-19,179.4512481689453,187.28785818974617,178.61423490449062,187.18668060794508,2623900
2018-04-20,177.53807067871094,180.2698511935054,176.87582000634274,179.2028902174791,1729200
2018-04-23,175.9744415283203,179.61680645664364,175.35816913521808,178.84418529425972,808200
2018-04-24,178.4854278564453,181.26320031829223,176.29632101218562,180.2974170614191,1147600
2018-04-25,176.2871551513672,178.28310003594237,175.05463851875538,178.11753034960333,830300
2018-04-26,179.98468017578125,180.2606202582804,177.79558733371803,178.38425296009828,875600
2018-04-27,177.93209838867188,180.62311272669433,177.40316697122648,180.46536497742358,1109600
2018-04-30,174.8699188232422,176.50309881701787,174.10901700185997,175.9556046186259,645900
2018-05-01,177.64443969726562,177.94137247226507,174.43376822737866,174.91629991586305,484200
2018-05-02,176.6237335205078,178.3404246591301,176.28040095646801,177.4310492910397,509500
2018-05-03,178.8600311279297,179.83436875969014,176.26180216297146,178.6466093744307,1588200
2018-05-04,181.42115783691406,182.15423680447432,176.9949036604328,177.468146954997,788000
2018-05-07,180.8365478515625,181.45826456391478,180.0199579443731,180.7994224053035,570300
2018-05-08,179.8992919921875,180.3725493195505,178.29396360526687,178.86000621464908,843800
2018-05-09,183.685302734375,183.81521347277692,180.61383057992325,180.82725233032457,518200
2018-05-10,186.5804901123047,186.62687568236487,184.65965176237603,184.9658729845042,414200
2018-05-11,184.4740753173828,186.15364081447876,184.00081788039972,185.47625004608753,405000
2018-05-14,187.38780212402344,188.9931309006315,186.79392236995275,186.9052703990878,406800
2018-05-15,185.52261352539062,186.75677260471875,183.39764201054686,186.59902486424636,569700
2018-05-16,188.26002502441406,188.34353602803998,186.3484754256495,186.47838615102555,490900
2018-05-17,187.7960968017578,189.44782530753292,186.71968532451712,188.82610854719826,524400
2018-05-18,183.11927795410156,186.65471939974742,182.50683548782325,186.3206611598874,1002100
2018-05-21,187.91673278808594,188.26935378437574,186.4320403769086,187.74043644915224,1089000
2018-05-22,187.94454956054688,188.95601270533095,187.02590003533388,188.36213297296337,463600
2018-05-23,185.77316284179688,185.77316284179688,183.406918389237,183.84305033049822,719300
2018-05-24,186.35777282714844,186.58975730547343,184.31631224973015,185.9216408751607,325300
2018-05-25,186.60830688476562,186.74749189827372,184.47404700265807,185.0864893805095,309800
2018-05-29,181.50465393066406,184.26990483232092,180.44680532001624,181.88509769824174,654000
2018-05-30,182.8965606689453,184.33485304659214,181.9778970761701,182.80376121784178,583200
2018-05-31,182.47897338867188,184.52972227677427,180.77157113492993,184.0750276308418,785700
2018-06-01,187.5919647216797,187.66620146681728,184.47409222195716,185.9495103636372,518000
2018-06-04,189.22511291503906,189.43853468781438,187.75896919410988,188.89105467281203,441300
2018-06-05,194.23599243164062,194.71851000564237,192.51930143724195,193.5957129347113,611000
2018-06-06,198.21681213378906,198.40239687890298,194.11532838217548,194.95975525553345,569900
2018-06-07,192.60279846191406,196.10112849482115,191.07170650948592,195.84130700179347,923400
2018-06-08,192.500732421875,193.27092264959234,190.4963829733005,192.454332690719,837500
2018-06-11,194.737060546875,195.57219904588277,194.15245510204383,194.64426108733656,528100
2018-06-12,194.2545166015625,195.0154324760366,192.38936651974538,193.642074189309,363900
2018-06-13,198.34677124023438,199.97993721839325,197.28892235998828,197.94776464889796,998900
2018-06-14,200.33251953125,201.26973174505886,199.14476011127493,199.5901663539633,710700
2018-06-15,199.3396453857422,199.97063642118403,198.4024189559341,199.50666742716737,821300
2018-06-18,195.88771057128906,196.06400689134944,193.52146592270438,194.71849967053373,599700
2018-06-19,191.32223510742188,191.56350803048068,187.23931388985173,189.07662702183737,749300
2018-06-20,190.69126892089844,191.6748809865982,189.6890941296541,190.77477994703275,542300
2018-06-21,189.5220489501953,192.03675282500066,188.85393250422868,191.93467908577773,893400
2018-06-22,191.49855041503906,192.65847285377765,189.39214146092058,192.1109928609033,730900
2018-06-25,182.47897338867188,186.97020336458678,181.68094626758693,186.8495669125784,1060000
2018-06-26,183.703857421875,184.92872802191792,183.03574103668507,184.3998108098472,1106500
2018-06-27,179.92721557617188,185.94953973406987,179.76946777754273,185.34638555347522,663000
2018-06-28,179.63023376464844,179.70447050128456,176.34532542474597,176.94849360021087,887500
2018-06-29,183.703857421875,185.16071248457533,183.3605249480886,183.75025714624806,894300
2018-07-02,181.1798858642578,181.30052232945508,176.13190111939088,179.6673424654043,1963200
2018-07-03,177.6722412109375,180.85506088063968,177.4866564937338,179.50027970176694,434600
2018-07-05,181.86656188964844,182.49755289219112,180.50249198562372,181.57888923462062,540800
2018-07-06,183.10073852539062,183.58325610543494,180.16845095799528,180.1962879661051,380300
2018-07-09,184.76171875,185.79173040161686,183.2120641316591,185.56902020478847,1242600
2018-07-10,185.0586395263672,186.22785028492936,184.24206384266927,186.0237028242029,977300
2018-07-11,179.63946533203125,183.2584310466673,179.39820661473806,182.5253522962044,842500
2018-07-12,184.96585083007812,185.00296211352313,182.12636331307618,182.61816923416694,625100
2018-07-13,184.83595275878906,185.88452711782685,184.26063579113725,185.88452711782685,422900
2018-07-16,185.6618194580078,186.6454313809812,185.00297730927926,185.4576719842727,1153300
2018-07-17,189.61480712890625,190.11590147131784,185.02151783923833,185.41125001711,1383900
2018-07-18,202.19769287109375,202.7358986323843,197.41881763778812,197.7343131725827,3615000
2018-07-19,199.74786376953125,201.08409632009315,199.18182120739615,200.20255833885471,843000
2018-07-20,203.97000122070312,205.50110705371048,201.09340259731934,201.09340259731934,1371300
2018-07-23,204.8701629638672,205.6867529844651,201.3625582433331,203.7473658447561,930500
2018-07-24,198.3003387451172,204.02571424549654,197.79925847796977,203.64527044380722,918500
2018-07-25,203.1905517578125,203.2833512063178,199.40456363796358,200.17475375109242,2240200
2018-07-26,201.0377655029297,201.21407599144354,198.79215720331254,200.49957391375432,1511000
2018-07-27,197.9291534423828,201.83576400394514,197.12183785523138,201.23261004317072,920600
2018-07-30,199.04270935058594,200.99138489602424,198.21684506230625,200.83362296930056,692600
2018-07-31,198.57872009277344,200.71298019664044,198.54160880505123,199.64584306510227,1162300
2018-08-01,198.4951934814453,199.84997484461502,197.40950787094633,198.587978773066,802500
2018-08-02,200.267578125,200.54594818674622,196.9084330680957,197.34456504377766,613900
2018-08-03,199.30252075195312,199.4417057870432,197.04763822823335,198.63440426510059,456100
2018-08-06,198.17970275878906,198.35599906486118,197.0754543997856,197.64149708132481,501000
2018-08-07,198.1704559326172,199.50668904565262,197.62297585856317,199.0798312948507,537600
2018-08-08,197.65078735351562,198.92205783981882,197.54871361057968,198.25394136954904,491500
2018-08-09,194.09678649902344,198.01268592595204,193.96687574757505,197.8549381677083,1016800
2018-08-10,189.19725036621094,190.7840303423742,188.04660231849923,189.9860032136339,842500
2018-08-13,189.9489288330078,191.19236250578328,189.76334404231494,190.14380206672308,914400
2018-08-14,190.79331970214844,192.38937408576567,190.1623145424999,192.2130636123461,408800
2018-08-15,182.93368530273438,187.0722947537269,181.70881458219554,186.7660735337899,1281400
2018-08-16,183.60183715820312,185.21645458580247,183.05435706511116,183.98229518596347,1250600
2018-08-17,183.1470947265625,183.41620464074566,179.927149152302,180.70662773199777,730900
2018-08-20,185.11434936523438,185.54119289912396,183.28631044510072,184.50190691134796,538300
2018-08-21,186.0422821044922,187.08156806308602,185.11434416740215,185.41127694448215,699000
2018-08-22,186.33926391601562,186.65475949943743,184.85457132150614,185.71754703366807,385600
2018-08-23,185.16073608398438,187.64761720342182,184.9937140460033,187.28572196191973,374400
2018-08-24,188.3528289794922,188.53841372568186,186.9980475890197,187.1557953312414,301900
2018-08-27,193.55859375,194.15247353347985,190.67270585858753,191.303711093091,546200
2018-08-28,191.79550170898438,193.06677219974904,190.17161025789267,192.65847722657242,437600
2018-08-29,191.9161376953125,192.61209117260756,190.70052706123423,190.7654895155358,401500
2018-08-30,190.4128875732422,191.94399387173374,189.9767555511759,190.57992378726453,352800
2018-08-31,190.2736358642578,190.83967845037623,189.0209142552266,189.57768256128628,388400
2018-09-04,185.10507202148438,185.49480429026636,183.1100109447934,184.70606546983038,693000
2018-09-05,181.05921936035156,183.87086976713238,180.2055182817812,183.54610003201938,633900
2018-09-06,171.1581268310547,178.2846965999745,170.21162629691221,177.75576524997484,2100300
2018-09-07,167.83612060546875,171.1395772081639,167.28864065193173,168.14234180639838,889600
2018-09-10,172.290283203125,174.18328505268374,171.27883396739728,174.10904829787623,1003600
2018-09-11,170.15599060058594,170.6014110458754,168.21660353239028,169.3115777613804,610500
2018-09-12,162.73243713378906,164.6903863339749,160.24557078393738,164.59760105538408,3094700
2018-09-13,168.8846893310547,171.32517041662032,168.09593649192428,169.1723478001563,2444700
2018-09-14,171.0653533935547,171.677781631752,169.13524090910587,170.22092652675676,1095400
2018-09-17,169.8961639404297,171.70564019707064,169.5806684206482,170.78699064481222,574900
2018-09-18,173.12538146972656,174.0904306594112,171.39941640267563,171.39941640267563,687000
2018-09-19,175.42665100097656,175.64007273901095,172.85625922667344,173.2274286979687,1053800
2018-09-20,177.69091796875,178.2198354601891,176.15981121097278,177.41253363468002,561200
2018-09-21,174.85133361816406,176.40100238826284,174.41521582685317,175.78855996933612,1116700
2018-09-24,177.6722412109375,177.77431492928048,175.7885287208676,177.0133991817771,509400
2018-09-25,176.50311279296875,178.48889976692223,175.5287749530245,178.27546380861028,515600
2018-09-26,175.19471740722656,177.51456267437942,173.14396796101022,173.33884119350427,701000
2018-09-27,175.1390380859375,176.1597614770668,174.2111000071592,174.55443256535952,298700
2018-09-28,174.470947265625,174.70293181953022,172.0954276991096,172.16037601141204,609800
2018-10-01,176.38246154785156,178.6466325950537,175.8535300770103,177.11552635778474,513900
2018-10-02,176.4566650390625,178.47956275661545,174.70286306808748,174.70286306808748,421000
2018-10-03,177.98777770996094,178.479583695659,176.25253825699653,177.477409000498,826600
2018-10-04,173.9512481689453,177.31037889788746,171.57571520744298,177.18046815586231,610400
2018-10-05,170.5457305908203,173.5058552811191,168.50426968140394,172.5036804726686,691200
2018-10-08,168.58775329589844,169.7012901192518,166.74116591028158,167.9567623112598,603900
2018-10-09,169.76625061035156,170.7034770320525,167.39073164700844,167.65982743115796,596000
2018-10-10,159.53106689453125,163.79958649219932,159.46611861049755,162.027221873574,1515900
2018-10-11,159.40118408203125,167.19585740195456,157.36899765297434,163.40059448552756,1665300
2018-10-12,161.72100830078125,163.63255801736585,159.00215718097314,162.81598233290353,906100
2018-10-15,160.85804748535156,162.5004874437313,160.37551579220494,160.9229957783315,672600
2018-10-16,168.62484741210938,169.10737900196378,164.9687704474248,165.5255387556573,823600
2018-10-17,171.6778106689453,175.61227303261947,170.10031884210608,174.06261821407892,1709500
2018-10-18,163.72537231445312,169.62705817617126,163.1778923283463,169.2373259406778,847700
2018-10-19,163.0943603515625,165.395656540237,161.19209898223966,163.49338101170548,740400
2018-10-22,163.62330627441406,164.26358574828646,161.70246785279684,163.74394274317552,518600
2018-10-23,160.48684692382812,161.85091668414978,155.20687833797464,155.45742551986436,1260800
2018-10-24,146.7626495361328,155.61517014065274,146.56777636318213,155.2440006750036,1942800
2018-10-25,156.85862731933594,158.01854977518508,151.89416770382752,153.24894920310186,1067700
2018-10-26,154.23255920410156,156.96997308168443,150.56719329970898,152.55297977000794,876000
2018-10-29,151.5972137451172,157.4710624888907,148.82268842098273,156.37610253764774,745500
2018-10-30,156.58023071289062,157.2019473447235,153.72218056708684,154.1304754678027,1307500
2018-10-31,159.93939208984375,160.61678285613138,157.7308951486745,158.64028457104422,731400
2018-11-01,163.0572509765625,163.37274646833018,157.42466105612664,158.70521990521868,1352600
2018-11-02,162.37986755371094,165.8039467078297,160.36624389405057,165.23791814912843,948400
2018-11-05,160.4033203125,160.99719990717261,157.48032205855955,160.0599878753443,567400
2018-11-06,164.64398193359375,164.86669208245047,161.50756208596215,161.74882079448588,1493800
2018-11-07,164.63478088378906,165.65551848773538,163.4006214750948,165.41424551268688,1039400
2018-11-08,162.37986755371094,164.57907597219906,161.64678864140856,162.69536305963905,1891400
2018-11-09,162.85308837890625,163.18714656246206,159.37332153320312,160.1156746254613,1748000
2018-11-12,156.82150268554688,158.00926204652322,155.01202664024765,157.87007702734962,2888200
2018-11-13,158.57533264160156,161.17356201087904,157.2762250365683,157.59172057504625,1433100
2018-11-14,160.28269958496094,161.9993902574245,159.63314592699368,161.0807266959515,1166700
2018-11-15,164.0501251220703,164.0594135623983,156.78438426757896,157.24835318932827,2028800
2018-11-16,156.812255859375,158.71451753077673,155.79151834269183,157.83297921684724,3096800
2018-11-19,151.8013458251953,156.39463524016506,151.61576109150909,156.1255395002012,1476500
2018-11-20,149.7042236328125,151.33738924524337,145.29651859230478,145.7233620986497,2125600
2018-11-21,152.09829711914062,154.5016527639251,152.08900867870312,152.46019231600312,1074000
2018-11-23,151.8662872314453,152.6735884987087,150.43725524569,150.43725524569,742800
2018-11-26,155.36465454101562,155.578090478391,152.45092974992392,153.23968272374856,1056800
2018-11-27,155.3461151123047,156.05134294553469,153.69438648665744,154.71510986428945,544300
2018-11-28,161.7488555908203,161.85092932777093,155.661585137934,158.00926692858906,613300
2018-11-29,159.15989685058594,160.7652252944314,158.64025394339023,160.09710893969196,1079700
2018-11-30,159.00216674804688,159.0949520436417,156.22762729623943,156.78439570664383,1360900
2018-12-03,164.85745239257812,165.35853263363376,160.65389479546857,161.3312855047947,2413300
2018-12-04,157.41539001464844,163.60473431398347,157.17413124995556,162.9366178710703,1625300
2018-12-06,154.36248779296875,154.50167282552403,150.56721071451346,152.67363388217893,1097300
2018-12-07,148.03395080566406,153.96347417138605,147.44934532366554,152.97058785540605,1412200
2018-12-10,149.77845764160156,151.32811221278007,147.36581347328513,149.8805313754736,915800
2018-12-11,149.83412170410156,152.970556082891,148.89690959836258,152.0147812560778,1475500
2018-12-12,153.3138885498047,155.28111220748062,152.8684823584683,154.3624628227998,917700
2018-12-13,152.26531982421875,153.67578933391303,151.9127130662012,153.1283093955319,698200
2018-12-14,149.4258575439453,152.34885662988262,149.23099848979507,150.7064165366316,692500
2018-12-17,149.02685546875,152.3674239302486,148.11746599137246,149.39802502251288,686500
2018-12-18,150.86412048339844,152.85918097413978,150.11249317441408,151.42087463562083,710200
2018-12-19,142.7910919189453,151.2353185107008,142.2899975120815,148.4236677407495,1580600
2018-12-20,141.6775665283203,145.4635552536565,140.75891697355584,144.95320068288075,2719400
2018-12-21,137.75238037109375,141.59404276504975,137.3348111420307,140.83314103907847,1805700
2018-12-24,134.56028747558594,139.64539803087888,134.37470270302435,138.3926760374697,321500
2018-12-26,141.90028381347656,141.98379483912242,134.0870471917871,135.93364899437395,634500
2018-12-27,143.2643585205078,143.28292124654652,138.7917043715499,139.04223745662145,725800
2018-12-28,143.91390991210938,146.32655452483522,143.60768865408724,146.18735532071003,676500
2018-12-31,144.40570068359375,145.7140966043108,142.85604599079372,144.79543292736295,356500
2019-01-02,145.0366973876953,145.91823556563003,142.75396391127495,143.1622588549606,602500
2019-01-03,137.03785705566406,141.2507028903492,136.75948702363442,140.29492802249237,1078600
2019-01-04,142.96737670898438,143.79324074456446,139.22777452987185,139.793817126789,589500
2019-01-07,146.23374938964844,147.7834041862328,144.5913092864533,145.22230034456456,971900
2019-01-08,145.15733337402344,147.32871903752797,144.34075756886566,147.07817181496782,531700
2019-01-09,151.17965698242188,151.83849919126078,149.37018071759698,150.23315625958648,779900
2019-01-10,150.89198303222656,151.30027797517968,148.94330777148076,149.6670982033672,1028100
2019-01-11,150.344482421875,151.59718992386576,149.2773454840235,149.86195081380993,639600
2019-01-14,147.2544708251953,148.7948511709708,146.855450156712,148.56286669091577,680200
2019-01-15,147.7555389404297,149.29591915973052,146.8740008204421,147.46788047425343,482700
2019-01-16,145.94607543945312,147.904025023925,145.86256442456883,147.69987754806849,537600
2019-01-17,146.18734741210938,147.19881060087332,144.0345385983733,144.55418161688857,953000
2019-01-18,150.97549438476562,152.19109077543087,147.41221622605028,147.7091489930055,1664700
2019-01-22,148.00611877441406,149.39802584752766,146.58637469257505,149.30522637896905,968500
2019-01-23,150.43731689453125,152.22824475048165,149.08253522782732,151.56012820060715,1458900
2019-01-24,156.72872924804688,157.3226090271107,155.23474843770043,155.4574586645534,1385700
2019-01-25,163.92953491210938,164.09655696020602,160.18994580369932,160.7281515573617,1352900
2019-01-28,161.60043334960938,162.78819312377448,158.90014392382608,159.36411302808474,2261100
2019-01-29,162.0272674560547,162.18501522932345,159.9115697828327,161.86951968278592,966800
2019-01-30,164.42135620117188,164.79252578199458,161.2199725491373,162.5283545250251,687600
2019-01-31,162.41697692871094,163.79032111891118,161.70246074847034,162.12004414992597,562100
2019-02-01,165.55345153808594,165.75759906727367,163.48413923397504,164.05018208141146,795000
2019-02-04,166.6205596923828,166.76903318367252,165.0430677852612,165.57198512906504,543000
2019-02-05,168.52284240722656,169.005374193827,166.62056643087803,166.85255096069585,650800
2019-02-06,173.39450073242188,173.5708112234738,170.75916012725241,170.78699713539632,1554900
2019-02-07,168.04957580566406,170.74986459802255,167.31649686373908,170.33229533398443,1474500
2019-02-08,168.02174377441406,168.48571278357625,165.0244937805948,165.27504101012133,633100
2019-02-11,165.65550231933594,166.92677289899805,165.23793303455452,166.49064088889878,653300
2019-02-12,169.61776733398438,170.05389929212237,167.32577368228414,167.32577368228414,901600
2019-02-13,169.1724090576172,170.36945725119858,168.96826152319576,169.4600676308802,653800
2019-02-14,171.0467987060547,171.54787895342773,169.49714407682686,169.97966160119825,1060100
2019-02-15,171.08395385742188,171.76135890817858,170.276652189976,171.75207046469174,824400
2019-02-19,169.3115997314453,170.36944864765704,167.89184134677015,167.90112979009223,900500
2019-02-20,170.6013946533203,170.99112688609253,168.708393340759,168.76406735126798,600400
2019-02-21,169.37648010253906,170.08170771074597,168.08664716801962,168.7083637750981,712700
2019-02-22,171.5664520263672,171.78916223819544,170.1003083233866,171.02824630052294,495600
2019-02-25,173.5150909423828,174.7028501705302,172.86552316765892,174.2667182802816,737200
2019-02-26,172.0025634765625,173.03257507460063,171.38084680520012,171.9561637514024,660600
2019-02-27,170.8519744873047,171.78920111822362,169.13529733660306,171.78920111822362,387900
2019-02-28,169.69198608398438,170.6106496310655,169.4136160629364,170.10956943397153,318500
2019-03-01,171.77059936523438,171.9190728396579,169.9611231432284,171.12104561364376,389800
2019-03-04,172.2809295654297,173.2738156153263,170.3322545871334,172.00254540292926,558300
2019-03-05,171.23240661621094,172.39232917452767,170.87978562753517,171.34375465086185,258700
2019-03-06,168.10523986816406,171.09320115453986,167.99387768759226,171.01896442056173,499300
2019-03-07,164.7275390625,167.16800609775512,164.18004494352616,167.14945753448785,648300
2019-03-08,165.95240783691406,166.0730442928248,162.91806114975674,163.2799563582805,415700
2019-03-11,168.040283203125,168.97750961256656,165.46061678518691,165.4884537914862,609900
2019-03-12,169.3579559326172,170.3044566384733,167.78046419566357,168.88471265929408,509000
2019-03-13,169.37648010253906,170.7312754774073,169.24656938104812,170.50856531519142,418500
2019-03-14,170.0817413330078,171.00040500464496,169.56209834431957,170.04463004490557,524100
2019-03-15,178.9156951904297,179.05489436391923,174.0904211861596,174.1182581890159,1445100
2019-03-18,176.90211486816406,177.6351797207447,175.73291798558344,176.80004111307446,589500
2019-03-19,177.05987548828125,178.67449296069094,175.74220501920723,177.7836661098964,683400
2019-03-20,177.36607360839844,178.80438037960903,174.81424403855115,176.76291955557332,584100
2019-03-21,180.35400390625,181.3747412208587,176.25252024436364,176.2617945256935,770100
2019-03-22,174.2203369140625,178.0619991696607,173.9419527183102,177.57019322615528,937000
2019-03-25,172.90269470214844,174.39667549572076,171.83555747290498,172.90269470214844,1028700
2019-03-26,173.7935028076172,174.40594528941386,172.66143146746157,172.77277949716634,414800
2019-03-27,170.79629516601562,174.4152624792266,169.90548246312954,173.6450721086654,786700
2019-03-28,170.9261932373047,171.6407095307289,169.5992485658713,170.3694388791862,312100
2019-03-29,174.49871826171875,174.8420507406581,172.1324738752577,172.8562642768752,687400
2019-04-01,178.60951232910156,179.09204408084145,177.01345774652506,177.4588782062285,647500
2019-04-02,179.8715057373047,180.1870012717503,178.49816140679206,180.00141649614764,498300
2019-04-03,183.49046325683594,184.37200151557522,182.41405179012628,182.9522575234811,691700
2019-04-04,184.08432006835938,184.67819974165204,183.202767760246,183.9636836137316,437500
2019-04-05,186.87742614746094,187.18364737492183,186.0515619252335,186.11652437918417,503300
2019-04-08,188.8910369873047,189.0023850045517,187.10012363360764,187.44345612625847,503600
2019-04-09,187.04449462890625,188.3807136349983,186.5805255664652,187.53630070235678,708300
2019-04-10,185.39268493652344,186.25567444448808,184.27916241974935,185.6710691055187,611600
2019-04-11,183.64817810058594,184.8916113862283,183.07284702158725,183.47186764859637,453300
2019-04-12,188.20440673828125,188.26008075718036,186.2093313860589,187.28574294881233,430900
2019-04-15,185.4391326904297,187.19293500240158,184.66894242570407,186.77536572035316,389400
2019-04-16,188.9467010498047,189.7261796071284,186.58974513382384,186.868129321496,755200
2019-04-17,188.70547485351562,193.8462452144878,186.12580831061186,193.36372764245272,1280500
2019-04-18,191.07171630859375,192.11100233400427,189.83755707381368,191.20162706177007,1007900
2019-04-22,190.70050048828125,191.0345586772023,189.04877226506264,189.87463637667196,357500
2019-04-23,190.49639892578125,191.25731493467174,189.32720206247402,189.40143880669828,438200
2019-04-24,190.6077423095703,192.8347877796543,190.41286910531332,190.7469273417469,485700
2019-04-25,191.35011291503906,192.3708362819511,189.3179263052555,191.95326698825022,756700
2019-04-26,194.5194854736328,194.5758112188028,190.74550297267632,192.3320783114474,637900
2019-04-29,193.77786254882812,194.5758345761278,192.51047583052076,193.3084621827828,365800
2019-04-30,196.0403289794922,196.21868904306757,193.6651505150119,193.99373642283393,337500
2019-05-01,193.75904846191406,197.96487099134106,193.74026843958416,197.07301331762878,391200
2019-05-02,193.32720947265625,194.7823533338141,191.5998197281019,193.89987843769407,405500
2019-05-03,195.90892028808594,195.91831746292186,193.59947862239144,194.11582186470903,345200
2019-05-06,192.6137237548828,192.9610754043863,188.74586973891715,189.8630447818682,413200
2019-05-07,188.4078826904297,190.5765096461336,186.26741860493294,190.5765096461336,623100
2019-05-08,189.1026153564453,191.11166257699506,188.60505213872688,189.34671270284719,573400
2019-05-09,186.8118896484375,187.70374712952827,182.8219881001754,186.2392208532181,688000
2019-05-10,186.57720947265625,187.76009290094723,183.46976790218062,185.9857605960316,780200
2019-05-13,178.78518676757812,182.1085345553516,178.29700644947258,181.56402849380316,994000
2019-05-14,185.92002868652344,186.7931205252218,182.81260159144705,183.38527042006845,1036700
2019-05-15,188.35159301757812,189.7316312218285,183.0285946547391,183.19757190833928,711300
2019-05-16,189.76918029785156,191.20554427865977,187.8164730469902,188.26709338950823,708600
2019-05-17,188.8866424560547,191.94714100646598,188.46418513021882,189.50625417392467,700300
2019-05-20,178.82272338867188,183.31958601084014,177.31125394170536,182.00525665589217,1287300
2019-05-21,181.8926239013672,183.21633624104,181.26362919190356,182.5967243809854,736600
2019-05-22,179.80850219726562,181.97712958585922,179.76155929589683,179.76155929589683,505300
2019-05-23,178.9541778564453,179.74278130059753,177.2455680981983,177.9684486199373,835500
2019-05-24,178.1843719482422,180.86934246633072,178.06232327584132,180.2215677050669,432200
2019-05-28,179.301513671875,181.54524630663929,179.20762789135745,180.8317487546072,665700
2019-05-29,177.02023315429688,178.44721403142034,175.46182077039623,177.02023315429688,1154100
2019-05-30,178.268798828125,179.5455678838529,177.2548927257861,177.57408140847895,465300
2019-05-31,176.5414276123047,178.26881700353601,176.19406170458765,177.07653642020483,777300
2019-06-03,175.5369415283203,178.2313091348293,174.90794681180736,177.0390282983245,527300
2019-06-04,178.80397033691406,178.89784180286077,176.59778317523956,177.4051522721757,922600
2019-06-05,177.80882263183594,180.44686427249346,177.25493373226837,180.0901154710961,356400
2019-06-06,180.9632568359375,181.28246002980853,178.578708846216,179.00116638741108,399300
2019-06-07,184.5869598388672,186.3143637404741,183.02856181045686,183.65755646092217,482300
2019-06-10,186.12660217285156,187.22499715806248,184.15512950386804,184.25839814307386,755900
2019-06-11,187.85400390625,190.25733112615663,186.8776432700628,189.97568808398879,520400
2019-06-12,184.7747344970703,187.33765603432653,184.6902315590598,187.33765603432653,464500
2019-06-13,185.81678771972656,186.01394214004878,184.95309292466095,185.65719334373222,268300
2019-06-14,180.2685089111328,181.31996107898433,178.84152787979042,179.82727144963195,482300
2019-06-17,178.0341033935547,180.65335014935175,177.94021762562286,180.24967286215022,476400
2019-06-18,182.8032684326172,183.81717487978403,177.89334491736858,177.89334491736858,1358900
2019-06-19,184.7747344970703,186.08904956105815,183.36653364638627,184.44614856859343,358200
2019-06-20,189.31851196289062,191.14917006994864,188.22011709865583,190.6797698207051,431100
2019-06-21,189.8911895751953,190.38875271628527,188.14501999468507,188.9805519037757,562900
2019-06-24,190.38877868652344,191.38390510444492,189.5250837893659,190.94266764367424,476800
2019-06-25,186.8588409423828,190.66098574539564,185.995146221136,190.38873990960548,535400
2019-06-26,191.8814239501953,192.42592993174446,190.65159764917826,191.8814239501953,784500
2019-06-27,192.44476318359375,192.95170926528468,191.5998339474928,192.16312010489344,345100
2019-06-28,195.20480346679688,196.93220747179072,194.91377757042784,196.4628071679799,405000
2019-07-01,201.81396484375,203.33481722208472,199.93636365569816,202.75276543777593,634200
2019-07-02,201.29762268066406,202.09560891964787,200.30249633790518,201.3915084705305,572400
2019-07-03,200.74371337890625,201.64495384027362,200.33063886538002,200.74371337890625,297100
2019-07-05,196.91343688964844,197.50488588479442,194.51010951090325,196.7068996000724,428600
2019-07-08,195.29867553710938,196.68809632778874,194.1627349036689,195.80563585158714,425300
2019-07-09,193.96560668945312,194.62276429240296,192.73578010572672,193.28966906214433,530000
2019-07-10,195.3831329345703,196.50030769267474,194.3035182141095,194.8010812757087,986500
2019-07-11,195.96522521972656,196.91340858560883,194.6133501822586,196.7819770861305,269600
2019-07-12,195.4395294189453,196.26567864670085,194.68850029367192,195.30809788952624,427400
2019-07-15,194.10641479492188,196.38770779470022,193.43987436378595,195.5709558234635,681300
2019-07-16,192.45408630371094,194.26596424024916,191.85325460727327,192.82960074212536,639200
2019-07-17,204.3487091064453,206.14182155200015,202.03926783072146,204.32992908490633,2050400
2019-07-18,212.7791290283203,213.0983320874392,208.01003506215892,208.12268653893094,1750500
2019-07-19,209.93458557128906,211.16441206519744,209.45580242231293,209.53090818930218,790500
2019-07-22,213.80247497558594,214.15920949794324,211.5024018178227,211.5024018178227,787500
2019-07-23,216.1212921142578,217.17274420073934,215.28576015447297,216.74088962238568,831100
2019-07-24,219.7356719970703,220.14874656406695,215.93352660080112,216.10251816228188,786500
2019-07-25,215.97109985351562,218.71239612715874,215.6612939093248,218.51524168086945,521700
2019-07-26,216.7221221923828,218.18664882255226,216.70334216957136,218.0082744182439,399700
2019-07-29,216.83473205566406,217.10697787184893,215.35142568741915,216.4967633347354,325900
2019-07-30,214.36572265625,215.37024616059574,213.4175392201062,213.72734513289618,462000
2019-07-31,209.17417907714844,213.44572507408995,207.67210657078067,213.16408200259548,519500
2019-08-01,207.8880157470703,215.89598405000677,205.76631713541542,212.15016434422319,834200
2019-08-02,206.45159912109375,208.92063442876346,204.83686128929418,208.92063442876346,555700
2019-08-05,199.14776611328125,203.17521418714657,197.4297593803861,203.13766846796707,693900
2019-08-06,201.73887634277344,203.28789172550245,199.542086202734,202.38665110008387,481400
2019-08-07,202.499267578125,203.00622787659384,199.40122302346106,200.49963222849053,428700
2019-08-08,206.5642852783203,207.05246557863614,203.40991483582366,203.62583495280654,627600
2019-08-09,202.7715301513672,204.05768228409076,200.1710486912632,203.56011915281994,415100
2019-08-12,201.3258056640625,203.35361859807924,200.62170514460905,202.82789250221455,292000
2019-08-13,205.7851104736328,207.2871973228776,198.45307930223865,199.70168595161897,587600
2019-08-14,195.94644165039062,199.26040627183602,194.39742655423268,197.91792843182697,914100
2019-08-15,197.01666259765625,198.39670040226457,194.87619872213273,196.52848235368972,671500
2019-08-16,199.82369995117188,200.27432019776452,196.29380076547804,196.48155800781169,574500
2019-08-19,202.48989868164062,204.1234025171341,201.96417265067905,203.55074791730524,329200
2019-08-20,201.5510711669922,202.9874347113805,200.97840231874235,202.44292873067099,275200
2019-08-21,203.7478790283203,205.23118559307602,203.25969873898012,205.23118559307602,298100
2019-08-22,202.08624267578125,203.56954956794303,200.58417008274228,203.07198632040956,376100
2019-08-23,197.6175079345703,203.25031101109013,196.77259320307593,200.55595812347502,591500
2019-08-26,200.89393615722656,201.31639354248045,199.31674377399636,200.7718875009462,296800
2019-08-27,200.9690399169922,202.47111219680332,200.0584022406559,202.13314342697788,359700
2019-08-28,202.54624938964844,202.72462381320213,199.3543327654046,200.133524734147,317500
2019-08-29,206.2920684814453,208.2917042073008,206.09491403384519,206.58309440293368,370300
2019-08-30,208.98634338378906,210.3006581242935,206.64872539001007,209.60595504357957,357600
2019-09-03,206.55491638183594,208.0194430567476,205.50344994667424,207.14635103134373,598700
2019-09-04,213.36122131347656,213.53019854940834,210.4603165053348,210.98605688647524,432700
2019-09-05,222.58021545410156,223.4626902491891,221.27528328316302,221.8855122260228,982300
2019-09-06,223.9602508544922,225.41539453260043,222.65531869830872,223.61289924438037,872100
2019-09-09,226.56072998046875,227.4901476472077,224.27005443211266,224.44842882193763,536700
2019-09-10,226.87994384765625,226.87994384765625,223.53781593640883,225.37787145241188,735500
2019-09-11,230.23147583007812,230.23147583007812,226.47627324203225,226.88933349375003,782500
2019-09-12,231.72412109375,233.01967032278452,229.6306000623784,230.10000029609137,828000
2019-09-13,233.75193786621094,235.85484178417934,233.16987182466593,235.038089946394,934000
2019-09-16,231.14205932617188,232.19351121993196,230.3722361004135,231.0200106867327,398900
2019-09-17,232.9164581298828,233.2168669032645,230.19392751975175,230.62578214238005,730000
2019-09-18,234.5029754638672,235.20707585349504,231.51759668782555,233.48908350876712,519400
2019-09-19,234.31521606445312,236.6809973627775,234.31521606445312,235.10380505557492,394700
2019-09-20,230.74783325195312,235.52634002295036,229.69638098130298,235.35734843661712,819500
2019-09-23,233.2731475830078,233.99602798938983,230.7947148003713,231.12330071007923,296100
2019-09-24,231.31109619140625,234.64384143033269,230.13759535551395,233.51728349286836,605600
2019-09-25,232.38128662109375,232.850686871098,226.4105148680417,227.81871561805437,518300
2019-09-26,232.86009216308594,234.36217883786,231.38618268499005,234.2870730716253,615100
2019-09-27,228.79507446289062,232.86946516471428,226.55134185751228,231.94944469251897,564500
2019-09-30,233.21682739257812,234.14624508003791,229.83715405855583,229.98735125731994,495000
2019-10-01,230.372314453125,234.8597808723298,229.7057596205822,233.92098012647168,655300
2019-10-02,225.58441162109375,228.61674816543268,223.70681024006186,228.58858529071415,710100
2019-10-03,229.39588928222656,229.89345236083682,223.9414467870623,226.1664135324076,531000
2019-10-04,230.98251342773438,231.28293652186676,229.23634358673422,229.50860380641188,518000
2019-10-07,232.27806091308594,234.16504510979183,232.05274359446494,232.26867806333726,515900
2019-10-08,227.2648162841797,230.5693979028574,226.7296931478637,229.11425432993434,576700
2019-10-09,231.19839477539062,232.77557268230828,229.85590266001734,230.53184014154155,431300
2019-10-10,236.09898376464844,238.68068558647462,233.17931313133016,233.89279647783061,835700
2019-10-11,244.08811950683594,246.39756061557787,241.9664213000725,242.586033041426,1034300
2019-10-14,245.62782287597656,245.96577736772488,243.2338639597338,243.91919876789862,731800
2019-10-15,251.1667022705078,252.90348898411932,246.9139370079457,247.31761436059222,1265400
2019-10-16,238.8965606689453,244.7452980070361,238.0140859206641,244.3322235014612,1720200
2019-10-17,238.2300262451172,241.43135393508962,237.7606259625626,240.51131906731158,1543900
2019-10-18,238.84963989257812,239.67578898021353,236.88755013440394,238.44596252245805,1640900
2019-10-21,244.49179077148438,245.02691389620296,241.3655979242888,242.00397534505012,790400
2019-10-22,239.66639709472656,244.34162003708718,239.4598741432207,242.97097919322349,797300
2019-10-23,241.8914031982422,242.16366343605011,238.0704772932133,239.25337539892865,917100
2019-10-24,248.75396728515625,249.23276470361466,244.69834228742204,244.8391566311106,642300
2019-10-25,247.833984375,248.50055349120385,245.85312867593976,246.38825194390398,550500
2019-10-28,250.1997833251953,251.9365416974813,249.60833430115255,251.02593252386305,683000
2019-10-29,248.40664672851562,252.78146100193,248.06866361151114,252.42471218672785,501900
2019-10-30,249.39231872558594,249.7396702870864,245.10199405264828,247.05471491447187,494700
2019-10-31,245.93760681152344,249.06380036224053,245.32739212053372,249.06380036224053,630600
2019-11-01,254.0394287109375,254.26473166977595,249.87115207291507,250.85688116775182,617600
2019-11-04,257.5752258300781,259.29126950134514,256.53805499720613,257.0283696314727,664600
2019-11-05,256.27398681640625,258.28231966325154,255.51969663864244,256.29286277416213,382700
2019-11-06,253.38882446289062,254.69943765985698,252.5119555210194,254.1525527379824,909500
2019-11-07,252.36114501953125,255.30291807458056,251.93686742947784,253.70945287403944,560900
2019-11-08,252.02171325683594,252.87973516062235,249.57022621377982,250.60739712903455,743400
2019-11-11,251.48419189453125,252.2101969334661,249.98502069507248,250.94674501897242,451700
2019-11-12,252.3045196533203,253.775405860084,251.3804895903718,252.8796897379676,336100
2019-11-13,254.50148010253906,255.03889835127146,252.0405551294257,252.71942800742235,422800
2019-11-14,254.32228088378906,255.01056283333648,252.83251877443,253.30395738067523,539200
2019-11-15,259.26300048828125,259.7815715498661,257.95238708726765,258.64069794977854,667900
2019-11-18,257.84869384765625,260.4510447815667,256.28351384931415,257.471548627723,430700
2019-11-19,256.038330078125,257.63179508411685,254.9540268923691,257.3583813731317,465200
2019-11-20,253.51138305664062,256.46259323712206,251.7482073320279,255.80256770067766,408800
2019-11-21,251.7764892578125,254.11483499541848,251.36162100155454,254.05826466723127,652100
2019-11-22,251.01280212402344,254.7937493977024,249.68334164544058,254.4542985987101,616000
2019-11-25,255.66119384765625,256.22692602613176,252.81371454091905,253.03055792106204,409800
2019-11-26,255.96286010742188,258.19747434070047,255.717702841551,258.0843336870145,445600
2019-11-27,255.9723663330078,256.1326393770186,254.65231495651952,255.70836181257707,383300
2019-11-29,255.1614990234375,257.81098244018386,254.9823500002977,257.81098244018386,267600
2019-12-02,250.4187774658203,254.77486596725723,248.84418849591762,254.6805724828383,764600
2019-12-03,249.71165466308594,249.86251850453723,246.19471149669522,248.10878029954497,929800
2019-12-04,254.35060119628906,254.96346571422987,252.82314450487772,253.59628205746478,447100
2019-12-05,258.19757080078125,259.46102319616614,255.89694740191985,257.2264081280573,639200
2019-12-06,264.0905456542969,265.8631598919569,262.6856674395785,264.75998059746877,724600
2019-12-09,261.6673583984375,266.3628987961545,261.58250287475045,266.00460073547265,427200
2019-12-10,263.1664733886719,264.2696525071345,261.3938882081859,262.01619068855814,380000
2019-12-11,267.8149108886719,268.1166097950897,262.5347915728331,262.5347915728331,465600
2019-12-12,270.8320617675781,270.8697849157396,265.23136840034243,265.60854233329485,856800
2019-12-13,273.3306884765625,275.1598437933064,270.7094622069327,272.04836050710117,723000
2019-12-16,276.2347412109375,277.158771248362,274.59414405047926,274.59414405047926,552800
2019-12-17,277.9979553222656,280.1194293666428,276.3196347847983,280.0157266694866,401100
2019-12-18,275.4710693359375,278.7711402922305,275.23534998191656,277.98853592325327,478500
2019-12-19,275.1505126953125,275.1599219035487,272.6236079586485,274.04733338470464,410100
2019-12-20,276.8192443847656,277.5452492882294,275.6123630219191,276.02723118799025,824600
2019-12-23,279.2236633300781,280.43054497569966,278.57307577059254,278.62020812010326,424900
2019-12-24,278.082763671875,278.3279209498809,274.66011485682355,277.1964568083614,219500
2019-12-26,279.4122314453125,279.61022760436265,277.4227743261838,278.18650257113484,191300
2019-12-27,279.7234191894531,281.44887197502635,279.2331045814957,280.45886232705783,317000
2019-12-30,278.0451354980469,279.7517413220193,276.8759479336316,279.48773679605495,338900
2019-12-31,279.03509521484375,279.55366619177147,276.6024558001603,278.12994111312275,298900
2020-01-02,285.53155517578125,285.99358467608704,283.4383661616602,284.06066870902976,573600
2020-01-03,280.9302978515625,283.57034273302696,280.6568553828044,281.0151533540741,410800
2020-01-06,278.6956787109375,278.82769535363474,275.7256207679198,276.4233695841284,617600
2020-01-07,281.7223815917969,284.0135670541407,280.4212060133779,281.6092408935584,477700
2020-01-08,284.6452331542969,285.8709620968664,282.8066109661118,283.48548375220605,536900
2020-01-09,284.1644287109375,286.5499076614665,283.11781971165414,285.95589022597295,579700
2020-01-10,279.26141357421875,283.3440887150544,278.67683420654885,282.9103444057289,447700
2020-01-13,284.2303466796875,284.3906196918848,280.5059701876327,281.61855839043716,405700
2020-01-14,285.2675476074219,288.42619267163434,281.4206204525682,282.06177018265464,609600
2020-01-15,282.93865966796875,285.64474218812956,282.6275227623332,284.37185184367365,505300
2020-01-16,283.8815002441406,285.6352670800602,282.4388990477497,285.26753110140504,547500
2020-01-17,282.9009704589844,283.85325715835336,282.17493637533187,283.7118312895696,743900
2020-01-21,281.3545837402344,284.04178983042596,280.4777147471785,281.08114126333567,573000
2020-01-22,279.3274841308594,284.42845531086186,279.1012027185929,283.3912842140733,1108600
2020-01-23,277.5076599121094,280.12885771247284,274.9053092993988,279.96855590726045,713000
2020-01-24,278.9313659667969,282.23143636261966,277.6679138967444,279.9308423304871,977800
2020-01-27,268.04119873046875,272.1332833860522,267.5603220260598,270.75669037410694,889100
2020-01-28,273.6041259765625,273.679572273628,268.87089232446766,269.879777933816,1636100
2020-01-29,279.2236633300781,281.25084352261763,276.93244990242846,279.15765502130057,965500
2020-01-30,277.564208984375,277.8659366096984,273.9435638034844,274.1792831155814,794100
2020-01-31,264.62799072265625,271.7844271734532,264.16598997618553,271.5487078090356,1272600
2020-02-03,271.6994323730469,272.3500197872736,267.13591127025535,267.42820083034894,823200
2020-02-04,282.13714599609375,282.1654311602265,277.42276014512066,278.06390971501435,795300
2020-02-05,288.8221740722656,289.79333651551224,285.73894696436486,289.79333651551224,1042000
2020-02-06,291.8677062988281,291.9242766444939,289.10508224624834,289.96310418796145,698000
2020-02-07,287.54931640625,288.1716189314345,285.88043379848295,287.266464701318,1775900
2020-02-10,291.9902648925781,292.0091408560597,286.6347281927125,286.672451345341,373000
2020-02-11,297.9586486816406,298.20377719985044,295.13001693447575,295.1583021009742,789900
2020-02-12,299.3070068359375,299.5615733774547,297.2421030095154,297.6004010286147,656100
2020-02-13,299.1278381347656,300.18385615880277,296.082333947242,296.95923174785594,742200
2020-02-14,298.2320556640625,300.98526983013414,296.54432614370086,299.24094120371745,661400
2020-02-18,291.5187683105469,292.4899306839701,289.35960022139597,289.84044803100977,757100
2020-02-19,299.25982666015625,299.486107994239,293.23482717122954,293.3762530050313,1093900
2020-02-20,295.56378173828125,298.4961166605352,292.70686434783266,297.8078345694304,1118400
2020-02-21,288.5205078125,293.07459336334193,287.32306377609183,292.48060472358287,1134600
2020-02-24,273.8115539550781,278.3656672911518,271.80322076240355,272.53866388337855,1347400
2020-02-25,268.33343505859375,279.0256596977383,268.1920092249404,278.6673617362631,1166700
2020-02-26,269.964599609375,275.6124246789517,269.27628891297525,272.91580977055327,861100
2020-02-27,261.39385986328125,270.4643340395838,260.1115318922034,262.93072554853285,1373900
2020-02-28,260.90362548828125,261.61078361469094,250.78656830868968,252.51202147642064,1647400
2020-03-02,271.06768798828125,271.06768798828125,259.7343172892725,263.64725091791263,1081300
2020-03-03,268.06011962890625,279.89325207392056,266.0989466660918,276.19715881502606,1916300
2020-03-04,284.3811950683594,284.7394930291516,273.4155567631666,275.6878944006321,1289500
2020-03-05,271.78436279296875,279.03509102684205,269.7006121619321,274.41499833353606,1453900
2020-03-06,271.6523742675781,271.77495292461185,265.221972732855,268.2108777611927,1148400
2020-03-09,248.83477783203125,260.58302216718346,248.78761669747874,250.2868170833576,1759600
2020-03-10,263.7793884277344,264.335682636166,249.86250891223207,262.11047702810504,1699200
2020-03-11,249.05165100097656,258.6595452636492,245.67613378513934,256.9435302589532,1175900
2020-03-12,226.99774169921875,240.3017428370148,223.98053679498045,231.40097757913597,2779800
2020-03-13,242.2723388671875,243.1303319069165,220.4824290408228,242.3760415607009,2637200
2020-03-16,216.25836181640625,234.0316066251245,197.64595669415996,208.04589330254888,1496800
2020-03-17,224.72540283203125,226.2717212391212,212.16628296706517,218.32327142354637,1642500
2020-03-18,185.7374267578125,213.36372344772343,180.32530522805803,201.17232540402767,3131900
2020-03-19,201.8040313720703,206.71642853289137,189.13175790669007,194.0535786613184,1634600
2020-03-20,203.75579833984375,223.7636565877778,203.27492169004736,212.28882673244308,2316700
2020-03-23,219.83184814453125,221.8590430769972,209.95049755631473,212.45855475734706,1731500
2020-03-24,245.34609985351562,245.64782750233724,236.47363518945212,239.80199098449728,1427600
2020-03-25,247.09983825683594,256.7831768810772,237.55791107259452,245.77981591275338,1211300
2020-03-26,260.139892578125,261.30908022706984,246.66616524918854,247.87307605437996,1018600
2020-03-27,238.18971252441406,248.64622068163098,237.42598404149084,247.23190441335268,1518300
2020-03-30,252.719482421875,254.69953114022852,245.7987642786137,248.5142563752882,1142400
2020-03-31,246.6945037841797,253.2474856990162,244.20529316188873,252.80433208554805,881800
2020-04-01,234.78585815429688,242.96060216135368,233.24897802457807,238.67052219617213,715700
2020-04-02,233.15469360351562,237.56736677333657,228.41202201664075,229.93947861261137,788600
2020-04-03,230.63720703125,233.83356036559962,228.62887386453968,232.00437618014809,571700
2020-04-06,255.6424560546875,257.1981986304855,244.6013653526479,245.14822180210948,807600
2020-04-07,257.0188903808594,265.2124954834056,255.5197190981109,264.4393292799267,768200
2020-04-08,262.6667785644531,265.26912944709665,258.7349958432438,262.1482074940528,891700
2020-04-09,260.99786376953125,268.8426098311626,259.40439882656455,266.0988334283204,728900
2020-04-13,258.4426574707031,260.3755443047051,256.47204749025497,259.1498154013375,789400
2020-04-14,272.42559814453125,277.92259026426507,268.76722872010805,270.59641343231965,1700600
2020-04-15,266.3534240722656,268.2863399818593,259.33841400507555,261.1016188907052,1487600
2020-04-16,275.6973571777344,275.8387830385987,269.8232491532611,273.2741552556941,1212000
2020-04-17,278.76165771484375,284.2114871569871,276.8381800369312,284.04177615508235,899100
2020-04-20,274.92413330078125,280.9868558295791,274.79214544967806,274.99014161349777,510100
2020-04-21,265.033447265625,271.12442818615466,262.65740619669236,269.72898782673644,663700
2020-04-22,278.12054443359375,278.5919831278383,271.76556004296447,273.43444266182973,596100
2020-04-23,272.8687744140625,280.1855138710255,271.8410412727052,274.32081398939965,730500
2020-04-24,276.5625915527344,277.15013081572454,270.99988225180743,274.7146886049453,464200
2020-04-27,275.67181396484375,279.32976377201265,275.0842746654609,278.4105406655505,689100
2020-04-28,276.1646423339844,282.01163651790523,275.8519011103848,282.01163651790523,532000
2020-04-29,287.811279296875,288.8063308978966,279.88892525310877,280.78917698351836,968000
2020-04-30,273.33111572265625,285.7453561802097,272.0328377923982,285.58424270009147,846300
2020-05-01,264.45159912109375,269.00031430319643,263.6366327933109,269.00031430319643,862800
2020-05-04,268.3559265136719,268.403326437454,261.5138819938461,264.96334710003094,1036900
2020-05-05,273.25537109375,277.66194567627787,269.4457927841817,269.4457927841817,821600
2020-05-06,276.6195373535156,280.29643073499886,275.5676578028525,278.5053839833185,552400
2020-05-07,283.906982421875,284.4092366892296,279.130809536064,282.34336282879264,570800
2020-05-08,288.46514892578125,288.56940564296974,283.7648049624161,284.503972073268,680600
2020-05-11,288.4556884765625,289.7918518017917,282.7318646341738,282.9687775375174,513600
2020-05-12,281.1018981933594,289.88661809721475,280.7323001884566,289.393849677376,481700
2020-05-13,278.8275146484375,285.68850233749936,275.52967697710557,282.86449042193203,1142300
2020-05-14,286.7120056152344,287.85868497605514,268.4791964574633,271.1894953139082,1296800
2020-05-15,277.2259826660156,280.7133333050669,274.91371065272466,277.4249813868233,957200
2020-05-18,288.9294738769531,290.51203565475134,282.0779432592216,282.1063716468459,997000
2020-05-19,290.2182922363281,295.65780297354775,287.8302206999945,287.9155058705746,687400
2020-05-20,308.59326171875,309.1808010470145,300.9267353017903,301.58061717873755,1084900
2020-05-21,302.2913513183594,307.47500632742253,300.6898179242593,305.71238836896225,639200
2020-05-22,302.6419982910156,302.7746833954018,297.86585509367984,299.4294744351897,365400
2020-05-26,303.1158752441406,308.3469314193623,302.66102091240754,305.57977558116164,540400
2020-05-27,301.8554992675781,302.8694935422455,294.8239108257222,302.2914109583562,808100
2020-05-28,303.22003173828125,311.8531224558411,302.6893492466653,304.44251019076614,797900
2020-05-29,312.2607727050781,312.7061702347419,307.2666289090536,308.41330847863793,649500
2020-06-01,309.6261901855469,310.03367339655625,306.5652653781343,306.92537758136274,526100
2020-06-02,317.2074279785156,317.4822261179264,311.5594036646188,314.32655903961796,717200
2020-06-03,328.1717224121094,329.271001687933,321.1117356689734,322.6848407229953,693900
2020-06-04,334.6252136230469,334.890583811302,328.8350767299633,329.6405863042298,884600
2020-06-05,338.5201721191406,345.0968778269507,337.5156635396803,340.20699114125676,899200
2020-06-08,330.9673156738281,333.16587428926204,325.1487210671242,332.5972775549214,1001700
2020-06-09,331.0430908203125,334.65366969681895,327.1103428193234,328.4749633137433,737200
2020-06-10,329.70697021484375,334.9190542174741,329.5079425486833,332.6352103022812,997900
2020-06-11,315.4637451171875,326.769221410002,315.3784310262338,323.7177821968502,919300
2020-06-12,325.1108093261719,329.0909283020717,319.59547061667973,328.1338199459779,845000
2020-06-15,331.6875915527344,331.6875915527344,319.0080067673859,319.84194491769813,598200
2020-06-16,333.6207580566406,336.41634204446024,328.87304286693194,332.86264829046945,863900
2020-06-17,343.4383850097656,346.60353756248924,341.54308200190513,342.4623051175186,710400
2020-06-18,340.0932312011719,342.8603578436593,337.8567582528276,340.7565700088759,494700
2020-06-19,341.78948974609375,348.8684478257024,340.766009899387,345.63695264087136,786900
2020-06-22,345.219970703125,345.82645262061766,340.98396736990765,343.40995287993525,554500
2020-06-23,347.44696044921875,352.33681674814477,347.3616463644443,351.20910914757036,604100
2020-06-24,342.6518859863281,348.31885351434084,340.7092115862081,346.4519785247474,613500
2020-06-25,347.3616943359375,347.72180658350425,339.80890966787035,343.49528840002864,465100
2020-06-26,342.8224182128906,348.92529622776624,342.10219381361065,348.1955860590129,493000
2020-06-29,345.7127380371094,345.98756506704296,339.36346148088563,343.9311486072423,612800
2020-06-30,348.7641906738281,349.5981286456269,343.2299092210165,343.2583376100538,678600
2020-07-01,348.3471984863281,350.8110980788908,346.14864014711674,348.7641674444554,516600
2020-07-02,353.6825866699219,356.203343790894,352.91499106737444,354.004784793951,449400
2020-07-06,365.2818298339844,369.10086517089,363.4244405301885,366.0589111978301,752900
2020-07-07,362.0218200683594,368.26684005971276,361.87967812561806,365.2248868049325,410900
2020-07-08,371.4130554199219,371.6215399123171,366.6369125541894,368.4753299070913,599300
2020-07-09,374.0570983886719,374.96683596734516,365.88834496424937,374.7488945745588,644200
2020-07-10,375.1278991699219,378.2930521070182,371.4320636397814,378.18879539051005,667200
2020-07-13,368.2763977050781,381.7804343816132,367.56565893262893,377.0326901272413,1083600
2020-07-14,376.0566101074219,376.7389204859031,365.23444392544167,366.39058015231166,880100
2020-07-15,355.7768249511719,367.3950425506679,353.00969853891365,366.90227414136973,1640300
2020-07-16,365.0543518066406,373.242046621333,353.30347770887033,354.5164706043815,2240900
2020-07-17,363.5096435546875,366.78850972050327,360.2118058496285,365.2533188833303,1048700
2020-07-20,370.9866638183594,371.9248296606924,362.07871552133645,363.8129341681103,972600
2020-07-21,363.7276306152344,371.75424052750014,363.10217711193735,371.6120985767578,823700
2020-07-22,372.04803466796875,373.8959379892139,369.3472217461138,372.06697728930334,710100
2020-07-23,364.11614990234375,373.57369345822997,361.8986488405419,369.63145970835035,990800
2020-07-24,348.4324951171875,355.5209387186551,347.5701287854025,351.5881907941624,1628900
2020-07-27,361.7944030761719,363.69919192225274,356.56337699682257,358.2027956489942,1080300
2020-07-28,356.6580810546875,361.75645041448104,356.49699650556414,361.1594253817877,502000
2020-07-29,345.53271484375,346.9921063761272,342.75610265217335,345.892827071742,1446700
2020-07-30,343.74169921875,343.8269843982858,336.2836563145156,337.22185112947676,1010400
2020-07-31,335.20330810546875,343.2014895173601,332.37929606950655,343.00249078906324,954900
2020-08-03,347.4186096191406,347.93034968448364,340.98407477322763,342.12123957172173,862400
2020-08-04,350.9438171386719,352.4032087536568,348.9253434496745,349.1432848168252,833400
2020-08-05,349.21917724609375,353.67312339454827,347.51338663856893,351.58830676762426,591300
2020-08-06,349.90142822265625,350.21414054152115,345.1157700506927,348.783177299365,402100
2020-08-07,346.90679931640625,351.73982785867025,343.362562961397,351.3323157253203,572500
2020-08-10,346.28131103515625,347.5795888615349,340.71860179189963,345.66534339227917,547900
2020-08-11,342.3959045410156,350.03397205456554,341.779936951863,346.8783058061235,627000
2020-08-12,355.1892395019531,356.3453754337468,346.49929185562564,347.39954338577564,565400
2020-08-13,355.1419677734375,358.3450352136283,353.47409149214633,356.8666719242795,470700
2020-08-14,351.6734924316406,354.5638180618913,350.31835766965577,351.6545208920132,543900
2020-08-17,358.69561767578125,360.581435112234,356.55391579757696,356.94245642539477,428200
2020-08-18,357.4731750488281,363.87930978839404,357.2552047468485,363.5286543669395,466500
2020-08-19,355.3125,360.51509812889987,354.3837910030609,360.47721288659955,354400
2020-08-20,352.6875,353.8341503101162,349.09589242695546,350.19517172625245,498200
2020-08-21,352.6401672363281,352.64965300831113,346.4046313992232,346.98268508945546,605400
2020-08-24,358.2027893066406,360.8656877680761,354.92392314032327,360.34449099933664,590700
2020-08-25,360.8941345214844,360.8941345214844,356.5728456777644,359.4442287768156,378200
2020-08-26,365.7177429199219,366.4284816679689,360.1834317521656,360.192917523217,417600
2020-08-27,356.5254821777344,366.5516232703717,353.70147002966064,366.47582386802145,636100
2020-08-28,359.6053161621094,360.0033425172544,355.179770928601,356.43067785045247,490200
2020-08-31,354.5922546386719,358.62925954845764,353.7678024066803,356.24118802268566,533300
2020-09-01,366.64642333984375,366.64642333984375,362.3156482907493,364.0024670973505,634500
2020-09-02,377.6296691894531,380.1504258648574,370.0484565428349,374.94782794052566,904300
2020-09-03,356.4686279296875,368.930240636854,350.7068900290454,368.73124189924266,1258500
2020-09-04,348.1861267089844,351.5787063527508,334.38829426833684,346.3666231049338,1206300
2020-09-08,329.16680908203125,334.89063319207787,325.2814315015026,327.2904483885964,1541000
2020-09-09,340.55755615234375,342.61397288108594,335.00433157173876,339.2308496757514,847300
2020-09-10,338.3116760253906,347.6081374143341,336.4448009140513,345.20109386264977,678600
2020-09-11,340.4249267578125,347.9303119418351,338.87076410574684,344.9452149045526,678700
2020-09-14,348.6789245605469,350.61214188081084,346.2339672896184,350.4131142266445,575700
2020-09-15,350.86798095703125,355.1418986357925,349.7781874754043,354.9428709909511,717100
2020-09-16,343.4100036621094,353.4551167637659,343.3910321206136,352.52640775148836,973900
2020-09-17,347.5417175292969,348.38514128394803,336.54898276956095,336.8996092131692,901000
2020-09-18,347.1626892089844,351.4934640308447,341.08823888572556,350.90592465668163,912200
2020-09-21,343.6374206542969,343.99753289169166,334.1135335843992,336.7100897297775,657900
2020-09-22,345.5516662597656,345.98757786403854,339.95104227171487,344.93566963195343,971200
2020-09-23,338.84228515625,347.390091707166,338.2452600538634,346.09181371373734,709800
2020-09-24,341.3061828613281,344.55662070981145,335.1653904575218,336.08461361012826,768400
2020-09-25,341.60943603515625,342.2064322098831,332.7109742324122,334.350421800551,724100
2020-09-28,351.63568115234375,352.04316449313416,345.27694555336495,346.7457943027436,821900
2020-09-29,354.4217224121094,356.20331216801736,350.22363248049595,350.6974583125977,608800
2020-09-30,349.9392395019531,353.71090267307943,348.26190685159196,349.47489954722636,867800
2020-10-01,362.012451171875,362.6189332482626,354.8197779213727,355.87165747324764,891600
2020-10-02,350.631103515625,356.05167200245165,350.631103515625,352.90546164631445,711600
2020-10-05,362.1070861816406,362.38191320316645,355.2840130087941,355.51144010521404,649900
2020-10-06,350.7353515625,357.62479782733703,349.26650301747065,354.6112724071923,686600
2020-10-07,356.12744140625,356.8192374499016,352.1757506325934,354.82916340818946,550900
2020-10-08,360.9510192871094,361.00787606753494,356.7339582453528,357.0466705376934,686700
2020-10-09,368.62701416015625,369.56520897984603,365.575574623461,365.60400301678294,539300
2020-10-12,378.15087890625,380.0082678284515,374.7298418058377,374.7298418058377,840300
2020-10-13,383.94097900390625,387.6936706465433,377.4306181726558,380.49154276593384,1027900
2020-10-14,377.19378662109375,384.7465714589991,374.79622909368015,381.56247578371307,954800
2020-10-15,366.3337097167969,367.6130452437934,360.7899417131675,363.70869610569247,786200
2020-10-16,366.64642333984375,371.8395648743402,365.67034328186725,370.3043738045163,594500
2020-10-19,365.1396179199219,371.7352646374631,363.69919796920357,371.65946523796435,392700
2020-10-20,364.8079528808594,368.89232897492826,364.1446141109829,366.5705999003128,356800
2020-10-21,362.9505615234375,368.9112981640814,362.93161890271557,365.46183247059855,359100
2020-10-22,355.8431701660156,362.08819064073583,355.74839922350975,361.15002482599976,611700
2020-10-23,358.7430114746094,359.69066313825107,354.5544073165318,359.0083527836277,467600
2020-10-26,348.2524719238281,355.25563102274754,344.9451771446262,352.09993504760797,900400
2020-10-27,347.1910705566406,351.1427899810099,345.38105274663207,349.1242876871253,968700
2020-10-28,343.8648376464844,345.95916845589096,338.6717255088456,340.6523138360876,953100
2020-10-29,351.446044921875,354.2321428318811,343.25835045249244,344.31971557629845,808800
2020-10-30,342.30120849609375,346.6793540326798,340.21639243678294,344.7651083116704,821100
2020-11-02,347.4345703125,350.39321616677927,344.11444412251313,346.7401192940977,893200
2020-11-03,353.9512023925781,358.07047015957113,349.9556119488404,350.52641473112226,813500
2020-11-04,364.3587341308594,366.22332944542745,354.1985549875839,355.4733314090299,2451500
2020-11-05,378.8094482421875,380.2269182316629,374.3096545735253,377.8676424405616,1115500
2020-11-06,386.46759033203125,387.6662732525261,378.8094093076668,382.5291063582034,710700
2020-11-09,386.55322265625,400.1762511369535,386.5437291149912,396.74196984464686,1273700
2020-11-10,379.8653564453125,390.14921244657353,378.6096252269733,389.2074067747606,1323100
2020-11-11,397.7028503417969,398.2641596805125,387.4570532984817,387.5712080683084,933300
2020-11-12,392.6321716308594,400.6803999870363,391.95673674516894,398.60651150113847,800800
2020-11-13,399.1678161621094,400.87070185534355,396.1140606145373,399.14880004875045,582700
2020-11-16,405.7511291503906,405.8843000440598,399.20598440385726,399.51041649258946,547300
2020-11-17,405.7225341796875,406.64532386099256,401.69840471811705,404.2384642432724,524600
2020-11-18,403.182373046875,406.55957630045964,400.52815943123903,403.47728244503116,543600
2020-11-19,402.7543029785156,402.77334812362506,396.58019209504965,396.99877883618973,914100
2020-11-20,402.97314453125,407.5490312569318,402.9065445836012,403.4012538721518,484000
2020-11-23,406.3598327636719,408.7286597115823,401.4129435680878,407.1589449637532,596000
2020-11-24,403.6199951171875,406.7974277438148,402.43083489619386,404.71404574628724,610400
2020-11-25,402.8685302734375,404.0101068462232,400.2713934897421,402.659236880258,308200
2020-11-27,416.4628601074219,417.3666333463518,407.9104304313239,408.43364923350816,432500
2020-11-30,416.4249267578125,419.8116530168939,412.5625363720934,419.09815682693744,508500
2020-12-01,427.3746643066406,429.7434912279201,422.8463618904214,425.3388370886086,685100
2020-12-02,429.04901123046875,430.1049715798439,422.6370685569397,425.3959144856781,1050700
2020-12-03,430.8565979003906,436.8689999562865,430.29531766558597,434.7665724611306,677900
2020-12-04,441.787353515625,441.8919856908648,431.39883593251966,431.90303875920904,660800
2020-12-07,446.8674621582031,448.0851612463856,441.5114790720087,441.9490819701365,632900
2020-12-08,445.7638854980469,447.93291274883916,442.31055930207515,443.24287143957423,738800
2020-12-09,430.84710693359375,443.28094630450937,428.59243437498174,441.22607360101597,868800
2020-12-10,435.51812744140625,436.545578365643,427.2606039438938,429.1823058816468,539300
2020-12-11,430.5997009277344,434.8996940711135,429.8481434978159,431.72226127019303,512100
2020-12-14,430.9422607421875,434.5858649254157,430.1621934858955,430.32390306263994,546100
2020-12-15,446.4582824707031,446.7627144418622,439.4089665335357,441.9014416039105,639200
2020-12-16,448.579833984375,449.25526895112955,442.37718389444547,445.2121236594852,524900
2020-12-17,454.0689697265625,457.8933279363245,452.8417771666918,455.4293912113739,477300
2020-12-18,454.0118408203125,456.1142969526375,451.2339788570834,455.2010010177777,730700
2020-12-21,449.27435302734375,449.2933691434649,437.1163774110971,437.85841239115956,622800
2020-12-22,453.0034484863281,455.32469158195033,449.93067702723096,450.43487980434867,431300
2020-12-23,451.51947021484375,457.00865353767455,451.1199285540542,455.6292157763932,389200
2020-12-24,459.5771789550781,461.013693959614,453.85968665650745,455.6386949413285,271900
2020-12-28,456.8658447265625,464.933118300903,455.143943009972,463.4300325215566,449300
2020-12-29,460.452392578125,465.62762054704507,459.0254002124059,465.62762054704507,377200
2020-12-30,466.065185546875,468.6813380048229,464.2481452649415,464.37182257174703,381900
2020-12-31,463.9819030761719,466.64561106747857,459.9197411313693,466.1509307354472,312700
2021-01-04,475.6641845703125,480.1829943237305,466.8263358919695,475.654661996305,1527600
2021-01-05,480.76324462890625,480.76324462890625,469.8515371513213,470.10838533477363,1029900
2021-01-06,466.3601989746094,475.51197333268277,465.9035509012208,467.9108688770718,977900
2021-01-07,477.0245056152344,478.7273912695843,471.40215231311583,471.83026162790645,936200
2021-01-08,483.978759765625,489.2491558146689,477.29092284368284,487.6414086328209,734500
2021-01-11,483.22723388671875,484.1405009489178,475.1218979839632,476.1398262585865,703000
2021-01-12,488.9161682128906,489.73429665216696,478.9938205659252,482.4186084062104,651700
2021-01-13,489.039794921875,490.51434208758485,484.5875857064729,486.3285036192863,513700
2021-01-14,518.1409912109375,519.8058157661087,504.09937595814915,504.3561951199629,1450300
2021-01-15,501.82568359375,510.72058006767975,499.7898270745978,506.401570442898,869200
2021-01-19,522.7549438476562,523.6872270777076,504.78433684706414,507.0580256065528,1504000
2021-01-20,522.640869140625,530.9935033874987,516.7235755280353,528.529595026543,1121900
2021-01-21,542.9611206054688,545.8721829664254,538.080801637913,540.3544902771938,1272100
2021-01-22,541.7339477539062,542.9326307812275,535.3980683422006,536.0640098089875,901600
2021-01-25,539.9835205078125,540.5638169192488,527.1501091754483,534.7893044000034,966500
2021-01-26,522.279296875,536.216281301554,521.7465552881985,535.7691267555094,887700
2021-01-27,499.0954284667969,513.2607224295369,497.0690943080003,508.93213171173164,1506800
2021-01-28,520.585693359375,526.8835382967915,511.22465812044186,515.7244210927921,968600
2021-01-29,508.1614685058594,517.0468998398821,502.5866989398382,514.6305470069483,867300
2021-02-01,527.406982421875,528.434375320198,518.0268980343718,520.7572059842386,849600
2021-02-02,526.560302734375,529.690152465301,522.7074340833611,526.8267025741889,721600
2021-02-03,516.4855346679688,524.8667332543915,515.5722968153035,524.4576691221416,635400
2021-02-04,528.4056396484375,528.9193358778782,517.7888444554815,520.3383965905002,554500
2021-02-05,525.90380859375,529.0717481714807,524.2009517965927,527.9491877166288,461700
2021-02-08,536.5492553710938,539.3366408115781,530.8127168443133,530.8127168443133,716900
2021-02-09,537.9762573242188,544.0932925043053,537.9762573242188,538.9656180436702,483300
2021-02-10,539.298583984375,545.1682640998708,532.4585302961842,543.6175941242609,458600
2021-02-11,562.7200927734375,562.9864344474701,545.9006189615043,546.6616698273305,975400
2021-02-12,568.8848266601562,572.1859662045886,560.4751166223692,563.1578114534575,732400
2021-02-16,573.7840576171875,579.0829622261125,570.0072547781522,576.1053005581686,621600
2021-02-17,558.9814453125,569.3508879521103,553.1593213184707,569.2272106397808,825100
2021-02-18,554.1297607421875,560.7700726125071,548.0127259556232,555.918262820952,716800
2021-02-19,565.4696655273438,571.5105780832046,560.7035006045725,563.0342669678706,821500
2021-02-22,550.3433227539062,561.3977509702885,548.4406664954658,559.019430647238,753400
2021-02-23,548.0317993164062,550.9904169260628,532.8676211644351,543.8934856284163,1004800
2021-02-24,566.0498046875,566.9535780953669,538.023654858054,545.4345387380966,1023000
2021-02-25,532.5250244140625,557.8588999443054,532.4203341792708,554.2723739195612,1288900
2021-02-26,539.4888305664062,545.57729729205,533.4098283502972,544.483304505895,946500
2021-03-01,555.1476440429688,555.9182176797442,541.1726283340739,544.5118001149254,679500
2021-03-02,535.7310180664062,551.6467215071392,535.5978181725957,550.8476382732157,696100
2021-03-03,517.1420288085938,538.4042506652457,514.8588757795744,537.1104581423543,1006900
2021-03-04,485.6531066894531,514.9825750126099,477.6524320454314,511.6719129797396,1702500
2021-03-05,501.3880310058594,505.0125893955103,483.5886871858515,502.27275933008457,1370100
2021-03-08,477.7475891113281,503.4144095588737,476.72013822946377,500.81730172931566,1180700
2021-03-09,513.260498046875,516.7709006682937,499.3996422026889,501.9587168298418,1240500
2021-03-10,497.8586120605469,515.4486615025583,495.7466332252849,513.7933596952932,876500
2021-03-11,517.9031372070312,521.7940373437261,513.72679213567,520.3670449282745,1009700
2021-03-12,511.46270751953125,512.8421453533743,502.872183941579,508.12353544609414,714900
2021-03-15,520.5573120117188,521.1376083138426,509.92146905104886,512.4519766699062,582400
2021-03-16,522.640869140625,528.6817820420038,519.3873418467232,519.7868835687324,651600
2021-03-17,532.3348999023438,538.4994900502259,516.4381796390186,521.5372865036737,841400
2021-03-18,512.94677734375,525.5899112468792,512.7850677690669,521.3089333214813,790000
2021-03-19,520.7761840820312,529.9755716509208,514.9635814085442,518.1790760927026,1404600
2021-03-22,547.9556274414062,549.8582842122937,536.3874998227805,540.0120586487419,1216800
2021-03-23,531.6690063476562,543.47502670785,528.4630336330613,541.8006790931498,866300
2021-03-24,550.4195556640625,565.5361185404239,549.8677689803898,558.6009559905768,2121400
2021-03-25,555.5757446289062,557.3262143041875,541.3914647793002,543.1228312428799,1088900
2021-03-26,595.2176513671875,596.7683213762425,560.0375440846962,560.0375440846962,1933600
2021-03-29,578.4075927734375,586.8363473773934,572.1668815950397,584.8385812202469,1214900
2021-03-30,572.0242309570312,576.7523632838819,566.535105589916,570.7209156982354,1071600
2021-03-31,587.3121337890625,590.7179059899286,575.7440050735847,576.6572432489359,1579600
2021-04-01,606.09130859375,608.3649974359093,589.5857838567897,589.633338664536,1908300
2021-04-05,609.3162841796875,621.2174111007389,606.9760536054108,619.9331410570247,1529800
2021-04-06,597.4341430664062,604.8069370294072,588.2823699149095,602.5808033683414,1281900
2021-04-07,596.0642700195312,600.6687246379577,591.9069699051528,596.6350437858981,820600
2021-04-08,608.7359008789062,610.3626930244716,601.9529260828666,605.0067105462894,865900
2021-04-09,603.4465942382812,607.6229395492715,597.9574111845903,603.4656393855438,631100
2021-04-12,599.745849609375,600.8399003006436,590.4133219872787,600.820855155397,739500
2021-04-13,598.49951171875,605.7486269786878,593.3623169066797,604.6926667547541,710500
2021-04-14,600.2786254882812,609.8870760090882,596.5208671482196,604.7308348960244,718000
2021-04-15,610.83837890625,611.6089524627846,596.9775193969318,602.9328435060733,980400
2021-04-16,614.2633056640625,616.403794803616,607.4042062292121,609.0975988416781,605200
2021-04-19,599.4414672851562,608.1461445446356,592.1543179812759,606.6049973280908,1138900
2021-04-20,586.9124755859375,597.2343642720166,582.954975461183,595.5600752613898,988000
2021-04-21,623.5861206054688,623.9191203184615,604.9781430950042,606.680999691855,2160900
2021-04-22,615.5950317382812,633.4609463379802,609.3067077858979,631.8436766767115,1233400
2021-04-23,638.2556762695312,638.6077211775311,626.326039691416,627.1346455612504,1109600
2021-04-26,637.8084716796875,642.7649124345601,634.4978681712959,634.4978681712959,801000
2021-04-27,640.063232421875,641.9944568661963,629.579575300074,637.7039566665634,678200
2021-04-28,632.9567260742188,638.208018220681,629.0943359295851,632.1100300461809,571300
2021-04-29,630.23583984375,634.1838748019054,622.2256732616631,633.8603976899267,504300
2021-04-30,616.5557861328125,628.8754979944232,614.2726332806099,622.4255229612036,575200
2021-05-03,624.37939453125,627.8618144374013,617.9679963895948,627.5088090283667,672000
2021-05-04,600.1168823242188,609.8771112354173,587.6279377995062,606.4805855820864,1505800
2021-05-05,612.4056396484375,622.0418363862825,606.6239099592316,612.5201247327786,948200
2021-05-06,614.7526245117188,615.0388371872668,601.0042836326047,609.018587942875,618200
2021-05-07,628.3292236328125,630.9242963831529,617.9679164236738,621.8510336530729,573700
2021-05-10,598.4570922851562,618.8553567305355,597.7510813852283,618.5309434409035,882700
2021-05-11,601.7007446289062,604.5629878514883,586.3877550345898,587.8284267738206,891200
2021-05-12,574.2421875,591.2534653855776,572.6965811793278,586.7597236117869,1107700
2021-05-13,594.4783935546875,599.8784667343278,583.7163312416415,593.0949643705922,1436100
2021-05-14,618.0155639648438,621.2403626439273,596.6918170851654,601.2046601497927,1331000
2021-05-17,606.17529296875,606.8718116427322,594.678629458318,602.8742102339702,929400
2021-05-18,603.1604614257812,614.1991854318957,602.6070781482952,611.9475682786515,644700
2021-05-19,601.8154296875,602.0061993612841,578.7838931556506,580.0909798765778,1049600
2021-05-20,618.9791870117188,622.2993704611943,602.7407087602292,603.6375472845973,1086900
2021-05-21,609.8674926757812,617.6337242572603,606.9671080471749,616.2026030768512,847500
2021-05-24,628.69189453125,631.8499013564359,616.1075596497839,617.7676518216487,794000
2021-05-25,641.4190673828125,648.2407695371256,636.6391706903732,640.3505013666305,1088800
2021-05-26,635.1986083984375,638.7954546369098,629.5599563468359,636.5819794418935,597100
2021-05-27,634.5498046875,637.1925696542204,628.6726326840796,630.6475874875595,652600
2021-05-28,644.4533081054688,644.939898916132,636.3150243878713,638.3090800520099,610700
2021-06-01,640.9515991210938,656.4936157578552,637.8222437465548,653.2974094934603,1292000
2021-06-02,643.1365966796875,647.5634890185607,638.0608779054908,639.7305199404572,596800
2021-06-03,635.3131103515625,639.6255175474106,629.7984933581547,636.7060315604571,612100
2021-06-04,651.9236450195312,652.6106137356675,642.1825136441582,643.8235052878575,531000
2021-06-07,650.6642456054688,652.9826558176384,645.4167992678646,648.9469111778421,594300
2021-06-08,649.4714965820312,660.3384924130627,645.4834452595786,658.9550634101057,562800
2021-06-09,651.2462768554688,656.4650727867971,649.5479844593377,653.5455868013347,440700
2021-06-10,667.7994995117188,672.417277464731,655.0338902694401,657.7053055911268,800100
2021-06-11,665.023193359375,666.8454626826752,659.6039613341625,666.1394519685957,445100
2021-06-14,676.7584838867188,677.0446966213595,663.6016658981547,667.3893988228155,636600
2021-06-15,669.5548706054688,678.3228175008777,664.8703011355411,675.107569773053,510700
2021-06-16,666.9503784179688,677.3689276797184,661.8460678480862,673.6289460890241,590900
2021-06-17,666.7406005859375,672.1788752297335,659.3655130985235,659.6135835348979,746700
2021-06-18,640.2551879882812,655.644520242416,637.8699853231332,653.8794353307142,1669900
2021-06-21,649.395263671875,650.6355573401399,641.524095328195,647.343966204468,565500
2021-06-22,654.3184204101562,655.9976126264403,645.2069566667341,649.2427014772956,542200
2021-06-23,650.3494262695312,657.5813193154556,648.3458209548431,655.0053468476281,523400
2021-06-24,663.0863647460938,665.910465766838,658.9551772764636,659.9092583768178,469400
2021-06-25,654.7000732421875,663.6207090605461,654.471044841681,662.0655520648866,431200
2021-06-28,671.778076171875,673.3904756725677,666.5878722967893,666.8359427172794,623900
2021-06-29,671.3677368164062,672.8847512868251,666.1393913704701,667.8090331844446,400000
2021-06-30,659.1174926757812,664.5843594073377,655.0626475090606,662.7047891315127,767500
2021-07-01,648.1168823242188,659.918861830675,643.5564045769048,655.6827390734976,997500
2021-07-02,655.9689331054688,658.1919584907381,652.3052940985575,656.8753218447409,449700
2021-07-06,654.3756713867188,661.7030080529054,645.6267630423423,657.7817482763223,788700
2021-07-07,658.4876708984375,663.7732591026261,652.9444621689993,662.1704098807692,442900
2021-07-08,642.7550048828125,644.5772744628721,634.3018589146853,640.1694237105304,849400
2021-07-09,659.6135864257812,661.1782936216954,647.7543637026886,652.5629121471474,583600
2021-07-12,675.3080444335938,675.9759127545279,667.0647709333053,667.8566744380909,618500
2021-07-13,673.98193359375,678.0272280159296,671.2914179867372,673.819756116843,623300
2021-07-14,683.6087036132812,689.8102311745498,680.1453843320041,686.9193372982388,852000
2021-07-15,671.615966796875,680.517561288301,664.8420131206445,679.8496927575109,729400
2021-07-16,655.8544921875,674.5258685437626,655.3297591660074,670.6046087278411,578300
2021-07-19,652.5914306640625,652.8967435844352,640.7513105925826,642.9074848253955,855300
2021-07-20,652.63916015625,657.0374600201,642.0297830584767,645.7793147668499,805600
2021-07-21,687.8925170898438,687.9784100166316,668.5151310389844,673.5240571342987,1281300
2021-07-22,696.4029541015625,706.0773517357402,690.9456374253579,699.3415405908634,946000
2021-07-23,713.7861938476562,722.0294679005676,708.9680963055615,713.4522305485601,1069800
2021-07-26,719.4629516601562,724.1474636485552,714.0151283019526,723.3842105112323,691800
2021-07-27,711.363037109375,717.6123165892034,699.3988778458157,716.677277260421,881200
2021-07-28,724.9680786132812,726.0938873667756,711.1721026443238,715.5608525804877,716500
2021-07-29,730.549560546875,732.6294506431082,724.9681504045433,726.6568928182612,634000
2021-07-30,731.5321655273438,733.4021855294309,722.039046517589,725.8363290609858,488200
2021-08-02,734.3084716796875,740.2142354531675,733.1253623135477,735.4151800275482,499900
2021-08-03,743.7349243164062,744.6126626899678,732.2668499890844,735.1481937643001,533700
2021-08-04,758.9524536132812,761.9005899853707,751.6251173783938,755.6418199785403,629700
2021-08-05,758.2560424804688,768.6460008445815,754.0294697034252,768.5219656285456,723700
2021-08-06,747.312744140625,751.0431759796427,744.0879450525507,748.4766952434534,556900
2021-08-09,752.4646606445312,755.8707370946297,749.5260746073407,753.9339245468826,477100
2021-08-10,753.0465698242188,760.440697557506,747.8373248447821,759.0573266966192,589500
2021-08-11,752.9797973632812,756.9106647537164,745.53797702699,754.8116748556639,421300
2021-08-12,745.2041015625,752.4837447190623,742.7807566304119,752.4837447190623,764600
2021-08-13,752.7318115234375,753.3328872478098,740.8820828707989,743.3627285579272,454700
2021-08-16,751.1957397460938,754.6495087106629,743.9351964643471,751.6537382776455,426000
2021-08-17,740.9012451171875,747.4176355853368,735.0241309379611,745.8624786740619,483600
2021-08-18,736.97998046875,749.316242490977,736.5792826992725,740.5768267305305,452500
2021-08-19,745.6239624023438,748.0091652567063,726.2561268714184,726.8857948026738,514000
2021-08-20,751.987548828125,754.5635791514507,742.2845614504967,749.0299210477215,507700
2021-08-23,774.3513793945312,775.190975509683,758.0843065703348,758.5232048863217,724300
2021-08-24,768.6173706054688,770.6209761406905,764.7724535050506,769.0848610939379,453800
2021-08-25,770.7733764648438,776.0208217173954,768.0351687825652,771.2981093436028,471100
2021-08-26,773.70263671875,778.368107919701,767.2339380132603,771.1552561340426,450000
2021-08-27,794.6734008789062,796.4384862695802,776.4027784454624,776.8607188470414,658900
2021-08-30,801.0369262695312,804.29986712235,798.336860620313,801.3708313406512,491000
2021-08-31,794.7877197265625,805.3970971822383,789.2254686929643,805.0345999284835,579300
2021-09-01,803.49853515625,811.6559176403834,798.2701888975646,800.2069434219522,581900
2021-09-02,821.7310180664062,822.4656209334673,809.890838712615,813.0297446454884,746800
2021-09-03,818.70654296875,823.3529134046257,809.5569375592291,809.5569375592291,698000
2021-09-07,822.1986083984375,828.9821120354842,818.3727333108424,825.5569347633798,780900
2021-09-08,818.592041015625,820.4143685431675,810.8925994816524,818.2294855357733,714900
2021-09-09,814.3082275390625,823.1430279365323,812.972490691814,816.1972895028233,641900
2021-09-10,819.431640625,835.1644288565884,818.0291693408936,830.9474066434541,1137400
2021-09-13,831.2335815429688,832.1590704611313,821.5019429891051,829.3063191484866,636000
2021-09-14,847.290771484375,854.7898346184259,839.2860174383975,843.2359269911368,978300
2021-09-15,848.4931030273438,849.1418712960652,839.0572253927413,846.2605272572588,799700
2021-09-16,846.5657348632812,848.9223455623685,835.2407963785869,836.8627459647313,811400
2021-09-17,820.3666381835938,835.1167534502829,813.2682722311205,834.9163754488353,1670500
2021-09-20,802.1340942382812,806.6659792346993,791.6010603892488,800.3595174575858,1122600
2021-09-21,815.4818115234375,822.7710059215989,805.712029279774,820.5098381193349,905700
2021-09-22,825.0321044921875,831.624837690331,810.4537751516849,812.7149427642056,669400
2021-09-23,839.381591796875,847.9110218796949,836.977288522123,837.1013237375663,744500
2021-09-24,828.9248657226562,833.2563735665996,825.3947535060519,827.5318861556185,510400
2021-09-27,796.95361328125,808.9464216820679,794.7973803209957,804.5576711883193,1063900
2021-09-28,744.3453979492188,762.6351736413718,737.5714457737824,758.3418089078593,2390100
2021-09-29,715.961669921875,750.1273188062793,714.721375883432,748.9538174464641,2216000
2021-09-30,710.8954467773438,727.3152056046621,708.2049307379968,719.6157631397485,1078800
2021-10-01,707.7469482421875,710.7904694945579,694.9240950269725,710.7904694945579,1180400
2021-10-04,680.2026977539062,696.6319491458864,676.4722656390747,695.429855670192,1663500
2021-10-05,699.2174682617188,708.5293098761905,689.4381361872263,691.7469963328863,1201500
2021-10-06,698.8644409179688,700.963431090091,685.9938955485007,692.0713878027307,973000
2021-10-07,712.5269165039062,719.0623493183838,708.1476582490086,711.1816294248715,1267500
2021-10-08,696.7369384765625,715.3128726065589,695.8400997653057,714.9503170701466,1039700
2021-10-11,688.7417602539062,702.0416558399585,688.2360692157865,689.5909065825407,702500
2021-10-12,691.7565307617188,700.2955687575084,689.228250636899,700.2955687575084,868400
2021-10-13,710.2369995117188,715.0456052764083,706.019977572396,709.0253561753269,1170000
2021-10-14,742.5516967773438,742.8856600741425,730.5207490798376,734.2607303765934,1370500
2021-10-15,753.151611328125,753.3805814651055,740.2142744963446,745.0991648602184,877400
2021-10-18,752.0255737304688,752.1305668798244,737.4949411334557,738.5444649996989,1014600
2021-10-19,764.1807861328125,764.8104540095841,750.1939251948893,751.9876022447661,956600
2021-10-20,732.4480590820312,749.0872354992241,723.4224310729531,746.3203770654668,1894900
2021-10-21,751.3960571289062,751.3960571289062,728.7938750944861,729.4236011873869,1083100
2021-10-22,764.1904296875,771.6609021686288,759.7062944053839,761.5381140974716,1294600
2021-10-25,752.2357788085938,766.308476417885,750.8714496892873,762.969192239409,786000
2021-10-26,754.8975219726562,761.3471191145113,748.1808124207314,759.8301628724538,741400
2021-10-27,764.2188720703125,781.3446374666992,760.593375959172,761.4138716337889,949800
2021-10-28,775.8492431640625,784.1783528668159,773.492632471625,776.7365316347604,687500
2021-10-29,775.553466796875,777.0609312741237,767.7967826195471,770.162885166755,583800
2021-11-01,770.372802734375,770.8975356975723,759.906502692834,769.857561666972,573600
2021-11-02,776.73779296875,782.1614154237081,776.0394717292723,777.0247463081056,503800
2021-11-03,793.9556884765625,795.4479042141473,775.2646631980547,782.8405816041148,566900
2021-11-04,813.5361938476562,816.0806495224977,793.5538504907071,795.5052498408033,1058200
2021-11-05,810.19775390625,817.5058090514389,805.0706605263134,815.2004911302816,735300
2021-11-08,813.00048828125,819.7154875821716,811.1543538921699,818.3380533251409,728100
2021-11-09,813.115234375,818.2902020512124,805.4150193229532,814.9900932051429,676500
2021-11-10,782.3143310546875,799.1400698863249,779.6933936073692,793.5633674887844,737700
2021-11-11,797.1792602539062,802.5837330069884,793.1713132087148,797.0644789185504,416000
2021-11-12,814.626708984375,817.8502779237828,798.8149089205884,803.5020274338917,531200
2021-11-15,819.495361328125,824.1633292773737,815.927449062141,817.8501236063122,638000
2021-11-16,823.1590576171875,825.129548202371,810.4273799661096,814.5214418248812,690900
2021-11-17,822.116455078125,830.2853707726217,820.3372277695408,821.8677427455715,549400
2021-11-18,840.9222412109375,842.8353412334181,832.7341754500476,839.2960945151931,865800
2021-11-19,819.9259033203125,829.854896460173,817.343206781745,829.1852998193332,778200
2021-11-22,789.87109375,822.3076757381369,788.885819311832,817.8501788147139,880800
2021-11-23,772.3948974609375,783.7587149861331,758.6588548574764,776.3932690519251,1193000
2021-11-24,767.5261840820312,768.5687909086015,743.6602494212501,748.022115174408,1246700
2021-11-26,748.041259765625,761.3372699149376,742.292384846826,752.7666191646463,786300
2021-11-29,779.5977783203125,780.2864662552906,755.664880065845,760.466779461918,1410700
2021-11-30,757.1188354492188,785.6622523270538,752.9482918158816,772.0027498480317,1144500
2021-12-01,769.066162109375,796.5000077517732,767.5739465182212,777.2542273706354,1201200
2021-12-02,755.0814208984375,761.8442362004618,744.501980552826,750.3560617056206,957100
2021-12-03,737.9974975585938,756.3823611045502,726.8250002182573,751.8195987804995,1115600
2021-12-06,723.5247192382812,728.3170430908636,709.1860470378666,725.9065189055727,1222900
2021-12-07,770.98876953125,774.2314876002871,749.6672355783434,753.7612970430575,983200
2021-12-08,768.9896240234375,770.0227143228618,761.595511548643,768.310510920137,551500
2021-12-09,739.0400390625,755.6840314603019,738.8009015762281,752.0012791418078,709100
2021-12-10,747.8690795898438,749.6004327589181,738.9157271958666,743.5072139140822,602700
2021-12-13,731.253662109375,747.8689873140579,731.1293643369199,746.654150278245,615100
2021-12-14,721.611572265625,727.274330378316,710.9555941516155,721.6402383985761,842400
2021-12-15,757.7978515625,758.1613451557289,727.6091423281271,731.3492847260438,910700
2021-12-16,722.1951904296875,765.0869145803598,720.8751468679171,764.2833869580402,1006900
2021-12-17,717.2880859375,725.0648414804974,711.6349015823633,718.522014319966,1656700
2021-12-20,720.1672973632812,723.8404163050072,712.1035886676909,715.1166858394419,647100
2021-12-21,749.0169067382812,750.3656749612338,731.7799150762476,742.0245284265176,838100
2021-12-22,757.7020874023438,757.7020874023438,741.3259624256073,744.0042897099977,534800
2021-12-23,766.588623046875,770.7113507449266,759.5771543763402,760.112819980385,496600
2021-12-27,776.1732788085938,778.2394592883885,759.844964999987,759.8832643612401,527500
2021-12-28,769.802734375,781.7882750827929,768.1957374390311,781.7882750827929,548500
2021-12-29,767.1339111328125,770.2522733148377,759.8833045390562,763.432067492554,404900
2021-12-30,765.4503784179688,773.1697435754409,765.1634251075598,768.7696371273657,411900
2021-12-31,761.5477294921875,770.2906104867028,761.2990171513752,766.6843983112823,236400
2022-01-03,762.839111328125,764.6278553009039,750.8535692262986,761.1651486938957,720600
2022-01-04,745.3341064453125,759.1466891055258,730.1249399365249,759.1466891055258,874100
2022-01-05,713.2705688476562,733.233761185087,712.6679377220386,732.6311300594692,1193200
2022-01-06,729.9624633789062,730.5746694177485,698.0997838152781,707.3974805827535,2041200
2022-01-07,723.2472534179688,730.1918140479395,711.2903813644832,725.4377897433925,1363300
2022-01-10,695.5745239257812,696.0432241362048,671.785127470714,685.3873003312877,1973400
2022-01-11,697.4779663085938,699.6589283137492,670.2641657493509,676.2712693383982,2120700
2022-01-12,709.9226684570312,716.8863801994779,703.0642215815456,707.1869495795743,959700
2022-01-13,698.35791015625,744.1192209306394,696.9804760777103,738.8486220718996,1628700
2022-01-14,712.18017578125,714.1601828380433,696.5309739317476,703.6381331888275,1313600
2022-01-18,684.1530151367188,708.8702847802487,683.2060402862522,708.8320438106398,1178500
2022-01-19,668.456298828125,706.7756906864314,668.3510923368108,704.9199812932998,1593200
2022-01-20,675.7642822265625,698.2622968017263,675.5251447448903,693.3934903694575,1536500
2022-01-21,664.5439453125,689.8638535047962,664.5248540135644,676.5582106607027,1689600
2022-01-24,657.551513671875,658.7185349051513,620.446964195151,637.1100470491281,2833100
2022-01-25,620.3895263671875,639.1283047250612,615.8459147031177,624.2826911569075,2095300
2022-01-26,624.8757934570312,649.8608720321031,616.6494293339716,632.8821114037864,1376700
2022-01-27,607.083984375,636.1057364451718,603.9656804833182,635.9144147726129,1465300
2022-01-28,616.9459228515625,616.9554976912784,593.7017733946951,606.0699558313556,1339700
2022-01-31,647.775634765625,648.110403893278,619.8730892028346,622.4270612100163,1357400
2022-02-01,651.86962890625,654.002774954938,637.3205418073351,652.8931443393602,945000
2022-02-02,656.9108276367188,661.2057285481771,644.8009282028161,658.0586995145419,713600
2022-02-03,617.8643188476562,635.7900560524089,616.467734865078,630.4525492234608,1212000
2022-02-04,624.4454345703125,632.4804783276957,615.3486342714926,619.8922470000075,863100
2022-02-07,621.7861938476562,632.6716785980886,620.370460216941,625.7271749825709,520300
2022-02-08,625.0765991210938,626.8844923399101,607.9830580634332,609.1787453695548,745300
2022-02-09,650.807861328125,652.5870301589662,635.0343625630791,641.6440967904866,842000
2022-02-10,628.3384399414062,648.1772735356668,624.6270220311193,626.1479619081192,961200
2022-02-11,600.9430541992188,631.6291992208717,598.0829786048574,628.9699617918692,1116300
2022-02-14,600.6272583007812,607.3614073687822,593.0609738233422,598.9437794169571,890200
2022-02-15,627.888916015625,629.7446252215149,614.4015853096491,619.3469321174169,821400
2022-02-16,635.01513671875,637.0621673043305,616.6589437068917,622.7139202929717,610000
2022-02-17,622.1687622070312,633.4464648319423,621.7574527442737,630.6629302320993,1020600
2022-02-18,619.6818237304688,629.1899333862177,613.1389958213779,623.7854023508144,899400
2022-02-22,612.4503173828125,624.6271808006419,602.492598697213,610.7572051167073,934000
2022-02-23,604.2813110351562,626.0141573303118,603.5926230611133,622.7905885104735,997000
2022-02-24,628.3003540039062,630.2325453842714,573.6239210192954,574.2074025317706,2047800
2022-02-25,638.133544921875,638.1526946018992,621.7574158099646,628.3671497263647,1295400
2022-02-28,637.5501708984375,643.3468617545645,619.5096513145546,619.5096513145546,1979000
2022-03-01,606.6535034179688,636.2012840122079,600.3115732205777,631.523799601253,1097300
2022-03-02,626.8941040039062,629.8115695255832,610.3744685295403,614.6694266272802,1035700
2022-03-03,603.382080078125,625.2966706067043,599.9385238503194,623.6896738081836,1020200
2022-03-04,568.4967651367188,582.9406458212974,556.3581441099814,577.4692082096919,2025300
2022-03-07,549.3849487304688,593.6444772110325,548.8205585459364,590.5644142571491,1607200
2022-03-08,548.141357421875,567.6932405601301,534.491429458159,549.1362067261994,1441800
2022-03-09,594.3427124023438,599.7567588913005,569.1471635411863,582.6823673383328,1593200
2022-03-10,573.9968872070312,582.1084114179206,570.2758942026493,573.4898877522653,735500
2022-03-11,560.3948364257812,588.2782943827234,559.4670108797071,587.3217443105564,819000
2022-03-14,552.4553833007812,575.3647650920536,552.2258206659923,573.4994811096344,1621700
2022-03-15,570.7733154296875,572.1985653855012,558.4911894893928,566.2009790566127,1542500
2022-03-16,622.360107421875,622.7140262377154,590.3348333265518,594.4384116520181,1815200
2022-03-17,625.67919921875,627.879310459629,611.6848710100618,615.1858759636375,854900
2022-03-18,650.320068359375,653.7062927213359,619.2704927546249,621.0305120583433,1689800
2022-03-21,653.2374267578125,653.6966103824193,639.9318441473199,648.7512056645621,1293000
2022-03-22,658.8141479492188,667.767440718103,655.5236140619573,658.1063103869122,1111100
2022-03-23,636.4501342773438,649.8514099669954,634.7761716713766,639.7406688209721,999100
2022-03-24,660.5359497070312,660.5455245473792,634.3839080255823,637.2535577376553,1176700
2022-03-25,657.494140625,660.7368588737799,643.0885011295067,660.4594804142366,768600
2022-03-28,664.6395263671875,664.8021234889554,646.6276769475307,650.5590826874261,687100
2022-03-29,678.327880859375,683.5697561755786,667.3562220025901,679.150499847227,1076200
2022-03-30,654.8158569335938,672.2155035369202,650.5687726548957,669.5849910719945,1031900
2022-03-31,638.9083862304688,659.1585318534698,638.4970767675208,654.7488506985428,780700
2022-04-01,638.7171630859375,647.7661478160584,633.0735526716792,645.9486793197478,739400
2022-04-04,651.2479858398438,651.9270990090135,640.8789576259448,643.2703327470931,731200
2022-04-05,618.3712158203125,645.8146324100092,617.7302854069335,644.733726445963,1251500
2022-04-06,601.2012329101562,611.5319609425844,590.5739767214061,598.8863983226372,1110700
2022-04-07,598.1306762695312,604.6352042986915,586.1547105117734,597.3941725034053,713500
2022-04-08,584.3849487304688,595.3661214967198,583.4953644431172,594.4191465580284,840800
2022-04-11,571.7681274414062,584.0980696548083,571.18464601482,580.6640298278749,859600
2022-04-12,568.190673828125,595.4523475724037,566.2775739162457,586.4320884938744,1067900
2022-04-13,586.1356201171875,590.3922795318496,570.5055665545782,575.2787419801789,934200
2022-04-14,571.8923950195312,589.7224963919954,570.1036516556272,587.8189717286124,814200
2022-04-18,579.2674560546875,587.1876582010998,569.8837046604829,571.1080580702264,576800
2022-04-19,590.3347778320312,592.2191530590582,570.1037246525847,571.5672739830813,1230800
2022-04-20,606.36669921875,624.1968085948415,601.6604886780872,622.4846047897327,1857900
2022-04-21,593.041748046875,620.6190961384301,590.8990857576874,617.0320342570217,940700
2022-04-22,581.2094116210938,593.8932757111642,581.0754805906654,588.3548714655124,1093400
2022-04-25,573.7578125,574.3030529912462,558.3095070642237,566.975847494686,2074700
2022-04-26,536.0792846679688,561.9539492930668,535.5723435506983,559.7252299321683,1803100
2022-04-27,532.6835327148438,542.7273070368951,520.3631648758067,528.1016795420604,1904400
2022-04-28,564.8809814453125,569.5872491934607,540.0680736270431,549.9684005516457,1513500
2022-04-29,539.274169921875,563.31227420876,538.0210918554009,551.4032159653891,1225300
2022-05-02,546.276123046875,546.6874325091636,529.4886251353806,534.4626964282984,1146700
2022-05-03,549.6356811523438,554.2201614975439,542.258176051521,545.735040113905,825300
2022-05-04,570.7857055664062,572.3363207832817,543.8374615450192,557.7257491296947,1112800
2022-05-05,543.3653564453125,563.0130989219011,537.509608020368,560.8460710951182,1231800
2022-05-06,530.6812133789062,540.9673685006148,524.9506150165712,534.6782006594993,1214600
2022-05-09,493.7550354003906,516.0417348706527,491.5398623546542,510.6579055957325,1714700
2022-05-10,504.07012939453125,510.85050019966934,493.43726315329803,509.68515795227626,1232900
2022-05-11,502.076416015625,524.112692860014,501.27700681658627,511.68843133751756,1302800
2022-05-12,503.09735107421875,509.5406518655041,490.75973713034386,495.71984838185676,1134800
2022-05-13,528.1000366210938,530.960486023146,518.3628693408892,520.6261867037708,946800
2022-05-16,515.2229614257812,521.03056593875,508.52924091070224,513.5856396129393,757800
2022-05-17,540.9193115234375,542.6047784446066,528.6105591626063,536.4118984683844,895800
2022-05-18,508.81817626953125,532.443625936521,507.4409166023307,527.0019541881427,1037900
2022-05-19,506.6030578613281,517.2455628142717,503.0587697577957,504.4553108566898,905500
2022-05-20,513.19091796875,522.3887386185739,495.20935406981505,521.473759240082,1205700
2022-05-23,534.1580200195312,537.2496682523815,525.5958362363745,528.9860504642172,977000
2022-05-24,526.2797241210938,536.9896559347629,522.6198654856735,535.0826896466273,1085500
2022-05-25,527.868896484375,531.5094737957941,518.1895142764187,521.714521437279,832600
2022-05-26,539.4166870117188,541.7377892175323,521.3869811375166,522.3983080299774,933800
2022-05-27,561.8670043945312,562.3292848736139,551.002942860933,551.5134265435822,843900
2022-05-31,555.0385131835938,563.2443455826013,551.7253654398802,563.032486593791,822300
2022-06-01,542.8743896484375,558.37107900862,536.4600103627448,556.1462651590308,542100
2022-06-02,559.1319580078125,559.8832229069968,542.065429792571,543.6064046022124,669200
2022-06-03,542.8648071289062,548.8361282525545,540.206575772228,546.245322622681,531000
2022-06-06,550.6083374023438,561.9443251887645,548.4316678537252,558.2362626831659,483300
2022-06-07,555.7320556640625,556.704820076797,542.3735336833848,543.8952269144728,479000
2022-06-08,546.5150146484375,556.6374559925492,541.7764616372904,552.4478318605359,605700
2022-06-09,522.4078979492188,543.8181776792434,522.3501128788497,538.7810007770503,658600
2022-06-10,502.2980041503906,515.4542499307083,500.24654566983156,512.4396676108038,928900
2022-06-13,475.37860107421875,483.96967773899104,473.49088677991955,479.6837653533761,1395100
2022-06-14,473.05743408203125,480.23268730519925,466.58524227962664,475.5808132248146,965400
2022-06-15,486.6953430175781,493.31202829590893,475.78316315946716,480.96477397112284,841700
2022-06-16,450.8864440917969,466.2001080937926,448.3341716568323,462.0683277601402,1223100
2022-06-17,455.8946228027344,460.97027427116825,444.81869992404125,450.2603431120889,1328700
2022-06-21,476.1202697753906,479.48156252625216,470.45709696964565,470.94829952694187,1081400
2022-06-22,467.5965576171875,478.325769772521,464.64940143857694,468.5018962490172,845800
2022-06-23,467.5965576171875,469.43612741623707,458.50466751317225,466.0555538145708,739100
2022-06-24,496.2591857910156,496.5384705346781,479.92458474371807,480.6469276041946,907800
2022-06-27,489.305419921875,497.9831453082668,487.01318059226776,495.97983135961607,696500
2022-06-28,472.3255310058594,492.56077079477774,471.48761802971785,489.3150190043213,847200
2022-06-29,466.7491149902344,475.4942967480691,464.2449868898417,472.9901686476764,847400
2022-06-30,458.3313293457031,466.75866205694507,447.01462541917823,456.6651146970299,866400
2022-07-01,433.241943359375,441.07214414654516,427.1068497770429,438.5102314454892,1570200
2022-07-05,416.4547424316406,417.08076704904,397.4523278842861,403.7318847382944,2778300
2022-07-06,413.0645751953125,421.4533759773161,409.6647490677022,417.2734218566995,1464700
2022-07-07,435.235595703125,436.1024011577745,422.4742066326321,422.58016552395526,1400900
2022-07-08,436.2469482421875,438.51026571692086,424.4101482044341,428.2144696774377,739100
2022-07-11,422.86907958984375,433.5693989332954,421.7614932389023,432.9818782059391,745600
2022-07-12,418.4676208496094,428.06035438130476,415.953882017717,424.32342959894197,848000
2022-07-13,430.5259704589844,435.2741636419721,413.46902714662883,414.60553554551575,1052500
2022-07-14,440.05126953125,441.95826528493546,418.5254461754469,425.8933669465642,1075900
2022-07-15,458.0905456542969,458.2350083357508,443.52811951966044,448.228168037655,1630500
2022-07-18,456.01983642578125,468.8775147685385,453.14971711556683,465.7762551675323,1039500
2022-07-19,479.9823913574219,482.43837482856287,466.2000913125109,466.98985992953067,1415000
2022-07-20,495.45013427734375,497.70386985969003,472.5085474428477,474.7237204507393,2294900
2022-07-21,522.2731323242188,523.207334140911,505.2546934151263,510.45558515499715,2281900
2022-07-22,514.5584716796875,526.6841660093856,509.71393130572335,522.4078944772783,1459900
2022-07-25,519.094970703125,523.6216657539279,512.4975940970396,515.6758918869463,1194600
2022-07-26,504.8406066894531,510.10892466148357,499.41821476818427,508.5775318909346,1029500
2022-07-27,526.0391235351562,529.5737725873664,512.9502996952951,513.9422869685917,1110900
2022-07-28,540.0331420898438,540.2546417425901,520.8188114114112,527.599181487506,1216800
2022-07-29,553.2568359375,555.6453641414831,538.8677640683729,540.7458672281745,1210700
2022-08-01,556.8298950195312,561.5491650682372,547.9595061038527,552.100925545581,895500
2022-08-02,544.7427368164062,551.7253835851363,538.1453630383337,541.3525813931217,876600
2022-08-03,562.3295288085938,565.9990286641042,548.2583021707592,548.9806451248709,825900
2022-08-04,568.1181640625,572.2598463344628,561.0125394074546,563.0109908174396,680100
2022-08-05,557.3536376953125,559.5451875536764,546.4152748280844,551.8699900998834,767900
2022-08-08,552.9512329101562,562.4221194136395,545.459470418149,558.0197514134794,700600
2022-08-09,522.4049072265625,533.2080939086006,515.2896779392058,532.0495636972655,1138500
2022-08-10,546.4827270507812,546.5213820398025,531.4412812237925,539.406094571369,1074800
2022-08-11,542.96875,554.5056776868585,541.7233635550937,546.1836560349014,833300
2022-08-12,556.0504150390625,558.0102119891682,542.6888059281084,543.1715220835931,811600
2022-08-15,555.0654907226562,557.6528414782114,548.2592067325425,549.4370055187146,783100
2022-08-16,547.0911865234375,552.5555665177037,539.6863370401901,546.8208961117903,697000
2022-08-17,538.0159912109375,546.4248664995605,532.8315669865365,539.773025655355,667700
2022-08-18,541.8970947265625,546.3670506309466,536.1045013913233,538.0160972611608,580600
2022-08-19,526.411376953125,539.5315627215471,525.6100520231213,537.928971786823,794400
2022-08-22,502.0923156738281,512.4996438242524,500.68276349265676,510.99357199621187,795800
2022-08-23,507.5758972167969,511.05142900565244,501.5033508721408,502.0246629628804,592900
2022-08-24,507.2767639160156,512.2391002155459,503.68532502081916,504.78593201493686,485200
2022-08-25,521.082275390625,521.5456639097723,503.7238263157902,504.30306196472435,758300
2022-08-26,492.3124694824219,521.0726718165266,491.182900911261,520.898901101779,1229700
2022-08-29,482.60015869140625,493.6736650433949,482.1367407192674,488.81754320336387,754100
2022-08-30,475.97735595703125,490.1016332620767,470.6095554701556,489.0396519867628,1006400
2022-08-31,473.00384521484375,484.2414604834494,469.87585437579975,483.53671384726965,936000
2022-09-01,453.67584228515625,462.46125037750477,444.95799204475264,461.3992986917206,1665500
2022-09-02,451.04022216796875,470.0688804833662,449.9010193685516,463.2722302948506,1145400
2022-09-06,453.67584228515625,461.3703369087019,446.3192253092793,453.13517323106055,996900
2022-09-07,460.2021789550781,464.3438910270001,449.5052039578124,452.6814839033055,745400
2022-09-08,466.0623474121094,466.6802380996887,448.1246319139103,449.36038382641937,943300
2022-09-09,483.68157958984375,485.78621492101377,478.1786037256157,478.3910000089318,1012800
2022-09-12,487.4756164550781,493.33579629224687,482.38779996484095,489.252007959047,1041400
2022-09-13,454.8150939941406,471.5363859854059,452.4111478942162,467.26916289785487,1188200
2022-09-14,461.5731201171875,464.88454534439546,454.8150950187299,460.48217706584086,663700
2022-09-15,449.553466796875,461.8241009566152,446.8985284313733,456.20530833469513,853500
2022-09-16,451.09814453125,455.8673814179235,444.0118765186473,446.05858783759555,914000
2022-09-19,454.8246154785156,456.639632193317,443.7607739786303,443.7607739786303,646500
2022-09-20,445.99102783203125,450.403059829236,441.55003404882814,443.08509709469365,906700
2022-09-21,439.19439697265625,459.7098297085069,439.13644393929314,445.59518723761533,783900
2022-09-22,425.7942199707031,436.5587829623803,423.9212791710575,435.1202984319116,952900
2022-09-23,421.06353759765625,421.83587143272956,412.5773818469122,418.6113320041952,1362300
2022-09-26,415.9178161621094,425.5335119873344,414.2862334952222,419.0844323897516,1164000
2022-09-27,418.31207275390625,427.2133576793952,411.7567807037123,423.67987274323116,876400
2022-09-28,425.9776306152344,428.09192934334317,408.54192865169534,411.40926326497635,957100
2022-09-29,412.9924621582031,413.89030676537504,404.73803109523396,410.89746194549156,1141800
2022-09-30,400.99224853515625,413.2532191362736,399.64064942058474,399.68890924292083,1084700
2022-10-03,416.7577209472656,420.4553423812782,406.46621124821195,408.95704255985873,1452400
2022-10-04,449.03216552734375,451.60021876706253,440.02469588181725,445.26698576333996,1954600
2022-10-05,453.0675964355469,458.3388469630852,437.38896055117243,441.1445052139094,1193800
2022-10-06,446.164794921875,457.7885759344761,445.5372405007002,449.2059000767689,926100
2022-10-07,419.24859619140625,433.20873754025655,417.78112039273896,431.0654768798395,1412400
2022-10-10,407.30615234375,419.0651079485218,401.9672846838095,418.9106352809737,1383700
2022-10-11,385.748046875,398.3855495073843,380.38991051400495,398.26970236960165,2044200
2022-10-12,384.5605773925781,390.93243550901957,383.7689454169798,389.8511562092891,1277100
2022-10-13,391.3861389160156,396.5319081329806,350.5966356645084,352.29580546468935,2782200
2022-10-14,366.0243225097656,391.598612605387,365.51264461135423,390.4014860798932,1727900
2022-10-17,378.66180419921875,385.7866982771022,375.3889750241538,380.82436281656925,1417900
2022-10-18,385.1977844238281,395.0259066209834,379.59828944345423,393.2977747317633,1324800
2022-10-19,409.3625183105469,416.92186833498573,396.2037032187408,401.51357989683163,2435200
2022-10-20,422.1545104980469,433.4018187455266,413.95800087796016,416.3426194944985,2090900
2022-10-21,446.251708984375,446.8792339832746,422.5696597524621,425.2535599249942,2756600
2022-10-24,456.6204833984375,459.6326272446307,443.7126591861444,454.1682772825634,2389300
2022-10-25,469.20965576171875,478.61295481557465,461.81444247554566,461.94958764649454,2047200
2022-10-26,467.35601806640625,479.04741602574796,457.85616981287063,459.49741615498226,1879400
2022-10-27,458.0106201171875,472.67553524137446,457.6051256946222,465.43479490208455,1075700
2022-10-28,472.27008056640625,472.9362310906979,452.6814839329883,453.61792481154134,1436100
2022-10-31,456.08941650390625,464.2569632985021,455.3460149783099,462.48057188352186,1063600
2022-11-01,458.9471740722656,466.95061543632704,456.5142660185093,466.6706318426092,760700
2022-11-02,430.90130615234375,460.51112230477224,430.8337482954017,453.8013572701982,1887400
2022-11-03,425.99188232421875,432.61532028141784,423.2805142703803,426.84399617401255,1615700
2022-11-04,453.918701171875,454.7417658658737,439.9455438006123,447.7116432398931,1587800
2022-11-07,468.0855712890625,470.0706551305342,454.7418267135795,459.79655928868135,1429400
2022-11-08,487.6460266113281,489.9700352215524,475.51273531761234,482.4750978493831,2316100
2022-11-09,473.9633483886719,488.2560460001112,473.4307735909781,478.85347961426066,1302600
2022-11-10,543.0350952148438,544.0325132843858,503.8851357247371,514.6724521040145,3518000
2022-11-11,558.189453125,560.3004254974188,540.807752592431,543.0252871953695,1982800
2022-11-14,559.5258178710938,571.6106733456023,555.7105586891719,556.5820876947428,1806400
2022-11-15,578.5535888671875,589.0601045655193,567.9696485874384,587.539804941246,1669400
2022-11-16,558.4414672851562,565.4619294875464,555.6332587630964,565.0455505458048,1418900
2022-11-17,570.3809814453125,571.7560068356094,550.9367098708811,550.9464027212575,917900
2022-11-18,574.3800048828125,580.9356796206098,566.2847040458481,580.6354968583192,1115300
2022-11-21,561.9176635742188,565.306851561224,556.8919795950926,562.7988855483791,849800
2022-11-22,577.3336181640625,577.6434938446472,556.0494793183917,563.3023315058102,1082400
2022-11-23,584.7317504882812,590.6870617188415,576.33626404508,576.33626404508,874700
2022-11-25,573.1019897460938,578.9701238720316,573.1019897460938,578.0308039644552,408900
2022-11-28,564.8711547851562,579.1928738219723,562.0435610671261,574.9806209001879,1056200
2022-11-29,560.4942626953125,568.4152725181415,558.509178589692,565.5974306476658,562900
2022-11-30,588.8665771484375,589.1473743098222,558.6737604183078,566.7690639743715,1569700
2022-12-01,591.9071655273438,597.0393526518843,582.3205815925857,592.3429300885142,1245900
2022-12-02,586.5328369140625,588.217737892004,578.0985800718726,581.2940880406661,719800
2022-12-05,581.7686157226562,587.9369330665211,574.5932466644197,585.9421562362048,873900
2022-12-06,574.273681640625,585.3127746779933,568.2409459623854,584.3928404077546,839200
2022-12-07,582.3109130859375,584.8770363068609,571.98844040401,573.4603353022982,878600
2022-12-08,587.6753540039062,590.1639926824117,569.0541521789521,573.1405740772244,1019300
2022-12-09,578.7764282226562,591.8199306027735,577.5175989166818,583.8989219912892,870700
2022-12-12,590.6773681640625,590.6870610149452,576.9366290855229,577.9727593832397,819600
2022-12-13,608.378662109375,622.9908717193249,598.0174178852363,622.6228979898558,1334000
2022-12-14,596.3615112304688,606.9164347303429,590.6192654638506,602.7912992740517,1167500
2022-12-15,567.7761840820312,585.6516926595493,565.7620214596524,583.908693454861,1420500
2022-12-16,556.1366577148438,567.2047692961031,547.8282896158229,558.9835777430261,2097300
2022-12-19,550.6074829101562,557.618251102661,544.8555441876579,555.8752519055175,906800
2022-12-20,545.3299560546875,550.946371502141,543.3836436299275,544.4391004117248,845700
2022-12-21,562.5665283203125,565.4715467744745,549.3389778614871,551.0432648110358,797700
2022-12-22,538.3482055664062,552.970104266462,529.4878779901114,552.970104266462,1351800
2022-12-23,533.9131469726562,534.5909961913028,525.3530620713176,529.5556208420109,602600
2022-12-27,520.1725463867188,529.1974765931343,519.523775544239,528.7617120471195,802600
2022-12-28,514.8079223632812,524.6462236981829,512.2611852625735,519.7077168831229,609900
2022-12-29,534.0100708007812,537.7866178915012,523.0485214138292,524.0652659066405,841000
2022-12-30,529.1007080078125,529.1781326111332,519.7755942194691,523.736069538949,703200
2023-01-03,532.1702270507812,546.288630350998,528.4905495945452,543.509501335962,675100
2023-01-04,552.7572631835938,557.289085032018,543.2965671871286,552.7281846287543,1087300
2023-01-05,547.421630859375,555.391045123463,544.7393118371162,547.4797288586452,710900
2023-01-06,576.9849853515625,579.7254022954794,549.3195817826869,557.1147018281964,1025800
2023-01-09,601.658203125,612.3680321605224,593.3982414972016,594.5505674929169,1348800
2023-01-10,613.3363647460938,613.7140312093126,601.9293008858305,602.9170257580234,873900
2023-01-11,624.2689819335938,624.7144392950752,613.2492758107057,615.4280392674724,806500
2023-01-12,631.8995971679688,635.5114844495453,614.7406502649638,630.8150616983894,1322200
2023-01-13,638.8038330078125,639.8205775761364,628.1908117098211,628.7718508222545,649700
2023-01-17,637.3513793945312,641.9897043336416,630.4858263178883,630.4858263178883,902600
2023-01-18,631.6380615234375,654.7039122318058,630.9118070015219,652.1959463803275,1152700
2023-01-19,610.2958374023438,634.9206984498668,607.1681204091363,633.884568317442,1534100
2023-01-20,628.3069458007812,630.001539615258,614.1208101869489,617.8876643363583,1033200
2023-01-23,654.6264038085938,654.8684886182322,636.0536052027305,637.215624109542,1780900
2023-01-24,648.7970581054688,651.7310956059589,639.0264880473837,645.611183814503,1066900
2023-01-25,659.952392578125,661.3952088559466,634.2817051248613,636.160285961768,1569200
2023-01-26,662.247314453125,663.254366114351,646.6764009365874,660.3106357257906,1593300
2023-01-27,646.260009765625,656.6502720265493,645.5724675535582,646.0760229259307,1249700
2023-01-30,629.7208251953125,637.3997499394086,627.115989711406,629.4206423300035,1209900
2023-01-31,639.9174194335938,639.9367460312528,626.8060664528517,630.6019402591453,801800
2023-02-01,657.0473022460938,663.3996057735905,635.1240860208919,638.6488553039412,1274200
2023-02-02,674.4967041015625,676.472154030511,663.2639922538968,674.8356583064009,1318600
2023-02-03,658.1027221679688,671.4270798220637,656.4662264569087,656.9697817842311,1015800
2023-02-06,642.4029541015625,649.5551604760165,639.9962787994382,646.2362088152753,783100
2023-02-07,658.6578369140625,663.4809605813082,639.7536608878538,639.7536608878538,1236100
2023-02-08,643.1987915039062,654.9411672033763,641.8110675017126,651.622215189252,763900
2023-02-09,644.4991455078125,662.1126777075409,642.4515287067074,653.2234027790988,686500
2023-02-10,636.9491577148438,637.7449267312361,629.46709279853,633.7855686612875,731800
2023-02-13,648.9728393554688,653.1263561271278,637.8904174234447,639.6469136282183,596000
2023-02-14,657.4545288085938,660.8510732337706,637.7837246576012,642.1507103471142,1013400
2023-02-15,656.8043823242188,657.4545614188838,641.4617075432946,642.2574765272452,683500
2023-02-16,636.8812255859375,648.4488689483559,636.0757427465414,639.2296768764157,946300
2023-02-17,632.6597900390625,638.550375841863,628.2540078571869,631.5146764119945,1149600
2023-02-21,611.16455078125,624.905973537405,610.9219404560769,619.1512637320207,1022700
2023-02-22,605.7589721679688,616.6182088653254,602.0906769131064,613.8621304809038,1017300
2023-02-23,619.2288818359375,623.8772740894692,608.1561140297764,623.1494431536597,1093000
2023-02-24,600.1015014648438,606.2055559759614,594.6087704859103,601.1204529932,995700
2023-02-27,613.3964233398438,620.470917592623,607.7484490644918,612.7461851604634,804500
2023-02-28,599.4705200195312,606.7682555374588,592.1049057526301,594.3466221683417,1381700
2023-03-01,596.7728881835938,604.7013770053211,593.8712781788963,602.7119841901874,794300
2023-03-02,605.7202758789062,606.6131244420126,585.3992344911481,588.3979239036718,795800
2023-03-03,618.539794921875,618.8212015367532,603.3912225410013,606.8653592678081,1024100
2023-03-06,602.6148681640625,614.3960390290471,601.52797871412,608.7772055745568,1403000
2023-03-07,591.1054077148438,603.3620844484986,587.408029220933,601.0427158333318,1033000
2023-03-08,601.0913696289062,602.2073415940409,591.0278980074256,593.7159801524131,1081800
2023-03-09,586.8646850585938,605.4486603671683,586.6900127255399,598.8302433366131,983800
2023-03-10,583.43896484375,599.101840518812,581.7115511074442,595.9479066746611,1043500
2023-03-13,586.9034423828125,594.8512987461087,572.4535590682815,575.5880651103255,966900
2023-03-14,601.9647216796875,602.1103115659256,593.2113815015225,599.2377840179636,844600
2023-03-15,588.7569580078125,591.0860405169716,578.9748943927848,582.963393401018,1047200
2023-03-16,611.9214477539062,612.3678720634031,581.2846096064908,582.9925957267841,1063200
2023-03-17,614.9588623046875,619.5296615007859,608.2822223717792,614.9782900818561,1109300
2023-03-20,627.2252807617188,629.166163172181,620.208950570797,627.1961390946672,935600
2023-03-21,623.1494140625,636.4444703821601,616.4242636373012,632.4462573665819,848500
2023-03-22,621.44140625,641.8498124516944,620.6359234955657,623.9936712612928,955500
2023-03-23,644.5282592773438,654.0192034975317,635.5808190398092,638.298042797898,1171500
2023-03-24,628.3897705078125,639.4721915777798,620.839710119546,636.667602509273,842700
2023-03-27,625.0126342773438,638.0456523034441,624.0421930909087,635.998035615513,800300
2023-03-28,620.801025390625,625.5658661123102,613.6876740764254,625.0612176823424,793200
2023-03-29,639.6372680664062,645.5084261141022,629.3020444781121,630.3695654519893,1101800
2023-03-30,656.6781616210938,660.511416309528,653.6018795197415,655.2419275607208,892500
2023-03-31,660.5890502929688,662.9860116250503,653.7183100152155,655.1351754897811,681600
2023-04-03,654.067626953125,655.7658989805329,647.662738999312,654.8536819222841,657200
2023-04-04,648.91455078125,661.4526332692519,646.3719998254251,655.9017385812753,877900
2023-04-05,644.2760620117188,645.1300551727371,637.8808271949404,644.043106324225,850300
2023-04-06,637.6964111328125,645.5375937758187,635.9496285600887,638.8415248108319,679600
2023-04-10,642.0827026367188,642.4223333499474,626.4100542269333,630.7188153420037,688700
2023-04-11,640.2681274414062,652.8547236934756,639.4917269535374,649.7202169939014,787400
2023-04-12,635.3090209960938,652.1364977588463,634.3677214465928,649.2348879972712,897300
2023-04-13,645.7412719726562,651.0496162941522,640.3456211099491,642.7523556343948,1118600
2023-04-14,646.5081176757812,652.7577630974736,639.8799858662069,645.7414310083717,645900
2023-04-17,620.1506958007812,623.1202433727008,613.5905633318883,619.8595752998142,1536500
2023-04-18,624.31396484375,629.1079468259422,617.9381589390448,625.6337506836898,910300
2023-04-19,605.1669921875,609.3884461338689,598.6456570091636,606.2927369322726,2266100
2023-04-20,614.84228515625,620.9657652348624,606.8749435641663,606.8749435641663,1692900
2023-04-21,615.7158813476562,618.3070023414571,609.2430542703567,616.7251782373002,982000
2023-04-24,608.8353881835938,622.3536266230512,608.3986778093025,621.8878338136892,1431400
2023-04-25,587.8543701171875,607.9521660195219,587.8543701171875,607.9521660195219,1404900
2023-04-26,591.095703125,596.9474919116797,588.2523175557,595.5791366690598,844200
2023-04-27,610.6404418945312,612.6395484977413,594.6573029583042,603.3815603077163,1127000
2023-04-28,618.0350952148438,618.5009472127676,608.000767564713,612.2124487044935,823000
2023-05-01,618.2279052734375,622.130770339379,617.0891835010017,618.0332372548517,469300
2023-05-02,617.1085205078125,620.48583490471,611.7360522697069,615.9600565879628,738100
2023-05-03,617.7802124023438,627.4254578802303,613.8676047864911,617.0015996849112,582900
2023-05-04,618.0818481445312,622.2572600386052,613.020777020877,615.2398853567953,614000
2023-05-05,632.9439086914062,636.7396677592455,616.9626563129615,619.6683457547643,801400
2023-05-08,637.4891357421875,637.4988780541806,631.8636040138906,634.3357156821561,518900
2023-05-09,625.8682861328125,626.6663836188051,621.225776521513,623.3864316581355,746100
2023-05-10,639.5817260742188,642.7546308227337,634.48174445081,636.8954617005228,813600
2023-05-11,632.8174438476562,634.8516268515235,627.9121300157976,633.3917056558619,560600
2023-05-12,630.2088623046875,633.6056017247562,624.9433815646377,631.9899822422866,375300
2023-05-15,638.1703491210938,638.1800914316365,627.6491883739732,629.5957495438703,893400
2023-05-16,634.6276245117188,640.2921249211298,634.1702111285457,635.3381597683593,709600
2023-05-17,652.584716796875,653.4606931986069,635.3284687983465,639.4356848851324,1162700
2023-05-18,677.3352661132812,678.6200038334986,657.0326438985174,657.227311929643,1459000
2023-05-19,675.456787109375,681.1699399079387,675.3010883395928,679.3499098016481,949700
2023-05-22,679.9727783203125,680.9070896853426,670.4248979307399,672.4006266749882,856000
2023-05-23,663.2421264648438,674.8533577646551,660.7213033839862,672.3909291480013,958600
2023-05-24,648.973876953125,652.9157116783763,643.5137859751162,650.2099625665289,1159300
2023-05-25,689.5498657226562,691.9928096936407,675.2232028647084,682.2892299890312,1929800
2023-05-26,716.2665405273438,722.4760768574833,696.5186942462316,697.5017173706088,2349100
2023-05-30,708.8014526367188,727.1672557440661,706.1638404032606,723.2741327213432,1411100
2023-05-31,703.6138305664062,710.5338422952979,694.2217071704374,707.6432270431056,1347600
2023-06-01,707.3513793945312,713.1423532317162,699.35097949844,704.8500403505615,992100
2023-06-02,705.2879028320312,712.9767849354491,700.5285458182741,710.4949309615886,813800
2023-06-05,702.9033203125,707.2149466045722,699.2048656023401,705.2781275523861,663700
2023-06-06,697.4822387695312,698.4652619023994,684.1677642808236,688.8395003358241,845400
2023-06-07,691.2335815429688,700.9079923166084,686.7175456597483,694.2993795474559,921200
2023-06-08,700.810791015625,701.1709001401913,689.4428790026545,692.0999164364389,762400
2023-06-09,696.7327270507812,706.2222141400882,693.569564687679,701.307158349059,864500
2023-06-12,710.660400390625,711.2444044929246,700.7621516320386,702.6989708519933,1058900
2023-06-13,717.5706787109375,719.6437713485428,704.4605568279919,717.5219671526007,876100
2023-06-14,720.4320678710938,721.9016717051136,708.7039888968882,715.7602733796973,821400
2023-06-15,718.9528198242188,724.5491846055563,703.0202173643064,703.944846035136,820400
2023-06-16,702.5917358398438,713.5703090481512,700.7619637377379,711.8573852586499,1337400
2023-06-20,701.1611938476562,705.3755163380065,691.5938863703735,701.3656042008877,799300
2023-06-21,688.4014892578125,700.3241789071111,686.026681759656,699.4190349030735,820300
2023-06-22,698.2413330078125,698.5722746084433,681.6371654016525,683.2236178135079,699800
2023-06-23,679.2428588867188,682.8829190762674,677.3254650826509,679.4472098079938,916900
2023-06-26,681.5300903320312,695.0392316457486,681.5203480200157,684.2942337490691,714000
2023-06-27,705.7063598632812,707.2441005399206,685.6957118052817,688.0121245359036,1115800
2023-06-28,704.8402709960938,710.4950304375116,698.1538362154203,700.2074445805998,866400
2023-06-29,704.0225219726562,709.8914327025088,702.3095979585737,708.1784492840908,768100
2023-06-30,705.3851928710938,708.0130626626233,696.5380451006235,703.2245382141886,963600
2023-07-03,714.271240234375,717.4733123310388,706.7477994815735,714.378286853639,531900
2023-07-05,696.5477294921875,703.3022994178044,695.3506133307079,701.9299998720353,954800
2023-07-06,680.6249389648438,684.8781709653817,674.7073755450052,682.9802616776196,1218700
2023-07-07,678.12353515625,686.8830608070645,675.1258141892018,679.2525739510049,1352000
2023-07-10,690.86376953125,693.7836112661641,684.6347500683669,684.9072971443717,930900
2023-07-11,686.162841796875,690.8151517064014,677.101601538823,689.9780852201771,623200
2023-07-12,705.4921875,710.981504543661,702.9324546751687,710.0277085298413,1311700
2023-07-13,730.6807861328125,731.4204890129563,720.4224283378084,721.3664821581782,1209100
2023-07-14,733.8731079101562,751.3531906794996,731.8778350183318,740.3259634879615,1843900
2023-07-17,734.3305053710938,736.6955702132399,715.8284307790049,724.6074412186031,1355200
2023-07-18,736.8026733398438,739.6932883341208,722.6122249383251,728.7925332567507,1220600
2023-07-19,696.6549072265625,722.9821390087926,694.0756895384966,719.4491252177376,2406200
2023-07-20,658.0643310546875,679.1650509967513,655.348899094913,678.376695950085,2918800
2023-07-21,674.8338623046875,679.2136252626426,670.8531776826636,676.7317714673354,2524100
2023-07-24,666.1912841796875,670.3472125868963,662.6582697987508,666.6974092515775,1145300
2023-07-25,668.9358520507812,676.741582727175,666.6096967857414,666.6194390980012,1061900
2023-07-26,666.0159301757812,671.7290827811321,659.3392392413728,661.7626985306598,752200
2023-07-27,689.1995239257812,701.1708646443894,684.7711086255422,695.8373054224668,1488800
2023-07-28,699.1757202148438,702.2220938566875,690.7276500395869,695.3409915049273,949800
2023-07-31,697.2680053710938,703.3997213504873,693.1607893004168,702.0176199750119,789100
2023-08-01,691.3111572265625,695.0080911130814,688.2189380108766,693.983880570368,555100
2023-08-02,666.2907104492188,678.8545081165274,665.3347887365089,678.5228290020839,1025400
2023-08-03,664.291015625,666.0858097483806,656.2142634596114,657.2580017922918,920200
2023-08-04,661.393798828125,672.2310886974434,658.6723159864783,668.5243327367135,891600
2023-08-07,676.396240234375,676.4060042561817,667.6171938957319,673.4894194984408,663500
2023-08-08,662.6913452148438,663.9887101570139,654.0001134392057,658.7310212926644,746700
2023-08-09,655.9800415039062,667.1977110407655,654.175483697445,663.061814580876,685200
2023-08-10,661.1694946289062,678.2496267446688,659.5209824143758,671.2946662955006,913900
2023-08-11,645.533203125,653.5611360006611,645.0357141965736,650.4299206808032,806000
2023-08-14,650.1859130859375,650.3712508897282,632.7839257200559,636.9198224607348,957400
2023-08-15,635.7007446289062,642.6947041034917,634.7740552686113,641.7485462291708,633100
2023-08-16,630.5697021484375,642.8115838925922,630.4136563936607,639.4950906572485,665300
2023-08-17,628.5213623046875,639.6707465867322,627.0971841363265,639.6414545145432,797100
2023-08-18,639.241455078125,642.1678041163555,627.1653832840897,629.1845712648754,937600
2023-08-21,646.2548828125,648.322831184823,633.9544182081625,637.807456004317,1104300
2023-08-22,651.1322631835938,663.8228744834328,647.4158018633876,662.5449781026612,760200
2023-08-23,660.4963989257812,664.2323873974084,650.1566574417018,651.8344021012363,908100
2023-08-24,631.915771484375,661.5206432390091,630.9890824504791,661.364597498062,1336800
2023-08-25,635.027587890625,636.8614382893076,620.2592635352325,627.8775241405509,986200
2023-08-28,642.8116455078125,643.6115214774338,636.4712218933131,640.9290345636072,535800
2023-08-29,651.1224975585938,652.1271798812032,636.3444094546841,636.4809867138287,757900
2023-08-30,653.1220703125,654.7412905478375,647.240139836706,651.005361225948,564100
2023-08-31,644.3138427734375,652.8880245206635,640.4998009646621,643.7968258356677,1100100
2023-09-01,646.2548828125,657.9797464246218,641.358106808388,657.4530250781042,592800
2023-09-05,647.2694702148438,651.0444561971999,644.9381308921124,648.8009335530791,592100
2023-09-06,649.6885375976562,653.3464742026136,640.9485458397178,649.7958823193154,870800
2023-09-07,622.1320190429688,623.9658691720855,613.4212606980258,621.9759732930689,1236200
2023-09-08,612.4458618164062,617.4792158346772,609.8706602041154,612.9433507115906,873200
2023-09-11,612.299560546875,616.0257855935206,603.1985980577736,615.342958887336,1066300
2023-09-12,603.6082153320312,607.6953516374383,595.2193723815955,595.9997201733328,1311300
2023-09-13,601.9013061523438,604.7398985003749,598.7408582266152,599.2871077503617,1077000
2023-09-14,606.6322021484375,609.4609706025844,600.2527229027836,605.5689357619199,1237000
2023-09-15,582.01171875,590.3713287740838,579.4365771131503,587.825419665468,2841400
2023-09-18,583.0555419921875,583.670080078629,573.5741992929065,573.7400090749971,1071700
2023-09-19,579.1928100585938,583.4652846745221,574.6667089848764,581.4070404791644,893500
2023-09-20,575.3982543945312,586.0794401566699,575.2714411748698,580.9973259578353,1094500
2023-09-21,567.828857421875,576.4713287356108,567.828857421875,572.579293390813,1313800
2023-09-22,572.6864624023438,580.1682040411978,571.652488160767,579.3000395688841,837300
2023-09-25,571.740478515625,573.5548011165419,566.2779826623034,569.3018536638315,607300
2023-09-26,558.6498413085938,564.5610643439059,553.9773989565105,562.2492532260237,1471000
2023-09-27,560.4251708984375,567.8873257299912,550.4268110063722,563.8099529379269,1477600
2023-09-28,566.3948364257812,573.8569901749887,550.1535767031031,552.3288102684593,1112500
2023-09-29,574.2081909179688,586.1086890971724,572.3548722206157,585.689252872981,1017400
2023-10-02,567.8872680664062,573.193716524942,562.2003799569146,569.0382915048929,811300
2023-10-03,556.591552734375,565.4486523262583,553.6359712207338,560.8347944816248,1101300
2023-10-04,576.354248046875,577.3102293250835,566.2096059631873,569.8284865769148,1325900
2023-10-05,567.409423828125,572.1988563802697,561.2738657243115,569.3700875462831,865500
2023-10-06,582.694580078125,585.7477422007261,563.4196857513077,569.457721377606,1042100
2023-10-09,576.8516845703125,577.1833636646119,568.1116338213908,573.223040262404,738500
2023-10-10,587.3671264648438,591.9029323558966,583.6603695602437,585.4454593814872,1087000
2023-10-11,591.307861328125,591.307861328125,583.3189258320003,586.58665854162,981800
2023-10-12,601.6183471679688,608.865931061698,594.6731502900549,594.6731502900549,1618400
2023-10-13,585.0259399414062,597.1703002477013,582.6751324314222,596.3314278198002,1098500
2023-10-16,588.9765014648438,591.1712632321301,583.3189052609617,586.2842508377636,1154100
2023-10-17,593.6881103515625,595.365855695049,572.5305984647822,576.3836376909859,1535700
2023-10-18,568.9310302734375,577.2613491720388,559.7715434183698,567.4971478103416,2401700
2023-10-19,573.3011474609375,589.6984578065338,570.5016110265725,585.6991370536515,1475500
2023-10-20,565.8584594726562,577.7491960573196,564.1026615714926,574.4912267532106,1035000
2023-10-23,573.3595581054688,578.9391613522217,559.7715509199724,563.4294872973692,905100
2023-10-24,586.0013427734375,587.962005980502,575.1543480663115,576.1200336371419,1333900
2023-10-25,569.018798828125,583.5042016489925,567.2922339753693,582.7823784671025,1322700
2023-10-26,573.7594604492188,584.2943041084379,571.1940232659053,578.539127715721,1093000
2023-10-27,575.5153198242188,581.3387259234564,572.9108858098733,580.2657550740671,819400
2023-10-30,574.4229125976562,579.8561754081412,568.1800097411507,578.2174268040737,746700
2023-10-31,584.1090087890625,587.3475088061435,578.9878980717309,584.9284126999934,1020300
2023-11-01,594.856689453125,595.3749710641836,583.6200719424737,586.4462974408049,1005800
2023-11-02,617.466796875,623.4322576816011,613.2616310859838,622.9237054605904,1527400
2023-11-03,628.2438354492188,632.7326450833211,624.811286539889,628.9186222650842,906900
2023-11-06,623.383544921875,624.7135406646144,617.2517882276765,622.8358961049091,651300
2023-11-07,622.2783813476562,627.2463762306776,619.5597156709616,619.84329923585,529000
2023-11-08,625.192626953125,628.4883083693031,623.0998626880361,625.4469030938307,727000
2023-11-09,620.2734985351562,635.0600720614266,619.8725063060423,632.1360161936334,1221600
2023-11-10,646.6976928710938,648.5948553078015,626.6594816810391,630.248594987081,1246700
2023-11-13,640.1649780273438,643.245539263248,633.9746078321174,639.7151599790242,641200
2023-11-14,660.5161743164062,663.528272428522,654.7365249079675,659.7729835906478,1166800
2023-11-15,663.049072265625,667.1564678369766,660.1250158482421,665.2788234603617,918500
2023-11-16,665.855712890625,669.4839228912988,660.1151606391682,661.7874738675778,854700
2023-11-17,670.960693359375,672.4276160672474,664.2226140624641,666.0415838948088,627600
2023-11-20,678.9993896484375,681.6007062764119,670.2076425850937,670.2076425850937,674700
2023-11-21,669.3274536132812,679.2634431751272,664.9266856397151,678.5690782956175,705400
2023-11-22,669.6991577148438,678.7451818376348,668.8287691765298,674.266160748173,522300
2023-11-24,675.9383544921875,676.7793757740278,672.7307148424491,674.8528461152147,352100
2023-11-27,673.2001342773438,675.0875675544207,669.9435493444181,672.4959803805765,545500
2023-11-28,661.0833740234375,667.7920861752106,657.8170595727611,665.0049569226269,644300
2023-11-29,672.4470825195312,677.825798699702,669.5719118465615,671.3713631591904,795500
2023-11-30,668.6820678710938,669.2395056721008,661.4648032527236,668.0463774780405,753600
2023-12-01,676.93603515625,680.2415062106128,667.9877815601698,672.9948736340307,857600
2023-12-04,675.097412109375,675.4885556937609,664.1443770295022,671.5963397849193,748500
2023-12-05,679.2146606445312,682.0506757327189,672.7601641580712,675.097475605954,610000
2023-12-06,676.818603515625,687.7618494390886,675.9775224555688,684.0065009972863,657100
2023-12-07,684.2216186523438,685.0430618784312,676.8283311713909,680.0359708695972,780600
2023-12-08,681.07275390625,687.3316489834211,678.7257130192462,680.0068233307276,920600
2023-12-11,694.578125,697.7564575879821,687.1065842216033,689.179830242317,1585000
2023-12-12,704.6705932617188,705.0813149330054,695.624569322344,699.1549492046171,880100
2023-12-13,719.07568359375,722.3909431152491,704.8465457961985,708.6703576046727,1037200
2023-12-14,737.0895385742188,739.3192299740965,727.8870103481511,727.8870103481511,1446600
2023-12-15,736.3561401367188,743.5636159640552,733.0897658120866,737.0896015277441,1507000
2023-12-18,725.6964111328125,731.3098255827599,720.0829966828652,730.8893149196673,808900
2023-12-19,728.2977294921875,728.6498362924275,724.2001828532863,726.6156868356755,571000
2023-12-20,713.52099609375,733.3244533667975,713.52099609375,723.2906921315083,1007600
2023-12-21,738.6151123046875,739.2507429555675,727.1535259385853,727.7598491756629,868200
2023-12-22,735.9356689453125,739.1530982652174,732.591041846421,736.2388306156425,597300
2023-12-26,745.8617553710938,748.9129499182201,733.4613755445952,733.5591465189719,509000
2023-12-27,747.1819458007812,747.6219748300412,741.6271463540934,744.0427099440443,486900
2023-12-28,741.1382446289062,746.2627448925148,741.0991481771496,745.2652183249467,468000
2023-12-29,740.2286987304688,743.5830546364747,735.7399489245456,741.3142668366404,517900
2024-01-02,701.11083984375,714.65546272881,698.3921739826021,713.9024232639881,1368700
2024-01-03,687.8595581054688,691.057468459019,684.1726735542127,685.1506219496242,952000
2024-01-04,684.847412109375,693.8641267185361,682.1287467999738,682.6079319297052,752100
2024-01-05,687.8302001953125,694.1379191312525,684.1726233260366,685.3070768073993,579200
2024-01-08,704.9443359375,704.9443359375,696.2112043845747,696.9349363241497,835300
2024-01-09,700.1621704101562,703.2133646495208,694.9985741963186,694.9985741963186,587000
2024-01-10,701.9617309570312,704.1230189338324,692.4267317423023,700.6708315929428,506400
2024-01-11,702.6854248046875,708.2205875275872,693.0037099461175,704.6021658284628,603900
2024-01-12,697.4923706054688,699.7710072257308,693.9717800321538,696.8958363714701,580500
2024-01-16,690.9205932617188,695.6147339744816,687.0087993862101,692.3777269300678,913100
2024-01-17,696.5634765625,697.4435944992375,680.7304861559081,690.3828341755644,835100
2024-01-18,728.1119995117188,731.7695172216179,708.6996866622092,708.6996866622092,2230400
2024-01-19,741.1185302734375,742.7223200207201,728.3563176992361,731.9942564955209,1796100
2024-01-22,749.7735595703125,759.4063882470073,748.6489545927275,749.4997650247903,1418600
2024-01-23,761.2255249023438,761.4993195078399,745.7250017461431,749.1576113325559,1800700
2024-01-24,828.62548828125,845.5244659339328,808.274383682217,808.626430794339,7754300
2024-01-25,849.9154052734375,863.8022843783555,843.959673302607,849.8371526890885,3449500
2024-01-26,848.6146850585938,853.944515531236,834.3953374648937,844.5072900297121,1614800
2024-01-29,863.1567993164062,863.9391460870336,846.1209551523721,848.4484770852206,1034500
2024-01-30,848.888671875,858.3747246492516,843.5881479864804,854.7758813032626,895600
2024-01-31,850.6390991210938,864.5064005095455,840.5075678477783,842.2287069225055,1251200
2024-02-01,870.902099609375,874.0707023931909,857.328171775381,862.8633928463876,1040200
2024-02-02,871.01953125,873.3568423468633,859.7047203264698,859.8513767789186,896400
2024-02-05,880.263671875,883.5749274472138,863.1783991414655,867.5868691264449,950100
2024-02-06,886.4845581054688,887.3368575280825,872.7300933388977,880.5184023534704,1409500
2024-02-07,903.4717407226562,908.918647436883,886.6509967905057,886.8762994360867,1492200
2024-02-08,904.1672973632812,908.8598466903843,892.3819602365083,898.9261408918953,1150800
2024-02-09,930.2850341796875,934.9090600851923,912.7589636905478,917.6376509480182,1588800
2024-02-12,910.3098754882812,927.2285627565182,908.4876624743689,920.5472744887068,1033600
2024-02-13,884.9463500976562,897.2606816878738,870.9274199215213,872.729960575761,1297200
2024-02-14,905.6368408203125,906.9201929549172,894.8214165667056,896.1733520726186,1206400
2024-02-15,910.9270629882812,915.7371671854781,900.6406331883909,910.1825118357734,884300
2024-02-16,910.0452880859375,929.2270460535392,906.9005582183567,913.7581776554132,1161300
2024-02-20,891.0692749023438,901.2675082949977,880.23423864829,899.9155728305611,1044100
2024-02-21,889.7369995117188,890.1876048282456,874.4738804946548,879.1958487074259,867500
2024-02-22,932.4893188476562,939.9445766651312,922.0559760397883,927.6596023691395,1780800
2024-02-23,914.2677001953125,935.1442525221951,913.8170350670191,932.9106588022273,879000
2024-02-26,928.3160400390625,932.3619808041448,917.1576983567295,922.3596905332076,671300
2024-02-27,922.222412109375,938.2790518174511,921.2329460682433,933.615861243619,807500
2024-02-28,920.3905029296875,924.30914264413,916.079975326322,919.9398378367957,519700
2024-02-29,932.3228149414062,933.0771722699831,919.332513867535,920.3905634021867,777600
2024-03-01,970.7842407226562,971.2838768679966,930.9414869914847,932.2248391441224,1698200
2024-03-04,977.73974609375,987.1836818901226,967.659067237928,972.4103938404235,1433000
2024-03-05,949.1336669921875,971.8617274763011,939.1900956851191,969.5791630974389,1259500
2024-03-06,983.510009765625,989.0940834583132,961.5068256882298,966.8655967256368,1304500
2024-03-07,1026.0859375,1034.853845261518,994.1784092323466,995.011096181574,1580300
2024-03-08,974.105224609375,1019.05196486528,973.0275628658371,1017.7490602771597,1638500
2024-03-11,943.0892944335938,961.0758978387138,938.0244688739211,959.5769893075777,1432100
2024-03-12,964.26953125,964.9553052168305,931.1472286509959,947.1352872148552,1165200
2024-03-13,949.074951171875,963.1624055911965,939.5526258055132,963.1624055911965,851100
2024-03-14,940.2581176757812,951.7102858464746,931.2256212468877,948.8889200141464,876600
2024-03-15,921.0859985351562,935.3596495612701,912.8372196412597,935.3596495612701,1727400
2024-03-18,922.1929931640625,938.7198493987341,920.6353077547274,930.0498241917096,821400
2024-03-19,932.548095703125,937.1329569810312,909.124452130415,919.4500466881472,817600
2024-03-20,951.17138671875,954.4826420107305,927.6301900839892,936.6234609169975,838600
2024-03-21,970.6373291015625,985.204868806634,967.9824887169417,984.5681256702414,1112400
2024-03-22,960.0275268554688,970.921340043387,952.7878259214615,953.904652545996,692800
2024-03-25,959.0184936523438,972.0969896697859,956.5987623122081,959.2144375982176,860900
2024-03-26,951.5435791015625,969.265651701614,951.0831676833141,966.6695292395997,706000
2024-03-27,954.1986083984375,959.2830459889361,944.4607859921265,958.8716055474579,572100
2024-03-28,950.7305297851562,952.1020775847543,942.0899819462554,949.8292594048554,685700
2024-04-01,972.7532958984375,1001.8589528476025,959.8315796085433,959.8315796085433,1108500
2024-04-02,947.0470581054688,954.0320380840213,937.6520932099036,948.4381584427542,964000
2024-04-03,960.3313598632812,966.4052042340595,942.5308940088613,946.2340376352745,892100
2024-04-04,934.0174560546875,976.5249106037974,933.9979035177168,971.8127491938538,1269700
2024-04-05,959.6259155273438,966.5325063849755,947.2528052728159,956.6379645655256,878400
2024-04-08,962.7216796875,975.9372832399454,960.1941401989225,969.7164064957916,929000
2024-04-09,969.6966552734375,979.8557223927627,949.6429885152685,973.5270986980652,717500
2024-04-10,954.7863159179688,963.475894403146,943.2263411156774,943.2263411156774,722800
2024-04-11,971.9989624023438,972.0087685684358,943.7357979141765,961.5851727747576,964700
2024-04-12,942.2761840820312,952.3764761120557,937.044773465115,950.093851610098,1031000
2024-04-15,935.39892578125,968.6093623927707,931.754559654474,965.3764964987215,1077500
2024-04-16,957.0493774414062,958.7050051414398,937.7305120125636,938.8081140353887,1506500
2024-04-17,889.1491088867188,923.652761711698,877.6185525052994,923.6331493796847,3774100
2024-04-18,870.9470825195312,885.2206748558456,868.37057216081,882.7911374017829,1653700
2024-04-19,842.0568237304688,877.9809942402716,838.1872150761826,869.3893580403046,2486800
2024-04-22,854.3124389648438,862.1007474488312,844.9175336220027,852.3041480460035,1143900
2024-04-23,883.2319946289062,889.5899778950552,857.2024235743812,861.4149492400647,991300
2024-04-24,874.1701049804688,896.388783723083,864.0305894195162,894.4784350121475,860600
2024-04-25,884.1528930664062,892.5289735098785,853.2837991024923,857.2024388228251,1114200
2024-04-26,902.1502685546875,909.4345050927209,894.8660919346974,895.5729450928711,865100
2024-04-29,893.1187133789062,896.5350005856831,884.5877620031649,895.1606004883587,650800
2024-04-30,856.5013427734375,890.5760747705936,855.2742212513019,879.6988528213318,1093000
2024-05-01,837.2307739257812,864.4728747241035,833.5984818357284,855.1663433287272,1458200
2024-05-02,854.3515625,861.9302369618256,846.5666501148196,858.9851450359879,876800
2024-05-03,885.1277465820312,888.3968153872515,872.4049279289388,878.216619120008,1038000
2024-05-06,900.1378784179688,901.551524937494,888.4655429694832,892.5592039647142,642000
2024-05-07,891.5970458984375,909.4247014778331,891.0277046355385,907.9030827269046,655000
2024-05-08,894.78759765625,899.9513349741139,886.7868007159269,887.8862968842119,555700
2024-05-09,896.8196411132812,901.3649039558805,890.7724127077165,897.958443422681,756000
2024-05-10,913.2630615234375,921.8136656582384,908.0699049348993,908.0699049348993,814100
2024-05-13,900.4519653320312,911.9967344421036,897.5265267354745,910.700886897295,745700
2024-05-14,898.282470703125,899.6077380341401,889.2999168256596,896.1914507502468,592000
2024-05-15,920.2626953125,920.2626953125,893.9826985040896,901.8362771526319,883000
2024-05-16,902.7098999023438,921.6272257585706,902.120905498547,919.3595074268824,811100
2024-05-17,908.04052734375,913.9307111730919,899.4409092840713,903.9468663594108,703700
2024-05-20,922.2456665039062,929.3923913231689,908.8357084391395,908.8357084391395,669300
2024-05-21,908.3350219726562,916.4929236182775,898.5867755959785,904.0842561578968,746400
2024-05-22,905.4487915039062,916.4143324054501,896.7705619279012,914.1662673972536,668600
2024-05-23,917.1507568359375,951.7457621496629,910.4359205423636,949.8707465595713,1357200
2024-05-24,938.7186279296875,941.0256526939952,916.6402637229238,921.0873815580773,684900
2024-05-28,973.6964111328125,974.7075880793425,947.5832877756766,954.9950901642055,1184000
2024-05-29,940.34814453125,947.8286726070617,938.4436495142718,943.9509565770543,902000
2024-05-30,948.437255859375,951.411827016194,935.361042492032,939.4841825495249,846500
2024-05-31,942.77294921875,962.0633245402709,915.8548268540742,954.0232215027482,1040400
2024-06-03,947.80908203125,954.4650184297407,931.0319088699467,951.5984791149862,752800
2024-06-04,933.4075317382812,946.0714498487465,925.7404788436257,944.628323777366,765400
2024-06-05,1022.2807006835938,1022.4967651793685,990.4344956790713,1000.6931852105716,2586500
2024-06-06,1033.34423828125,1035.1407009518825,1014.0833447009173,1028.8186287317576,1370700
2024-06-07,1009.5971069335938,1024.6366557472088,1007.7318582321179,1021.2105420064318,936200
2024-06-10,1022.6439208984375,1026.973239820139,995.3625727715673,997.5419720731845,1039500
2024-06-11,1017.0480346679688,1019.8949802602016,1001.0267306087362,1008.6839560993159,789500
2024-06-12,1049.296875,1057.503849369571,1036.3090399678892,1039.764633352148,978400
2024-06-13,1033.4425048828125,1041.5808136784249,1019.7282226471624,1034.4438552818015,1106300
2024-06-14,1009.086669921875,1012.1299075583718,997.9934425932472,1002.7645369677565,1047200
2024-06-17,1033.20703125,1035.0821068334512,1013.7694946799638,1025.0785480375318,844400
2024-06-18,1041.9539794921875,1049.8468648470132,1022.9286793006185,1023.1249708439684,1025300
2024-06-20,1031.508544921875,1043.6914411836465,1025.893265488511,1038.8614476380035,1150300
2024-06-21,1017.6273193359375,1019.9834166428496,1004.4824390326037,1019.1784776463322,1626000
2024-06-24,983.6704711914062,1015.7719233362786,983.6704711914062,1014.260191059617,1027000
2024-06-25,1004.6100463867188,1004.7572650169742,984.2889022139341,986.7627384318258,621600
2024-06-26,997.9934692382812,1004.8653504623994,985.5259612375348,995.4410801793999,885100
2024-06-27,1009.1946411132812,1022.6438460576203,1005.886326038004,1010.598401130371,784300
2024-06-28,1004.01123046875,1029.6139719831829,996.8645054955839,1009.1847942590083,837600
2024-07-01,1014.5744018554688,1019.1098388958726,997.2081730429949,1016.5967559520644,791000
2024-07-02,1028.710693359375,1028.8088391121648,1007.0838752812213,1007.9772532873865,748700
2024-07-03,1051.8001708984375,1054.6372900257124,1036.0930165900875,1039.0184549062453,779800
2024-07-05,1054.8140869140625,1062.9720489302042,1049.768148453905,1059.9876508155971,771100
2024-07-08,1057.6707763671875,1067.880451365752,1056.1392711911642,1063.3253619098975,881900
2024-07-09,1040.5697021484375,1061.7253277889367,1039.9610545902456,1059.938571519466,925400
2024-07-10,1078.8360595703125,1080.4362307546132,1045.5074885049848,1049.6207421356248,925400
2024-07-11,1043.053466796875,1089.7724115814601,1042.130728780522,1089.6644392499363,1151400
2024-07-12,1065.3966064453125,1080.4754595508816,1046.7836677399505,1053.1253926709817,1053800
2024-07-15,1044.16259765625,1078.6201454099178,1040.9622551972811,1077.3537176743384,1365600
2024-07-16,1048.63916015625,1057.3371035140929,1041.3255633536107,1054.8533806346647,1197600
2024-07-17,915.0006713867188,962.0534100438601,911.702183241554,960.6692433837067,5188400
2024-07-18,907.235595703125,939.69050647157,894.3262520709949,936.0483878701357,2242200
2024-07-19,878.9822998046875,903.4953123505657,875.3401812797927,898.4787936492451,2133600
2024-07-22,924.0323486328125,925.3183696134255,905.1346768666331,911.2015585863373,1926800
2024-07-23,915.7369995117188,923.1978745641343,912.1734337391608,918.2599686072074,1056200
2024-07-24,856.7763061523438,902.8375260234349,854.8227381405568,901.3551535350406,1912000
2024-07-25,846.8414306640625,870.1469117860182,834.6192889700466,857.0216254767985,2075900
2024-07-26,872.130126953125,879.1787067667215,866.0828376966238,877.5588821649314,1681600
2024-07-29,856.2000732421875,883.197606745971,854.6953245705313,872.3690830541562,1231500
2024-07-30,846.0599975585938,879.2045067296184,841.8898983210933,877.7882409481025,1682100
2024-07-31,921.2596435546875,926.7083017336771,901.9236812993046,910.2639395585207,2406800
2024-08-01,869.1431884765625,912.4670683588698,857.4393207993583,907.8248403284998,1808500
2024-08-02,796.0087890625,814.9316906187426,782.7706998181885,810.614040220669,3624100
2024-08-05,806.8275146484375,825.0520991902752,754.7601630711137,762.2250776638626,2815600
2024-08-06,829.114013671875,845.8337893200201,821.7573315959922,826.5076716915672,1995700
2024-08-07,822.563720703125,863.9107787042063,820.8721017130345,862.5436768276868,1521600
2024-08-08,862.199462890625,864.146805671835,835.2609409482644,846.7778767260635,1447700
2024-08-09,846.3648681640625,851.0365701927731,834.5528287983983,841.1325546884186,950500
2024-08-12,838.8015747070312,852.6789732663094,838.7622556712392,847.5450477440551,1151200
2024-08-13,855.1575317382812,858.2851061992982,842.204639577385,846.610773153298,1526600
2024-08-14,865.0811157226562,875.712922456838,856.1114536133864,872.959089358213,887700
2024-08-15,912.9488525390625,915.4666514441215,881.5255000122452,885.5481074181748,1459000
2024-08-16,903.5169067382812,907.254316076896,897.979766121462,901.0581163992248,804200
2024-08-19,917.7681884765625,918.3189551608634,894.4588419609502,902.0220841249969,1024600
2024-08-20,910.9130249023438,920.9449021260187,902.2285600673702,920.551471635261,921300
2024-08-21,928.0557861328125,929.4720519826218,916.3125993032894,918.3287956792291,646500
2024-08-22,892.7474975585938,928.4294335217622,889.6789318648814,927.4557621036314,1092600
2024-08-23,892.3048095703125,906.9296888976634,888.2428833520121,897.8616394125057,1395900
2024-08-26,868.7496337890625,889.7280497322004,867.9038243209269,888.6461459675298,1251500
2024-08-27,875.2114868164062,880.9945674427113,860.0653118372128,865.4943410037206,661600
2024-08-28,873.4901733398438,882.6663955148244,865.9072424712508,876.0178169627081,727300
2024-08-29,873.0772094726562,899.455121823618,868.4349816767782,891.1247081849724,1173800
2024-08-30,888.9707641601562,891.9803212675791,874.2868748070484,885.213725151833,991200
2024-09-03,831.454833984375,878.0144605944936,827.7764927388629,877.8865986770554,1870800
2024-09-04,798.103759765625,809.1584729830745,786.0556855155598,791.7305935757089,2350900
2024-09-05,782.4854125976562,794.7302004780104,777.4695043233237,782.5739554625482,1672000
2024-09-06,740.381103515625,779.869301086692,738.4927693092137,779.7315944182395,3286800
2024-09-09,737.4600219726562,751.6816858620132,725.982406319193,751.4849706434924,2539900
2024-09-10,738.994384765625,739.6041599888226,722.1467479678099,737.5485847803213,1524000
2024-09-11,786.9506225585938,788.386517711496,746.2231853834938,757.3369658437083,2559100
2024-09-12,786.9801025390625,795.3596793634168,780.6364113528392,788.1800234596169,1318700
2024-09-13,802.9031982421875,805.1259542584534,790.6190916162672,790.8649706441008,1069200
2024-09-16,789.802734375,795.8907013352751,779.0824450783264,795.6251928123914,1150100
2024-09-17,792.4091796875,798.3889750679192,783.4099823310761,795.3695730919145,734600
2024-09-18,774.8534545898438,797.5431212352802,773.407654513767,786.9015284311935,1249000
2024-09-19,814.5087280273438,825.8093792879687,808.6666395541971,818.9443955755374,1644300
2024-09-20,782.1707153320312,796.8349140173046,776.6432996055589,796.2152940699915,2748600
2024-09-23,790.2552490234375,794.2974861080445,784.8557548108647,794.2974861080445,965600
2024-09-24,800.5822143554688,803.0410049400986,787.7965033153937,796.2055551090143,881200
2024-09-25,804.6932373046875,813.5744169630833,800.5821469965709,802.8933859400346,878200
2024-09-26,838.3886108398438,847.7910239713564,825.8586231760551,846.1485686100849,1566400
2024-09-27,827.668212890625,840.0703979678315,824.3833023530486,838.3984083986799,1038400
2024-09-30,819.5149536132812,828.278057397543,806.1883198087625,822.7605453841534,994700
2024-10-01,808.7944946289062,827.402663699748,798.5167987234236,825.8388465839283,1244100
2024-10-02,818.4723510742188,825.4356625970318,803.0409794536708,807.2700871191998,898400
2024-10-03,818.688720703125,823.7046895064414,810.2108155810871,812.2958651917143,651900
2024-10-04,819.2689208984375,825.5044394582778,812.3449890837788,822.2686330327699,862500
2024-10-07,803.778564453125,809.4337822513575,797.641433351519,798.3396913914843,898200
2024-10-08,810.673095703125,817.1348045246303,806.5521603066059,808.942097537179,1265900
2024-10-09,831.9564208984375,832.1727656597479,812.7483196986243,816.1513075382275,1004900
2024-10-10,820.2229614257812,821.855631904052,807.958543451131,811.4008500878674,876300
2024-10-11,826.8322143554688,831.0711666623712,814.754606930141,816.2397259568742,964700
2024-10-14,857.8917236328125,858.855550331699,838.1230113351924,838.4672780341282,1769200
2024-10-15,718.3897705078125,859.2489996800389,705.6729125417334,852.9249373385796,9350700
2024-10-16,672.2530517578125,705.653225454944,666.1060751464065,699.2505250118526,10296200
2024-10-17,689.0514526367188,692.2774147127416,665.9585105675402,681.2227017973703,7209100
2024-10-18,711.3380126953125,714.485276878615,701.4241515280846,705.8401301349713,4537800
2024-10-21,702.328857421875,712.9016560150834,697.1063890760666,712.0656913007335,2184800
2024-10-22,709.0265502929688,712.1738137524408,705.8104935335185,711.0821253114261,2067000
2024-10-23,696.9392700195312,704.502512271926,688.5596924835071,702.2797559749756,1681400
2024-10-24,699.0931396484375,708.1316558232327,694.8050234729278,708.121811056696,1854700
2024-10-25,699.968505859375,711.328106195853,699.5062220208081,704.1877688331908,1380100
2024-10-28,696.9686889648438,699.7716857605541,692.3854704495637,696.71296518128,1182800
2024-10-29,704.9842529296875,705.7728800307121,693.6968432805743,697.6893168663295,1445500
2024-10-30,674.1190795898438,685.7416304249195,672.9262409046368,683.7010188734041,3085200
2024-10-31,662.9991455078125,673.3007577144292,657.7448196729331,673.2810224793491,2398300
2024-11-01,665.1480712890625,673.064065321965,663.896147602928,668.9138303001695,1801700
2024-11-04,661.6288452148438,668.7956233595745,661.293707241624,666.4494168734469,1232500
2024-11-05,666.8536376953125,675.7849745566401,663.9060480355897,663.945518504813,1282000
2024-11-06,652.0369873046875,663.4820985864723,645.4715928218599,659.0558709616774,3208600
2024-11-07,667.593017578125,670.1856739756892,660.2980803083761,664.5370043247325,1758300
2024-11-08,659.962890625,661.7077742753893,652.4905768132123,660.4853930256891,1726800
2024-11-11,661.7767944335938,662.4471306044438,652.5398616379227,662.2302836822876,1520100
2024-11-12,659.677001953125,666.9324685305455,653.4172020444981,663.0878883313728,1711000
2024-11-13,663.846923828125,664.1131088303412,647.4531406841803,655.1817716820689,2453700
2024-11-14,683.1192626953125,701.8888530603498,681.7095774156934,695.6585964702812,3925300
2024-11-15,649.2767944335938,670.22502299808,648.182571993699,668.7265892774632,3063200
2024-11-18,655.7830810546875,659.3615364102578,638.7977827217003,641.824193017457,2010600
2024-11-19,652.756591796875,661.8752318823625,644.1899967044218,653.4072527837604,1640700
2024-11-20,649.0796508789062,649.1289287969374,636.2839986686646,647.2066688149339,1677800
2024-11-21,662.6146240234375,663.5018671836423,639.8032810753397,644.6336600353561,2859000
2024-11-22,663.3244018554688,665.2171189910804,656.7589471584644,658.3165263455953,1275600
2024-11-25,674.7498168945312,676.9580572098777,668.371726205232,675.2723192486488,1511300
2024-11-26,662.4273071289062,672.1670057974252,657.3603461347257,669.9391506594831,1424100
2024-11-27,660.9585571289062,663.1371947867358,650.24292579323,660.2488106622334,1231800
2024-11-29,676.8594360351562,689.714293485563,668.9040308956963,669.2293614124077,1706500
2024-12-02,701.3663940429688,703.5450315196648,671.0333993644595,672.0684762931678,2325900
2024-12-03,707.8628540039062,711.0864361083393,690.6705163942603,692.6717173199255,1647200
2024-12-04,709.6964111328125,714.6451414496779,706.7488817003326,713.5114485133101,1529800
2024-12-05,701.3959350585938,718.8642631268007,697.9456388214819,718.7953101502429,1801100
2024-12-06,698.9117431640625,707.0249097022836,697.0387611988717,701.632557981947,1215400
2024-12-09,696.48681640625,712.9398061940552,695.6291759817636,703.1212252574894,1267500
2024-12-10,695.2545166015625,708.0994469605135,690.6212490238582,706.4433117734957,1214700
2024-12-11,704.2843627929688,707.8036723954208,696.4571164324452,701.7804550275682,1217600
2024-12-12,702.9732666015625,709.6570129283833,700.5383718700639,703.2099089110164,868700
2024-12-13,708.3754272460938,714.6845044331445,706.0488959931331,708.3754272460938,1455700
2024-12-16,712.12158203125,720.6191657385248,703.2001119172788,709.8246532057511,1542800
2024-12-17,724.7495727539062,734.5385496514742,722.2752076248867,729.4912635603125,1753300
2024-12-18,709.2725219726562,746.4371567826146,705.3194583050529,737.8804285731643,2257000
2024-12-19,700.1736450195312,710.5935482300803,698.7146816749606,707.5572702996502,1620800
2024-12-20,695.6586303710938,710.1696229234594,686.3921558818379,690.20719319437,2701800
2024-12-23,710.8004150390625,711.7960815519843,697.0387009445802,697.0583760080153,1232600
2024-12-24,709.4893798828125,709.9724117385903,704.8462451944071,706.2165201674369,586800
2024-12-26,705.694091796875,710.2682138182996,701.0115463206267,704.0675594693229,734000
2024-12-27,703.456298828125,707.3107462464693,698.5273040807629,707.3008786300317,942300
2024-12-30,686.2639770507812,692.8293717170593,684.6077818329511,690.0592790180227,1202600
2024-12-31,683.2376098632812,692.9969841778651,677.667821265794,691.429597411477,965000
2025-01-02,690.4733276367188,701.8494867511913,686.4513109860986,695.3235021005083,1115100
2025-01-03,704.2153930664062,707.3798296692115,692.6027115755,693.1744317017499,1062900
2025-01-06,757.5963745117188,769.9977423760978,739.0042204159699,740.394170486733,2761100
2025-01-07,746.8216552734375,767.3361309358837,742.7897107165476,763.9942577422471,1490200
2025-01-08,733.4147338867188,742.6319908026508,726.5338759975086,742.3066602796798,1185400
2025-01-10,728.5153198242188,740.6307677273703,724.9565999175853,740.3350400646187,1515800
2025-01-13,717.0800170898438,718.6474639585799,707.3995239528832,710.9582438675993,1321800
2025-01-14,725.8339233398438,729.0180950212404,717.7208168316614,727.0661720886392,1022600
2025-01-15,715.9857788085938,733.8977292196068,714.8915563939416,728.9589269287299,1864400
2025-01-16,739.625244140625,760.6030139149698,737.8310828822285,748.0242100422589,2407600
2025-01-17,745.5894165039062,758.2766455348969,740.8279902186227,757.0049262455085,1933600
2025-01-21,752.1646118164062,756.8274216764017,744.7612519473385,752.1646118164062,1332000
2025-01-22,755.822021484375,773.6748280803458,755.0136590322599,766.7052214825975,1699900
2025-01-23,735.6426391601562,737.1312052832249,725.5480669855614,729.5011306187712,1751100
2025-01-24,721.8513793945312,739.3493131388166,718.943260062505,738.7183872845219,1505700
2025-01-27,680.3491821289062,680.7927435299843,662.3977612531851,663.2356663089924,4947800
2025-01-28,673.645751953125,683.6023583882636,657.1336179832075,669.1603783412451,2811900
2025-01-29,702.5296630859375,718.1151424625227,694.5939332082912,716.8335556612469,4971500
2025-01-30,726.5239868164062,735.0018942174785,720.2050417750089,729.5898072298412,2745600
2025-01-31,728.8110961914062,743.8839420661407,727.2929873089005,737.4664407661846,2125700
2025-02-03,720.67822265625,725.0058947554436,707.7248092098331,708.9176476739004,1647200
2025-02-04,721.023193359375,732.1430345475577,718.9234969222172,726.4352802099899,1497000
2025-02-05,732.04443359375,732.6556240999224,712.1411513424893,718.8839821423242,1249700
2025-02-06,728.6336059570312,731.8669953285528,724.5721189670157,727.2140530170378,1120200
2025-02-07,717.3659057617188,731.7782815533097,713.4719878874112,728.5546997427514,1312400
2025-02-10,733.5133056640625,734.9722688683115,725.4297421731497,726.2577796037368,985700
2025-02-11,743.8564453125,744.3602755087508,734.8667302239633,735.6471364267006,1096700
2025-02-12,747.0077514648438,747.6202343309673,724.6717229264952,729.403662565254,1077800
2025-02-13,767.5755615234375,767.5755615234375,743.6292760508787,745.6248199387991,1674100
2025-02-14,742.4437866210938,768.928939212418,739.6085659744324,768.7906210599906,2047300
2025-02-18,735.2025756835938,749.734362612721,729.6506756430966,748.2624259526218,1715400
2025-02-19,735.7755737304688,743.7478003232499,732.7032707043638,734.9457854067797,1457900
2025-02-20,734.0863037109375,746.3557986808154,731.4486116147933,742.2461699630128,1185900
2025-02-21,728.277587890625,736.6745973079765,724.3161655652574,735.1335015208522,1472300
2025-02-24,727.042724609375,741.7819287811586,725.7979818167177,737.0894823998484,1471200
2025-02-25,721.3425903320312,730.0260638088056,717.4108336506196,723.3183571541466,1691200
2025-02-26,737.8797607421875,744.6369099115532,729.9569163646755,734.8074577557968,1401400
2025-02-27,689.2462768554688,735.7755619989493,688.4658103614579,734.412278050434,2342800
2025-02-28,700.4884033203125,704.8548312224066,689.058584736214,698.255777108805,1773400
2025-03-03,691.3800659179688,723.4763881253779,684.0894815594548,713.3012011046771,2284100
2025-03-04,699.6387939453125,712.5603264635736,684.2969951905404,689.8094017710222,2044700
2025-03-05,730.7867431640625,731.5770378227913,710.5845156298392,722.7552463202389,1754300
2025-03-06,706.1785888671875,722.3106812091487,702.3850901204318,710.1399506118129,1427900
2025-03-07,723.347900390625,725.1063616536959,706.8305201133779,717.3613298438372,1426400
2025-03-10,674.8330078125,690.530489344513,667.8091713832486,689.5228289925029,2321500
2025-03-11,681.8469848632812,693.4941077876528,673.005416871538,690.3526459878491,1616800
2025-03-12,694.8474731445312,699.7177305867995,688.2978020301264,695.6081625814924,1306300
2025-03-13,686.1740112304688,696.7542046862771,679.9206919345393,689.3846325326416,1399500
2025-03-14,705.3486938476562,711.3056592375916,696.8133674511575,699.1052639999737,1367500
2025-03-17,721.4808959960938,725.6497349767232,708.5198706909428,709.3496589763264,1423300
2025-03-18,722.25146484375,725.2941627954319,711.2662055484855,721.0561644415911,1007300
2025-03-19,726.0054321289062,737.7019992292849,716.2748038301373,720.2757199221725,1080500
2025-03-20,725.1657104492188,726.4895007795718,715.4547994196124,716.225377439285,1282400
2025-03-21,707.5418701171875,712.6196056251976,702.5926245795811,703.1655535794755,1967200
2025-03-24,719.0210571289062,723.0812433006289,717.5392320768368,719.2087573806597,1104400
2025-03-25,717.9343872070312,726.0943139058436,716.6303738567873,723.1899342383954,1244300
2025-03-26,697.2086181640625,711.2661800573943,693.7312492010515,707.2257706002684,1266500
2025-03-27,682.2620239257812,693.9684199259154,680.6517689086317,690.0267741915824,1285500
2025-03-28,666.4063720703125,679.1105375746262,663.9069982343728,676.8285294310189,1393000
2025-03-31,654.6011962890625,657.1005099912655,644.9693329312493,652.2599174041974,1685000
2025-04-01,659.254150390625,662.5141536291602,648.3972609176766,656.5176940128403,1212600
2025-04-02,660.9038696289062,668.1944537961592,652.8229908168629,656.3398532374541,1119000
2025-04-03,615.6687622070312,643.0825309474164,615.2736449611228,641.6600365073933,2877100
2025-04-04,598.2127685546875,618.7903962378658,590.44801966072,614.4140801010019,4017000
2025-04-07,608.3782348632812,644.9397545748076,571.5005248831451,579.3937048379854,4179100
2025-04-08,588.1561889648438,630.1709027612445,575.8274222969654,624.3621430129657,2585200
2025-04-09,678.9328002929688,683.9018227717801,599.5168340133804,610.531758774325,3866700
2025-04-10,641.6796264648438,653.642879521454,620.0252400277095,648.2194095051444,2989900
2025-04-11,660.7063598632812,663.85771063362,643.497446211476,648.1108452642059,2163600
2025-04-14,664.717041015625,671.790319313112,654.6998897354723,668.2437916839253,1574000
2025-04-15,674.8824462890625,679.1995525342353,668.4908691662913,671.1482781181412,2105600
2025-04-16,627.2368774414062,645.2163696024626,616.6072410964808,639.1606387884368,4028300
2025-04-17,632.4034423828125,639.8125682526679,629.2125981361268,636.5525649290556,1439900
2025-04-21,617.1209106445312,625.9821961895748,606.6197048179623,624.3423362036698,1555100
2025-04-22,630.9512939453125,637.7874306541271,623.3544676723147,631.069835137702,1967000
2025-04-23,650.0075073242188,658.4144047971752,646.8561568320359,656.2015556043481,1849700
2025-04-24,666.8213500976562,670.1011304921298,654.5320771744019,658.4540059501816,1770700
2025-04-25,669.0638427734375,673.489541330191,656.5374878760673,658.8194962313459,1280900
2025-04-28,666.666748046875,668.3315248434267,655.0925423548823,666.0820651298083,1007600
2025-04-29,660.076904296875,667.5288136235604,656.9950866565276,659.58143288914,1104000
2025-04-30,662.0291137695312,663.4362356763854,645.5596485006638,651.6341329877899,1042100
2025-05-01,660.6814575195312,669.0351598495162,656.4600913390096,669.0351598495162,1066300
2025-05-02,684.0775756835938,688.7052617302339,679.3903750045396,680.1038852876577,1215500
2025-05-05,677.1707153320312,684.1667696803639,676.5464164759352,678.7958761790862,903700
2025-05-06,673.8312377929688,680.1534581918734,669.3819139488568,670.1845752605745,765100
2025-05-07,694.0465087890625,695.6022963921943,677.2698528335255,679.5688476079546,1041400
2025-05-08,701.6173095703125,710.3177565217185,699.3083957471905,704.6792891697722,1040500
2025-05-09,699.8137817382812,704.0748239568841,697.5247061418034,702.7866103301928,884000
2025-05-12,743.4052734375,743.7223823797713,722.7738378390156,723.8043965396373,2571500
2025-05-13,756.9812622070312,757.9424477335256,737.7965627937199,738.5100730917347,1815600
2025-05-14,761.9458618164062,766.6925169113906,757.3479328284373,758.0713017751244,1156100
2025-05-15,751.491455078125,760.0532163860356,748.3700211829022,756.7533595415034,1511000
2025-05-16,741.3242797851562,746.6258600209397,735.4876726967603,746.0610153706405,1095100
2025-05-19,742.344970703125,743.2070860843951,730.5924038309405,733.0300843645949,977900
2025-05-20,741.9784545898438,742.1964330078029,734.5859983925498,738.8767983107713,777200
2025-05-21,730.4933471679688,748.9446987866405,728.8285703845946,742.2261374995361,1058700
2025-05-22,733.9913940429688,740.4424417874758,727.5007303574095,729.6510594447941,863500
2025-05-23,725.8557739257812,729.3240741655256,715.976101988669,718.0372197267063,1525200
2025-05-27,749.9356689453125,754.3156801890341,743.1576532580675,744.5647752662034,1385100
2025-05-28,739.748779296875,749.5392997934487,738.0641643037874,745.3277925519063,1244000
2025-05-29,740.3036499023438,752.670596776328,738.0938667976259,750.9662041802322,1166000
2025-05-30,730.0970458984375,739.2038138944248,716.4517423230753,738.2624060092855,1785400
2025-06-02,739.7686157226562,740.1847947963448,726.0241823614439,726.6484812131533,812600
2025-06-03,740.4820556640625,741.7702692917316,725.5683776464559,726.0241726555228,1085100
2025-06-04,736.0525512695312,745.952060557806,733.7039610964271,744.3764348309502,1160000
2025-06-05,740.9874877929688,749.6087032964253,737.2615327353016,747.2997893569661,1506500
2025-06-06,746.1998291015625,755.1975469317939,745.9817902164813,749.212273692197,1345100
2025-06-09,763.2242431640625,775.1155581118827,750.2032387804342,750.2032387804342,1769400
2025-06-10,777.8604125976562,781.1503502556927,769.4572362311343,772.0535017685711,1715500
2025-06-11,776.9884643554688,790.0292466308608,773.6192342189139,782.8944454773282,1365900
2025-06-12,779.0892333984375,782.4187870019528,775.2542892424977,778.3261880167491,999600
2025-06-13,754.1075439453125,765.9294854381101,752.9877736341115,759.9442121192088,1742900
2025-06-16,768.2086791992188,772.132835031498,759.0424569663065,759.4289392302708,1454500
2025-06-17,752.9778442382812,766.2069680100803,751.3428247714434,759.8352125330003,1422800
2025-06-18,754.74169921875,761.0440809987572,747.4086982036868,757.8036786432777,1372500
2025-06-20,749.6781005859375,762.0450492738272,729.5817484857589,761.4108312687154,2303900
2025-06-23,772.657958984375,773.6786591897319,752.9283127122463,754.3651919951726,1302800
2025-06-24,805.9932861328125,806.0924167101965,778.9900926604586,778.9900926604586,2039600
2025-06-25,807.8562622070312,812.1173044860844,798.9179380928583,809.3525956300313,1400100
2025-06-26,790.8616333007812,793.6263421748816,779.3765786572204,792.5164909828328,1705800
2025-06-27,788.740966796875,798.1945397312402,781.308895485545,795.6676475818582,1201000
2025-06-30,794.1317138671875,795.1721917747337,786.8482475496587,789.2661505497156,1080400
2025-07-01,783.310546875,788.2950183228245,775.4523775203113,780.9124821704085,1065800
2025-07-02,792.3480224609375,793.2497538449536,765.860078871632,769.2094705534381,1383000
2025-07-03,787.3041381835938,791.2976671230913,779.4855841457787,779.8423090758865,910700
2025-07-07,777.9793090820312,786.3031923085327,776.7009541619561,778.3459530792633,1363700
2025-07-08,786.90771484375,791.1588984970065,771.6769276548935,775.571325905655,1327800
2025-07-09,792.5858764648438,793.6461926254892,785.2924907558848,785.7285080510816,1334300
2025-07-10,794.8253784179688,803.753722705326,790.7723955428638,801.6033936525048,1498900
2025-07-11,794.6668090820312,795.9154067763517,789.3058347635133,789.8508412459548,932400
2025-07-14,799.42333984375,805.4086736196497,782.7160572017547,790.3958646141297,1456900
2025-07-15,815.5658569335938,819.0737730776518,806.8356522752068,815.5261805083019,2099600
2025-07-16,747.6168212890625,754.0084145629362,723.982798785532,747.5276098231905,10789600
2025-07-17,738.1632690429688,749.9951300090984,735.279651738012,740.0560039034112,4078500
2025-07-18,727.9268188476562,745.2782379036471,727.6790831340809,745.2683187979277,2567200
2025-07-21,713.1617431640625,726.2620390943458,712.80501825376,724.3792234860516,2650300
2025-07-22,699.0902709960938,712.5472904584498,694.8391483778299,711.8040833969274,3425100
2025-07-23,710.4366455078125,713.449089978301,701.7163605817867,708.7322528485805,3379400
2025-07-24,718.5128173828125,720.0487666157052,711.853650362111,716.4615585431371,2037100
2025-07-25,704.8081665039062,706.6909822839949,700.2002576371593,702.7172914149996,2312100
2025-07-28,723.3783569335938,728.7492502124155,721.8919426677597,728.4916558781794,2253900
2025-07-29,713.7885131835938,722.1633437588,711.0167915242523,718.0007588188047,2292900
2025-07-30,716.729248046875,719.2824386848893,710.818169381883,712.1990885542328,1407000
2025-07-31,690.1641845703125,702.910187763721,686.6870868322708,701.7776934408031,2892200
2025-08-01,685.30615234375,688.8925156632091,679.0076116172627,685.4849672328226,1627100
2025-08-04,694.78369140625,694.8731291668861,688.3660015176297,691.0284575391662,1025600
2025-08-05,685.1173706054688,691.0781092544945,679.762625833176,690.1740299366949,1261200
2025-08-06,686.438720703125,687.8990726436663,680.9548214545554,683.1503821344697,1218700
2025-08-07,708.45361328125,712.2089075262809,701.9961467709029,709.3477482831428,1723800
2025-08-08,717.5934448242188,718.7657161174063,705.8011220312466,707.7482577973893,1042900
2025-08-11,716.5901489257812,727.0711035074687,714.8118835121178,719.2625494978272,1179700
2025-08-12,736.9360961914062,738.4858859498975,718.7459095863145,720.7825439776524,1461800
2025-08-13,750.6259155273438,751.2517979569845,742.648430933925,745.718238119105,2011900
2025-08-14,750.2682495117188,752.0465146858643,739.6879143176434,742.3901473276953,1577400
2025-08-15,737.3036499023438,742.2610487750376,731.8396391483265,733.6676257894104,1635100
2025-08-18,742.6583251953125,743.1053927057783,734.6014082842016,734.8298838544491,1086400
2025-08-19,738.7440795898438,750.7450495637032,736.8565488610291,746.6221813580099,1121300
2025-08-20,744.5856323242188,748.5097972566164,733.3496427933679,745.8870577911601,1368400
2025-08-21,730.587890625,736.6479506579662,727.3193801287421,734.5219393226331,952700
2025-08-22,749.9503784179688,756.5866604429264,735.5253708926426,736.826796458924,1456000
2025-08-25,749.523193359375,753.2983158342089,747.1687063663652,749.8112739080176,731100
2025-08-26,758.2060546875,758.50407952676,750.9637175967132,753.8050494263949,860100
2025-08-27,764.9614868164062,765.5377085507255,752.8313614108685,755.0269220525568,1140700
2025-08-28,758.4642944335938,768.1107178997624,755.8912155100617,764.96147788441,985400
2025-08-29,737.7606201171875,748.6687524766203,734.9491214006522,748.072702864104,1317800
2025-09-02,721.1004028320312,722.4416055378973,711.5135836353696,712.516984439053,1867400
2025-09-03,731.9985961914062,733.4688923488761,724.7860925895124,727.4286600935825,1330300
2025-09-04,748.4998779296875,751.9472033053224,730.6176620188429,732.2270565999575,1532700
2025-09-05,776.5849609375,777.97576366098,761.2261015640292,769.8095803071244,1887300
2025-09-08,791.0397338867188,793.4737144258323,781.6018971872853,784.4829452761581,1284500
2025-09-09,799.8616333007812,800.5670092416653,787.9302110847016,789.9966175739469,1324100
2025-09-10,787.9500122070312,804.3022655066951,785.8438895204748,801.5404882853966,1634300
2025-09-11,798.8980102539062,803.8554094822026,793.2850170036138,794.4572884822719,1297800
2025-09-12,808.5443725585938,810.4419082788515,801.0239001748648,803.229404960221,1019700
2025-09-15,861.6248168945312,863.0355081572743,828.4632338207432,829.4666345951199,2702300
2025-09-16,872.6720581054688,875.6922047289595,861.8930791327846,874.1821314172141,1832400
2025-09-17,866.5623168945312,871.887229158817,855.5448576776456,862.5487138450699,1553300
2025-09-18,921.7288818359375,932.5376928587309,910.0359406561616,922.5931840962506,3176100
2025-09-19,926.0504760742188,932.5079431522956,919.8115403151527,920.0102437370169,2410200
2025-09-22,951.5325927734375,958.22847966498,947.3501798507093,954.6321721022479,1885000
2025-09-23,957.2052001953125,971.0837572088097,949.74433281634,958.0992745874239,1664800
2025-09-24,940.7437133789062,947.3601070794964,934.7929185643868,943.5054909560096,1400700
2025-09-25,943.336669921875,946.4263052889057,930.9880120853575,932.0609621544316,1272600
2025-09-26,945.293701171875,948.9694415300652,936.5810686976481,940.0482220081285,955200
2025-09-29,956.3110961914062,965.7092160118251,956.0726763457752,957.4237625615306,1213800
2025-09-30,961.7553100585938,969.255894352754,956.7681391273325,961.7055887259944,1303600
2025-10-01,996.705078125,998.7813681622388,958.5066652604136,959.2914740318633,1963800
2025-10-02,1023.4290771484375,1033.423185997617,1015.2032286180248,1032.2012539647048,1689100
2025-10-03,1025.465576171875,1033.0456536509203,1018.7498009437402,1024.2535884216857,1352300
2025-10-06,1036.47314453125,1052.0703620128156,1033.2940111843418,1033.6317524153599,1385400
2025-10-07,995.7413940429688,1038.0129541322556,994.449912776906,1036.0061526870418,1667800
2025-10-08,981.3462524414062,985.1015470767868,971.0242249631912,971.5507860077827,1947000
2025-10-09,974.1238403320312,981.06815238394,965.1529594314093,978.9023637974298,1496000
2025-10-10,930.0640258789062,969.8122294070682,929.2891007181343,964.3382744920563,2933900
2025-10-13,978.2168579101562,978.7334746974587,960.6426098685783,965.3714725455909,2223900
2025-10-14,976.7465209960938,986.9791104690592,959.6789461859731,961.1294144552559,2422100
2025-10-15,1003.2022094726562,1026.240465920048,987.038654366869,1023.3892508897957,2900300
2025-10-16,1012.9183349609375,1042.5133821340082,1004.4838383798077,1030.3833171304361,1938400
2025-10-17,1022.5350341796875,1026.01213207598,1008.3583899247845,1013.9118386731755,1663700
2025-10-20,1035.3306884765625,1045.2851417479812,1024.740408509295,1024.9987168942193,1271700
2025-10-21,1018.3128051757812,1030.6912344092402,1017.4485028681272,1029.5289679133014,1072200
2025-10-22,1004.9507446289062,1026.41938451597,991.1416757714554,1019.7333207644851,1328600
2025-10-23,1029.6282958984375,1033.6914990699354,997.9270646955792,997.9469532292346,1318200
2025-10-24,1026.33984375,1036.5724937884238,1025.4259414213177,1031.1383160617443,1032700
2025-10-27,1053.0440673828125,1053.7891598044523,1042.4935635432557,1043.1393345629874,1265600
2025-10-28,1045.593017578125,1053.6996561078954,1044.8479252459797,1049.8848173233428,856900
2025-10-29,1065.7203369140625,1072.6072964974296,1059.7490225948534,1065.5412655170387,1530000
2025-10-30,1070.308349609375,1080.9174194012405,1065.491523104655,1067.5516947071428,1283100
2025-10-31,1054.1658935546875,1068.1487703146834,1046.3733718426124,1066.5564440736257,1179400
2025-11-03,1061.7196044921875,1068.2682240307556,1057.9079590109138,1057.9378447412212,868100
2025-11-04,1025.2149658203125,1058.1766158671019,1023.9111705523727,1044.9301920099383,1735100
2025-11-05,1038.7598876953125,1045.6169615563233,1025.8718495396654,1026.1703423638687,1169400
2025-11-06,1024.2794189453125,1036.5505478382406,1021.5326045913098,1034.9084120742841,1073000
2025-11-07,1012.0979614257812,1030.4498026745964,992.0542356859734,1026.170312272865,1841900
2025-11-10,1033.8236083984375,1037.804484492827,1016.1882957137511,1031.8132465328993,992900
2025-11-11,1017.5318603515625,1032.022247521364,1012.9140900507233,1026.8371950637586,1026000
2025-11-12,1032.3704833984375,1033.733928571431,1020.3283577740378,1025.2348409070405,961900
2025-11-13,1014.9840698242188,1036.8788885805752,1004.6835771157271,1036.0130528801326,1406300
2025-11-14,1002.1655883789062,1013.2025935868699,976.3098187334983,984.5701241133593,1307800
2025-11-17,1015.1234130859375,1020.0995082481235,999.4686371435722,999.9164371134897,1691500
2025-11-18,999.2595825195312,1012.8542472754447,989.2377199423597,1006.2460393081024,1414000
2025-11-19,1034.3609619140625,1039.7351690315904,1000.1951359794489,1000.961474078718,1587800
2025-11-20,976.349609375,1045.9253417608797,972.3289465506246,1037.2470613845012,2055100
2025-11-21,961.9488525390625,973.8615950155989,941.5866495838876,958.7442157178209,2481800
2025-11-24,983.0972900390625,990.3823007800361,972.9162185873686,972.9460435723502,1628100
2025-11-25,998.423583984375,1002.066119569694,969.0845470683039,989.0785236648036,1193000
2025-11-26,1035.9931640625,1049.9561167433937,1032.3407878344178,1035.6946712341205,1572400
2025-11-28,1054.9322509765625,1055.2109414826868,1030.489611451637,1035.4259808218844,939700
2025-12-01,1082.788330078125,1086.082563342546,1049.42856914447,1050.9811691267425,2103100
2025-12-02,1103.4788818359375,1107.8876336931535,1083.4750055047907,1084.4004910834149,1426000
2025-12-03,1135.46533203125,1136.2614343580346,1100.3340519068843,1104.9319589360043,2059500
2025-12-04,1104.772705078125,1124.1397501529634,1096.9006099643077,1117.163254983266,1511800
2025-12-05,1094.2135009765625,1123.980537899958,1093.0093247564334,1116.5662042927668,1054400
2025-12-08,1114.336669921875,1128.7575045612575,1108.703818023527,1113.470834277663,1118800
2025-12-09,1106.1260986328125,1110.405588740183,1100.3240158519714,1102.603106137961,904700
2025-12-10,1113.968505859375,1118.5863367148172,1093.626287297415,1104.0960108806412,1093600
2025-12-11,1117.4716796875,1122.3582390451284,1090.2325402307051,1109.4203919091615,1403600
2025-12-12,1075.6826171875,1109.2315380687667,1072.0400810036344,1104.086211217042,1623000
2025-12-15,1082.619140625,1092.4618716725283,1074.4285072275948,1084.1418549383056,1283400
2025-12-16,1070.9053955078125,1082.8579847689869,1060.8436250548111,1076.359175894378,956300
2025-12-17,1010.5753173828125,1060.0277565959314,1005.181246901196,1055.6985778341516,2140900
2025-12-18,1031.35546875,1046.7813633778276,1030.2009806841588,1042.9596349157387,1645400
2025-12-19,1050.97119140625,1057.5993839851553,1037.575582496255,1037.575582496255,2319600
2025-12-22,1051.9266357421875,1062.0580193537032,1044.9800260544787,1060.9035312134042,703700
2025-12-23,1056.7633056640625,1059.6594269613488,1050.642684535719,1052.8819272787694,543600
2025-12-24,1060.4259033203125,1061.6998129593,1052.3844550250742,1054.753081406091,229800
2025-12-26,1067.6212158203125,1070.945213368558,1057.9974040524912,1061.1522921169035,363800
2025-12-29,1060.9034423828125,1068.516891946782,1055.9969593123944,1059.4901876830781,424300
2025-12-30,1067.0142822265625,1080.8677766358167,1065.3025344322716,1079.3947502337032,807300
2025-12-31,1064.7451171875,1075.3741108836089,1063.8096695247684,1075.065534641617,561300
2026-01-02,1158.216064453125,1167.1630740654318,1128.0608784016413,1128.3395688946841,2697900
2026-01-05,1222.318115234375,1231.9419278801083,1205.4292758894799,1205.4292758894799,3290600
2026-01-06,1236.251220703125,1240.4212521250988,1216.5758401074722,1216.9738305790931,1895800
2026-01-07,1222.5968017578125,1229.851988009863,1216.1577632157632,1221.5816588187279,1351200
2026-01-08,1188.60986328125,1218.685472795594,1170.3775052589112,1211.4402495586141,1682300
2026-01-09,1267.7896728515625,1275.8708468347609,1215.1525216982045,1226.9558052816258,2394500
2026-01-12,1275.1044921875,1277.4234303403898,1249.248720540222,1250.0549062895186,1488600
2026-01-13,1264.0875244140625,1285.3055421440781,1262.0572385769797,1276.1893011837587,1374200
2026-01-14,1257.6781005859375,1267.1824904421621,1243.6455372615142,1261.0618694161828,1536500
2026-01-15,1325.2337646484375,1351.50757388733,1323.6414383432614,1347.168433073873,2858400
2026-01-16,1352.07470703125,1368.7944358604086,1331.8419472446212,1349.2283950935466,2469100
2026-01-20,1319.72998046875,1344.7996097691969,1305.0406600793037,1312.8132571465867,2970800
2026-01-21,1353.58740234375,1364.445275863799,1316.3463843820168,1325.6317340996209,2387200
2026-01-22,1388.3306884765625,1392.1125697710395,1366.7145580966626,1386.9871669463466,1844200
2026-01-23,1382.399169921875,1386.6984629560325,1356.7523544183316,1369.7398907097383,1556300
2026-01-26,1406.5928955078125,1413.1613172929801,1378.5377272962915,1379.2442939839666,2001300
2026-01-27,1447.635498046875,1466.5446580914236,1410.225251743433,1410.8522445412198,3473900
2026-01-28,1416.1170654296875,1486.3396550064183,1401.3181637360133,1485.8619693235423,5036800
2026-01-29,1448.202880859375,1460.4738871128789,1392.4008847759656,1452.342904334054,2818900
2026-01-30,1416.1966552734375,1459.4190704552896,1409.2400840926111,1433.1552261279992,2358800
2026-02-02,1434.4989013671875,1446.2126498426594,1388.728783776086,1390.5599529398567,1766600
2026-02-03,1389.2064208984375,1438.897763254804,1365.3510485934776,1429.1744533587967,2205100
2026-02-04,1332.7276611328125,1399.3774502465433,1309.7680116229262,1389.0869195186442,2479400
2026-02-05,1343.7049560546875,1362.3155032724444,1313.2213923858662,1322.7655088423855,1790200
2026-02-06,1406.2545166015625,1409.200326191414,1361.9772296196913,1365.8087987657784,1971000
2026-02-09,1422.655517578125,1430.2191572500756,1401.8653792736134,1409.0707547043687,1125100
2026-02-10,1408.7171630859375,1434.8960707952947,1405.906997164329,1434.278225995682,1200600
2026-02-11,1430.65087890625,1446.4558578391786,1404.4520203122381,1435.4043548099107,1139300
2026-02-12,1401.9906005859375,1434.2583031101133,1387.3714362047983,1430.2522260620951,1518100
2026-02-13,1401.7315673828125,1431.6773963492192,1396.1410386351617,1409.9429796056274,1248900
2026-02-17,1414.8558349609375,1423.5455623661855,1377.9542361650983,1387.7401241332252,1097200
2026-02-18,1463.6259765625,1471.3790222107268,1422.4293910650965,1431.4878299547818,1334400
2026-02-19,1453.8701171875,1454.727119893473,1422.628749558259,1434.049086114605,1135200
2026-02-20,1464.4930419921875,1481.8526686516334,1443.2967924729103,1444.3930747016684,1102500
2026-02-23,1480.836181640625,1487.8318538766537,1456.9293950742738,1466.296817703045,1284200
2026-02-24,1492.6053466796875,1502.1221521773657,1468.8181379898442,1494.8176180329626,1538900
2026-02-25,1521.2156982421875,1541.853831950164,1511.2204555496237,1517.1199673289639,1306900
2026-02-26,1458.72314453125,1509.0777986531793,1421.6421174217896,1507.57302606122,2177900
2026-02-27,1445.5291748046875,1456.6503817114851,1419.5594986294693,1425.3792100734117,1358300
2026-03-02,1418.602783203125,1437.6862680489762,1406.3154694182901,1412.8328257003302,1492400
2026-03-03,1356.2198486328125,1368.7363456850142,1324.4206083767397,1352.8715165821004,2012500
2026-03-04,1394.5166015625,1400.6752211759845,1367.9490315906396,1386.3051898424806,1486700
2026-03-05,1363.6141357421875,1402.4988230900701,1334.8043695299118,1376.3298902767256,1804500
2026-03-06,1288.3162841796875,1333.359470240547,1282.2075397378946,1289.372544569358,1900100
2026-03-09,1352.712158203125,1354.2866345593093,1271.6841040392178,1280.3340530664286,1808900
2026-03-10,1378.60205078125,1402.6583418849898,1365.1588471713576,1369.8225476509165,1650900
2026-03-11,1381.87060546875,1399.9078045724466,1367.241466861355,1379.159946843711,1164700
2026-03-12,1346.892333984375,1367.7797221084977,1328.9447875002493,1367.7797221084977,1780200
2026-03-13,1341.022705078125,1381.9802558794358,1337.8438272980177,1362.7970203669688,1179000
2026-03-16,1370.7891845703125,1385.338522858496,1363.4546043110572,1374.7354111203879,1310400
2026-03-17,1384.342041015625,1386.2354756168413,1364.5609106630131,1380.2463102357756,1135600
2026-03-18,1350.469970703125,1376.4993750559395,1349.323934865257,1368.6067998307265,1391400
2026-03-19,1361.6510009765625,1367.699895034459,1305.8252741696526,1310.6783788139921,1619100
2026-03-20,1312.681396484375,1365.2484442464176,1286.6220679089702,1352.552639978392,2645100
2026-03-23,1364.8697509765625,1395.5330510487609,1343.4343442382137,1355.0140378017468,1983200
2026-03-24,1394.5665283203125,1408.3784440049033,1344.0025162252248,1344.440931811905,1801000
2026-03-25,1389.0556640625,1400.9541948394128,1361.9499273092995,1389.2549217549365,1610000
2026-03-26,1324.888916015625,1354.7051887420973,1322.2480826396475,1352.1042555617676,1721100
2026-03-27,1297.95263671875,1329.1541031799213,1294.0163850939407,1313.8573656477843,1759700
2026-03-30,1249.6109619140625,1318.3318767322999,1243.7812752838356,1314.1962454828408,2144500
2026-03-31,1316.2489013671875,1317.8234992831206,1271.5844047816238,1279.8754948740407,1731500
2026-04-01,1355.0439453125,1380.9138691492597,1339.8967122297702,1340.972922665875,1745000
2026-04-02,1312.6614990234375,1351.4963121681094,1293.6776421533577,1301.0121012437396,1883400
2026-04-06,1299.4873046875,1315.4218367509327,1275.919305782992,1310.548782167155,1299200
2026-04-07,1301.9188232421875,1304.4600277992733,1267.797586715847,1285.9643405959432,1368900
2026-04-08,1416.1214599609375,1424.3328716634244,1379.4290936337004,1416.071584715789,2427300
2026-04-09,1443.61572265625,1448.508727453095,1407.2223648489826,1407.2223648489826,1579700
2026-04-10,1473.1529541015625,1497.2889233918547,1468.6087110250635,1477.2087847154812,1519600
2026-04-13,1494.996826171875,1495.5948425168203,1455.9627568541268,1460.0784376919084,1709400
2026-04-14,1513.0341796875,1526.666665679995,1491.7880550062116,1521.0960873506683,1769200
2026-04-15,1476.630859375,1481.0156233708753,1410.3415484081438,1468.4194475495158,4251700
2026-04-16,1405.9368896484375,1448.8775317035845,1401.6219508269899,1447.9606786716076,2626700
2026-04-17,1454.737060546875,1467.3730146952707,1440.6758908603986,1458.6832872501304,1876500
2026-04-20,1471.379150390625,1474.1694879902043,1446.9641221586098,1456.4211988726431,1091900
2026-04-21,1453.909912109375,1475.036458401076,1441.2340573225206,1470.9705309678614,1274600
2026-04-22,1438.653076171875,1471.877411023059,1373.519774869395,1471.877411023059,2621800
2026-04-23,1412.8826904296875,1444.970962454383,1391.3874335762716,1433.959238530008,1800500
2026-04-24,1452.644287109375,1467.5425097989425,1436.6898040184592,1454.46801807068,1751800
2026-04-27,1430.5897216796875,1456.416426737177,1413.8613569186418,1455.9569379983684,1326200
2026-04-28,1382.771728515625,1396.8235017337613,1363.047238076459,1387.9349727988995,1926900
2026-04-29,1392.279296875,1397.892032942408,1373.1441326084384,1384.9188211898252,1256500
2026-04-30,1437.13134765625,1444.781487906325,1393.1981762110368,1412.5131619521428,1414400
2026-05-01,1425.1768798828125,1442.2847596442216,1412.1736770141833,1426.4452590563099,707100
2026-05-04,1384.41943359375,1415.239557994117,1365.0245958705816,1399.959393709515,1755700
2026-05-05,1441.0562744140625,1452.920934308617,1412.5630963616845,1430.5698368981102,1621400
2026-05-06,1542.7447509765625,1543.5237727607912,1494.0677149885694,1501.148523165375,2312400
2026-05-07,1514.64111328125,1547.9979977442024,1495.8754656156461,1546.7396154252826,1726700
2026-05-08,1589.9637451171875,1593.2495347210988,1529.1823673391375,1536.5428432717638,2288300
2026-05-11,1563.78759765625,1565.9647136127087,1519.394937850838,1557.2859964714623,2191300
2026-05-12,1518.9754638671875,1533.127205490166,1473.0948594410388,1524.1688205870405,1846800
2026-05-13,1579.537109375,1600.5299784122508,1519.1152541590484,1537.4016625780096,1691200
2026-05-14,1582.46337890625,1601.418843901132,1561.2608201217452,1571.7072704605675,1412600
2026-05-15,1499.8702392578125,1525.2773210557766,1484.7197897641443,1509.7873448600908,1807400
2026-05-18,1470.48828125,1520.5235478961288,1451.4628373932057,1519.2851592284712,1664400
2026-05-19,1457.554931640625,1483.841005051334,1439.4484653492038,1448.0573268976061,1395400
2026-05-20,1548.1278076171875,1553.7905279532235,1490.3924183356096,1500.439483037399,1744500
2026-05-21,1589.9437255859375,1599.7211195436405,1543.9431595298738,1546.679732624245,1358400
2026-05-22,1630.7908935546875,1651.3942517480048,1613.7628673755914,1617.9375219315632,1666700
2026-05-26,1629.9219970703125,1645.8813367952016,1602.1778501995948,1639.7292593015643,1651000
2026-05-27,1595.80615234375,1637.0128698057165,1580.9553636276198,1635.2351396324323,1361600
2026-05-28,1603.6959228515625,1625.427826248619,1577.959189227569,1615.001247704973,971600
2026-05-29,1610.6768798828125,1652.0632951724904,1602.7870595765107,1631.3600906911925,1069400
2026-06-01,1626.4664306640625,1644.4033158256177,1583.5619582545728,1592.4104997515642,1058900
2026-06-02,1703.167236328125,1706.113377165064,1645.4618392035823,1657.546185730931,1484000
2026-06-03,1724.130126953125,1741.018319233062,1687.8171060929728,1707.102222787759,1826900
2026-06-04,1755.199951171875,1776.9918358455116,1670.269875187344,1677.6303509197683,2248200
2026-06-05,1639.6195068359375,1703.2771700319797,1636.2638612660696,1683.1831620478804,2744600
2026-06-08,1746.7808837890625,1767.2044206913954,1716.7996397483205,1730.5518731731665,2062100
2026-06-09,1775.4737548828125,1828.744823896161,1674.1148546511854,1774.3252159029612,3151400
2026-06-10,1731.949951171875,1809.6595053357325,1720.9841531455647,1744.2041219640282,2586400
2026-06-11,1897.0264892578125,1901.0413162718003,1772.807141634847,1777.7008368604174,2965600
2026-06-12,1861.14306640625,1890.3552867738308,1836.624726700197,1845.233588133727,2529600
2026-06-15,1890.2154541015625,1911.2281957104294,1862.5911459198328,1892.0930307498265,2339100
2026-06-16,1801.56005859375,1878.7302739526885,1800.2816826194091,1869.5920679724613,1797600
2026-06-17,1865.4173583984375,1935.986123973989,1862.910590707209,1894.7494175240995,2322900
2026-06-18,1927.1876220703125,1940.3605269594282,1907.063624021767,1921.6947260324418,2406100
2026-06-22,1926.7581787109375,1956.5097409282707,1884.0034136330044,1950.9968510599383,1793300
2026-06-23,1776.162841796875,1810.6082835913257,1753.7019003958583,1775.4038136856127,2415700
2026-06-24,1760.4931640625,1777.3513661400661,1728.055135873591,1748.1591401373805,2028200
2026-06-25,1838.8018798828125,1853.512834263392,1774.7447121584796,1853.103329707384,2197000
2026-06-26,1792.302001953125,1806.663433125008,1765.3568697589196,1779.3587805487525,2840000
2026-06-29,1880.677734375,1883.6838563702615,1770.2306080884678,1796.626402462792,1760500
2026-06-30,1986.870361328125,1997.3767930992992,1911.4080187574145,1913.0259214730709,2712600
2026-07-01,1840.6595458984375,1940.4903973219562,1830.2629574468283,1913.80493846136,2584700
2026-07-02,1767.03466796875,1855.9996890223945,1745.7622524934197,1841.5982702069662,2699100
2026-07-06,1822.712646484375,1866.1864514541944,1810.9878198752313,1827.6363324313406,1945000
2026-07-07,1745.023193359375,1758.7654303100999,1715.0919327117617,1734.8862790017888,1863900
2026-07-08,1766.3656005859375,1778.3600979821813,1727.1463029991705,1731.4407977980247,1424500
2026-07-09,1801.9195556640625,1856.329167524302,1794.4392398125713,1833.0892045180422,1547400
2026-07-10,1794.9984130859375,1812.8354512526823,1764.378103276706,1781.57583156616,1218400
2026-07-13,1723.8106689453125,1773.496411361004,1715.8608672582031,1771.2493174829074,1419800
2026-07-14,1773.3465576171875,1795.9473330709561,1747.5998263925394,1785.141240157985,2529100
2026-07-15,1812.9254150390625,1827.6363702509607,1733.408257183666,1822.7028092777523,4189300
2026-07-16,1782.5645751953125,1851.0559502343729,1776.8220021589498,1794.5890627913243,2581400
2026-07-17,1745.32275390625,1788.5968662111472,1701.1998857700853,1731.5406513539729,2209400
2026-07-20,1736.7738037109375,1796.0171290293854,1726.3672188789735,1776.3924856892684,1639000
2026-07-21,1799.18310546875,1821.5242065817538,1783.2337622354967,1798.8734473594104,1681100
2026-07-22,1799.5325927734375,1814.85274455554,1764.7576220569626,1765.366819514132,1007400
2026-07-23,1800.671142578125,1821.2245163902169,1777.9405309365513,1779.8181074980525,1106700
2026-07-24,1754.8204345703125,1795.547790667371,1737.6327027416905,1787.5681206402005,1315000
2026-07-27,1653.1220703125,1744.4439075797202,1611.25617043839,1736.9435977682272,3325500
2026-07-28,1582.949951171875,1599.8800048828125,1553.5799560546875,1580.5,3010100
2026-07-29,1550.68994140625,1621.4599609375,1530.6400146484375,1569.3900146484375,2538800
2026-07-30,1651.43994140625,1676.780029296875,1626.43994140625,1645.0699462890625,2170500
2026-07-31,1629.0,1692.1500244140625,1624.7099609375,1683.3800048828125,1601400
2026-08-03,1642.52001953125,1655.199951171875,1582.0,1609.68994140625,1437400
2026-08-04,1711.8900146484375,1717.56005859375,1686.010009765625,1700.0400390625,1526700
2026-08-05,1678.219970703125,1729.06005859375,1671.75,1700.4200439453125,1221000
2026-08-06,1704.3699951171875,1735.530029296875,1672.1099853515625,1695.3900146484375,1072500
2026-08-07,1740.989990234375,1761.31005859375,1720.1099853515625,1759.7099609375,1064900
2026-08-10,1733.47998046875,1794.469970703125,1732.81005859375,1793.010009765625,1107000
2026-08-11,1799.3800048828125,1819.5899658203125,1778.3199462890625,1793.9300537109375,1479700
2026-08-12,1810.0699462890625,1845.0,1807.3800048828125,1832.6300048828125,1388800
2026-08-13,1847.9000244140625,1873.68994140625,1813.300048828125,1819.0699462890625,1237900
2026-08-14,1844.0799560546875,1853.3199462890625,1820.4100341796875,1839.18994140625,928100
