Date,Close,High,Low,Open,Volume
2015-01-02,0.48242300748825073,0.4860178389236067,0.47475407185142937,0.48242300748825073,113680000
2015-01-05,0.47427481412887573,0.48386098455641025,0.47211794363827814,0.482423051850041,197952000
2015-01-06,0.45989561080932617,0.47547309165022456,0.4594163094203207,0.474993790261219,197764000
2015-01-07,0.45869725942611694,0.4673247971311359,0.45725932695229654,0.46325066464496206,321808000
2015-01-08,0.4759524166584015,0.47882828227306323,0.46373007350296386,0.46396973849383844,283780000
2015-01-09,0.4778696596622467,0.4814644917466505,0.4711593540529576,0.4776300232359257,209540000
2015-01-12,0.4718782901763916,0.47930756172562017,0.46756452052099945,0.47906789674572625,190732000
2015-01-13,0.47115933895111084,0.48505925114576265,0.4678042005384863,0.47547310874516935,236720000
2015-01-14,0.4730764627456665,0.47451439519777594,0.46492825503424956,0.46612652255469034,155260000
2015-01-15,0.4697212874889374,0.479307426884565,0.4694816225764671,0.4764315907796665,188932000
2015-01-16,0.478348970413208,0.478828271815531,0.4675645317316734,0.4690024645076,181512000
2015-01-20,0.4797869324684143,0.48434031035283426,0.4737955645823983,0.4817041381947049,140308000
2015-01-21,0.48649710416793823,0.487695400340499,0.473795461855907,0.4771506282873802,144780000
2015-01-22,0.494885116815567,0.4963230496895719,0.48242310809141664,0.4874558160125147,159712000
2015-01-23,0.4963230490684509,0.4972816519372815,0.491290284015732,0.49536438906170127,120416000
2015-01-26,0.4941660463809967,0.4965625816206794,0.49105054485561844,0.4941660463809967,133240000
2015-01-27,0.4704402983188629,0.486976407487553,0.4694816671469227,0.4864970776171071,357948000
2015-01-28,0.4627714455127716,0.47810928987074514,0.46253178053492955,0.47619205575487883,272728000
2015-01-29,0.4740351736545563,0.476671345501662,0.4608542001432035,0.46301109918424205,235340000
2015-01-30,0.46013519167900085,0.4761920005397338,0.45941625396675,0.4706799638091056,298200000
2015-02-02,0.47020062804222107,0.4721178617953703,0.45390418399387944,0.46301102289462487,259604000
2015-02-03,0.48194363713264465,0.482422966996429,0.47115922943861893,0.47355576448173575,183468000
2015-02-04,0.4831418991088867,0.4886539350326452,0.4790677669680984,0.48050572788896695,181516000
2015-02-05,0.4910506308078766,0.49129026723241803,0.48314205741883626,0.4836213302679192,140448000
2015-02-06,0.4888937175273895,0.4963230178539039,0.4867368183547322,0.49057128672681777,210524000
2015-02-09,0.48841431736946106,0.4898521926384836,0.48290228123485607,0.4860177824038893,273944000
2015-02-10,0.5020745396614075,0.502314176006429,0.486736670822061,0.48889356934095,226204000
2015-02-11,0.4987196624279022,0.503273041047994,0.49536446615792934,0.503273041047994,320832000
2015-02-12,0.5344278216362,0.5392208916576806,0.5241227153762266,0.5272382166039791,676904000
2015-02-13,0.5346677303314209,0.5353866969146421,0.5250815854057118,0.5332297971649784,310084000
2015-02-17,0.5363453030586243,0.5389815329248796,0.5303539910146272,0.5337091303303,203340000
2015-02-18,0.5301141738891602,0.5365848716677742,0.5291555710420047,0.535626211682701,170948000
2015-02-19,0.5315520167350769,0.5377830198935313,0.5291554814539721,0.5368244172086709,169432000
2015-02-20,0.5353866219520569,0.5356262584002675,0.5272384113336686,0.5310728801946522,157752000
2015-02-23,0.5310728549957275,0.5351469601116091,0.5284366256388064,0.5351469601116091,125008000
2015-02-24,0.5367262363433838,0.5367262363433838,0.5283060943336221,0.5331176204414618,149356000
2015-02-25,0.5326365828514099,0.5369669918848806,0.5302308191743474,0.5345611708498876,123820000
2015-02-26,0.5340800285339355,0.5372075269093967,0.5297496196950228,0.5331177345779309,152864000
2015-02-27,0.5307119488716125,0.5338394471166178,0.5287873036819573,0.5326365367033424,157492000
2015-03-02,0.5437031984329224,0.5465901382727965,0.5285468789894637,0.5292686139494323,301512000
2015-03-03,0.5335985422134399,0.5422592974910061,0.5319145144313985,0.5396129763132116,160344000
2015-03-04,0.5396130084991455,0.5408158609761089,0.5295087838463227,0.5316739871343342,226840000
2015-03-05,0.5499579906463623,0.5509202844467882,0.5381697338568686,0.5396132032364668,323056000
2015-03-06,0.5425001978874207,0.5494768716777281,0.5420190222586747,0.5468305491144364,257392000
2015-03-09,0.5439436435699463,0.5480334932714498,0.5415378799938474,0.5427407904608609,222388000
2015-03-10,0.553325891494751,0.5569345639254867,0.5453868695050348,0.5463491630339301,527212000
2015-03-11,0.5504391193389893,0.5605432894196636,0.5489956500823462,0.5533260004943618,262120000
2015-03-12,0.5453870892524719,0.5492363222768893,0.5350423005934424,0.5451465301127976,406972000
2015-03-13,0.5461087226867676,0.5475521919727969,0.5352827603994625,0.5427406659246424,359288000
2015-03-16,0.5526043176651001,0.5559724320322863,0.546830497455225,0.5504391709350964,236956000
2015-03-17,0.5593404769897461,0.559581036097248,0.5475522203533871,0.5514014528630062,299900000
2015-03-18,0.5501984357833862,0.5622272491917382,0.5451463513592505,0.5593403683884778,413844000
2015-03-19,0.5586187839508057,0.560543371670122,0.5480334367787213,0.5521232287007102,310756000
2015-03-20,0.5646328926086426,0.5680010055378758,0.5578967814659654,0.5631894811908508,462084000
2015-03-23,0.5463492274284363,0.5550099849250848,0.546108668357335,0.5477926965708626,426012000
2015-03-24,0.5388913750648499,0.5485144261156297,0.5364856123021549,0.544665194223736,330480000
2015-03-25,0.5061732530593872,0.5386510959122093,0.504489166628228,0.5386510959122093,542552000
2015-03-26,0.5044891238212585,0.506654328456508,0.492219745604045,0.4958284199961276,311920000
2015-03-27,0.5143525004386902,0.5162770874381333,0.4991961914048988,0.5073757721893829,318288000
2015-03-30,0.5165178179740906,0.519164140022597,0.5100222063602621,0.5167583770627057,253252000
2015-03-31,0.5035266876220703,0.5155555032700144,0.503045569410903,0.5150743850588471,357276000
2015-04-01,0.5054513812065125,0.5071354098235751,0.4967906216345314,0.5054513812065125,330768000
2015-04-02,0.5066540837287903,0.5097815809052844,0.5023237339079016,0.5083381118456861,192204000
2015-04-06,0.5213293433189392,0.5230133716532146,0.49919630116918273,0.5044889452603587,515864000
2015-04-07,0.5259002447128296,0.5316740636202429,0.5184423403227606,0.5213292784554203,413964000
2015-04-08,0.5297492742538452,0.5316739182687523,0.5213291359320344,0.5263812189251209,366432000
2015-04-09,0.5420189499855042,0.5437029784246789,0.5254191673391749,0.5256597264425094,379432000
2015-04-10,0.5475521683692932,0.5477927274539566,0.5405754386928429,0.5425000834438873,258728000
2015-04-13,0.5425001978874207,0.5494768716777281,0.5400943771016152,0.5463493734856905,236724000
2015-04-14,0.5379291772842407,0.5425001445552283,0.5326364753200488,0.5403349404756155,220276000
2015-04-15,0.5444247722625732,0.5485145642533356,0.5367263065400072,0.539372686395971,243560000
2015-04-16,0.5410565733909607,0.5458680988686166,0.5372073415372542,0.5412971324574711,155284000
2015-04-17,0.5340800285339355,0.5393727313288531,0.5295090605455035,0.5297496196950228,293636000
2015-04-20,0.5314335823059082,0.5398537241614487,0.5304712312156339,0.5364856674192325,231624000
2015-04-21,0.5307119488716125,0.5379292392774879,0.5280655689055771,0.5379292392774879,230456000
2015-04-22,0.5367262363433838,0.5374479709953512,0.5256597148237694,0.5338393550934293,207420000
2015-04-23,0.5345610976219177,0.5396132408022217,0.5208482522769378,0.5268626893246587,259380000
2015-04-24,0.5299900770187378,0.5345609862763588,0.5239756412237844,0.5343204271990921,240960000
2015-04-27,0.5340800285339355,0.5434625236603188,0.5271032969765279,0.53167426496496,248456000
2015-04-28,0.5367262363433838,0.538650881201269,0.5280654778776892,0.5331176204414618,234484000
2015-04-29,0.5326365828514099,0.5381698450444465,0.5304713783346746,0.5328771420117371,195156000
2015-04-30,0.5340800285339355,0.5367263512524304,0.5287873257390181,0.5299902362024699,218844000
2015-05-01,0.5473118424415588,0.5489958714674302,0.5360047002768071,0.538410464222043,256968000
2015-05-04,0.5439436435699463,0.5504392568475487,0.5422596148024699,0.5468305828044363,200720000
2015-05-05,0.5299900770187378,0.5427406258404448,0.5275843141723385,0.542018891250734,292928000
2015-05-06,0.5316741466522217,0.5379291420112281,0.5246974166473365,0.5328769994900763,316484000
2015-05-07,0.5410565733909607,0.5427406015723495,0.5278248496484527,0.5295088778298415,534564000
2015-05-08,0.5011210441589355,0.5254192977206871,0.49294145903665254,0.5054514532410367,1146552000
2015-05-11,0.4963093101978302,0.5013614520243587,0.4902949321196488,0.49414410655788943,544144000
2015-05-12,0.5011210441589355,0.505210836720077,0.4924602833526643,0.4927008998736239,388800000
2015-05-13,0.504007875919342,0.508578843188371,0.4991963495386544,0.5047296106122371,308524000
2015-05-14,0.5121876001358032,0.5148339805234239,0.5042485736888105,0.5054514842937171,293052000
2015-05-15,0.5124279260635376,0.5167582755979183,0.5093004290939673,0.5143525131103952,215824000
2015-05-18,0.5117063522338867,0.5148338501853483,0.5088194133993315,0.5112251766421542,324972000
2015-05-19,0.5085161328315735,0.5140750071263043,0.5075493269880694,0.5123831257118853,253808000
2015-05-20,0.5085161328315735,0.5148000826972192,0.5080327299098214,0.5087578054807365,196824000
2015-05-21,0.5048906803131104,0.5109329566360535,0.5044072774628445,0.5087577302449838,239692000
2015-05-22,0.5041655898094177,0.5080326396259315,0.5029571691549286,0.5060991435293826,212592000
2015-05-26,0.5010237097740173,0.5051324329703879,0.49715665922936664,0.5017487853526035,259732000
2015-05-27,0.5278513431549072,0.5302682425874564,0.5027155429576534,0.5044073667980951,432332000
2015-05-28,0.535102128982544,0.5367939530997278,0.5268846810923831,0.5278514294988543,327656000
2015-05-29,0.5348600745201111,0.5384853928625966,0.5341349993269348,0.5351017470433711,335168000
2015-06-01,0.5409024357795715,0.5462196360786239,0.5348602177166322,0.5382438644417511,372660000
2015-06-02,0.5302678942680359,0.5404188882661852,0.5297844916496898,0.5375185878028883,224304000
2015-06-03,0.524467408657074,0.5358268240155574,0.5235006033140316,0.5317181029895142,250788000
2015-06-04,0.5338935256004333,0.5355853491400013,0.52132562773688,0.52132562773688,323712000
2015-06-05,0.5380021929740906,0.5404190917289814,0.5266427169650331,0.5322015898636232,313320000
2015-06-08,0.5256758332252502,0.5399355494833756,0.5196336167102087,0.53631023109903,342812000
2015-06-09,0.5283346772193909,0.532201669708643,0.5251927026043082,0.5261594507266213,256888000
2015-06-10,0.518908679485321,0.5254343004110086,0.5160083779079434,0.5220506536530094,529460000
2015-06-11,0.524467408657074,0.5280927270115959,0.5189085372398635,0.5189085372398635,283052000
2015-06-12,0.5102078318595886,0.524225821681414,0.5089993536624352,0.5210838475169094,323728000
2015-06-15,0.5092409253120422,0.5116578233303803,0.5036820541075252,0.5075490448381509,306548000
2015-06-16,0.5155251026153564,0.5162501781890431,0.5031989331095359,0.5082744045019162,256892000
2015-06-17,0.5215672850608826,0.5244675868285038,0.5140749156590821,0.5152833363133138,233544000
2015-06-18,0.5302678942680359,0.533651539726289,0.524467350964832,0.5259175011964805,299404000
2015-06-19,0.5285763740539551,0.5346185933127224,0.523742575597572,0.5302681977513468,355656000
2015-06-22,0.5264012217521667,0.5324434994870992,0.5184254474111772,0.5295431969545826,514236000
2015-06-23,0.5128663182258606,0.531476429915252,0.5087575967585978,0.5273677084479892,414064000
2015-06-24,0.5077911019325256,0.5148001279856909,0.505374202357996,0.5121414981173065,253368000
2015-06-25,0.5116579532623291,0.5147999272463902,0.5077909039262993,0.5077909039262993,350460000
2015-06-26,0.5012654066085815,0.5080327597940584,0.49909023739131175,0.5075493568438709,421296000
2015-06-29,0.486280620098114,0.5005403431642763,0.48555554455039185,0.49546481433022105,391724000
2015-06-30,0.4860387146472931,0.49135591420626956,0.48265506839312783,0.48918068834713324,315916000
2015-07-01,0.49304789304733276,0.5051323889311553,0.4886974975785253,0.4981234216549334,302892000
2015-07-02,0.49353134632110596,0.49667332133403447,0.49038937130817745,0.4928062707317049,145764000
2015-07-06,0.4874888062477112,0.4961896510082971,0.4838634878777817,0.4894223593186173,214776000
2015-07-07,0.4783046841621399,0.48652215671939225,0.46307821716378494,0.4845886608816426,594252000
2015-07-08,0.47492101788520813,0.47854636564778796,0.4710539687471084,0.4756460932000647,332492000
2015-07-09,0.46912044286727905,0.48458863937645774,0.46622017042765945,0.4824134134379659,357588000
2015-07-10,0.477338045835495,0.4816884700926555,0.47395436971916544,0.4751628193010594,216708000
2015-07-13,0.4804799556732178,0.48313852710760175,0.4773379814219396,0.48217177909722697,212472000
2015-07-14,0.4807215631008148,0.48168833979183506,0.47443764426184637,0.48120496585217637,249216000
2015-07-15,0.477338045835495,0.4826552182334864,0.4729876215783345,0.4795132435582199,265732000
2015-07-16,0.4879724681377411,0.4879724681377411,0.47854654317133277,0.4802383669924686,282848000
2015-07-17,0.4850721061229706,0.4867639297359577,0.47878815691849247,0.48628058448848716,220372000
2015-07-20,0.4761294424533844,0.4870055139889321,0.4749209932618459,0.4850719607084289,188412000
2015-07-21,0.4783046841621399,0.4850720060293759,0.47516271020824064,0.47516271020824064,149720000
2015-07-22,0.46912044286727905,0.47492101655822105,0.46331989798803985,0.47492101655822105,356472000
2015-07-23,0.47492101788520813,0.48193001203484803,0.4691204441780586,0.47008722086843496,169916000
2015-07-24,0.4693622589111328,0.4787881538456448,0.4674287338751096,0.4783047797895665,188844000
2015-07-27,0.4667036831378937,0.47202085566018415,0.4613865106156032,0.46525353208103654,192420000
2015-07-28,0.4768546521663666,0.4799965979007885,0.4630783044496141,0.4679121025785211,198308000
2015-07-29,0.48265504837036133,0.48652209719615713,0.473954202918171,0.4758877273310689,232680000
2015-07-30,0.4838636517524719,0.48869744963175044,0.48144672400112465,0.48144672400112465,190180000
2015-07-31,0.4821717441082001,0.48603876468079366,0.47927147147582866,0.48579709210159044,218340000
2015-08-03,0.49038925766944885,0.49087260286809137,0.4797548853832206,0.4860388051411805,397132000
2015-08-04,0.4923226833343506,0.49377283396981075,0.4867638109806908,0.4886973643691063,260100000
2015-08-05,0.4973982572555542,0.5048906260776274,0.49643145165887714,0.5044072232792888,234628000
2015-08-06,0.49425631761550903,0.499815190878965,0.48603881521078146,0.49618981369696524,655676000
2015-08-07,0.5554040670394897,0.5648299349016646,0.5288181144969987,0.5428361663920162,1405248000
2015-08-10,0.5747392177581787,0.5788479408847117,0.5481532673243821,0.551536972508079,662304000
2015-08-11,0.5718387961387634,0.5773976692375702,0.5662799230399566,0.5662799230399566,435008000
2015-08-12,0.5732888579368591,0.5773975795677339,0.5626545162085125,0.5626545162085125,384048000
2015-08-13,0.5684550404548645,0.5752223904907499,0.567004889902646,0.5740139124894336,276884000
2015-08-14,0.5689383745193481,0.5723220203172438,0.5645879233877146,0.5679715691856102,214652000
2015-08-17,0.5653131604194641,0.5679717317898748,0.5583041366719316,0.5679717317898748,273880000
2015-08-18,0.5601680278778076,0.5674492341910484,0.5557992693703329,0.5635659125841432,287084000
2015-08-19,0.5579836368560791,0.5657502799060894,0.5519159361234055,0.5594398896611913,249248000
2015-08-20,0.5378388166427612,0.5543428563713336,0.5351690012598289,0.5516730988542686,426932000
2015-08-21,0.521091878414154,0.5429354847051311,0.5206064417946811,0.5339553412387589,382664000
2015-08-24,0.5026461482048035,0.5298293254865629,0.48541392963071944,0.4919670056446374,682284000
2015-08-25,0.49220994114875793,0.5266743336133123,0.49220994114875793,0.5247326442843128,622684000
2015-08-26,0.5293439626693726,0.5298293993500911,0.504345159862452,0.508228479710627,614976000
2015-08-27,0.549246072769165,0.5494887622349403,0.5317711581841682,0.5349263527027335,463764000
2015-08-28,0.5516731142997742,0.5550709981195107,0.5453627255683384,0.549246046161981,320944000
2015-08-31,0.5456052422523499,0.5528865022259322,0.5434209221261257,0.5490031828619718,219352000
2015-09-01,0.5232762694358826,0.538809548973418,0.5193930074173569,0.5298294042903257,353408000
2015-09-02,0.5390523076057434,0.5392949970466018,0.5286159093925803,0.5375960552288619,344044000
2015-09-03,0.5405086278915405,0.5497315221933007,0.5395378121402692,0.5470617065449632,262556000
2015-09-04,0.5278876423835754,0.5397802898011091,0.5276449530074575,0.5312855251126278,287972000
2015-09-08,0.5504593849182129,0.5526437629417457,0.5385667951437433,0.5407511153014247,238448000
2015-09-09,0.5395376682281494,0.5567698312809284,0.5383241054633519,0.5521584432259274,289392000
2015-09-10,0.5480323433876038,0.5548281671597093,0.5339553749250026,0.5363824424437857,357076000
2015-09-11,0.5497311949729919,0.5533717663397252,0.5397801803145215,0.5419645578540645,301584000
2015-09-14,0.5507022738456726,0.5541001575125627,0.5477897690649861,0.5524012156791176,192460000
2015-09-15,0.5567700266838074,0.5596825320488024,0.5492461316454075,0.5509450738196953,327976000
2015-09-16,0.5606531500816345,0.5638083438252575,0.5516730055289606,0.5557990147631158,173508000
2015-09-17,0.5657501220703125,0.575458394241422,0.5645365591159905,0.5703615108454829,268712000
2015-09-18,0.565264880657196,0.5701190184202227,0.5545857891517147,0.5579836740126561,326412000
2015-09-21,0.571089506149292,0.5723030688254614,0.5630801776573047,0.5659926817874286,281840000
2015-09-22,0.5555564165115356,0.5625949312380105,0.5526439116962034,0.5587116107728566,228356000
2015-09-23,0.5582262277603149,0.5616241117947685,0.5538575279825708,0.5560418489385066,161632000
2015-09-24,0.5689051747322083,0.5747301250120773,0.5460906945151218,0.5548281488678515,382440000
2015-09-25,0.5730312466621399,0.5841957696824579,0.567448985151981,0.5759436931897064,369692000
2015-09-28,0.5655074119567871,0.576671937261095,0.5618668385860917,0.5730313638903997,395584000
2015-09-29,0.5754584670066833,0.5764292827733781,0.5635658147335185,0.5715751460740301,380736000
2015-09-30,0.5982728004455566,0.5990009266184148,0.5774000044659308,0.580797888028692,556380000
2015-10-01,0.5866228342056274,0.5999716775827313,0.5696333024906363,0.5982727359844038,489296000
2015-10-02,0.601913571357727,0.601913571357727,0.5774001388102441,0.5834678390405514,386144000
2015-10-05,0.6169613003730774,0.6244851939714644,0.6026415815123277,0.6057967757652342,482024000
2015-10-06,0.624970555305481,0.6276403124796467,0.6079810809986939,0.6104081487568064,453216000
2015-10-07,0.6315236687660217,0.6378340568730095,0.6162331352244216,0.626426843540776,310152000
2015-10-08,0.6351643204689026,0.6368632622666175,0.6181747867600234,0.6288539321540386,460068000
2015-10-09,0.6327371597290039,0.6378339843749296,0.6208445110226543,0.6317662863876172,423248000
2015-10-12,0.6395329236984253,0.643173554051317,0.6288538377730367,0.6334652257322245,227588000
2015-10-13,0.640746533870697,0.6446297960467735,0.6322517676623431,0.6344361460357817,298444000
2015-10-14,0.6640464067459106,0.6744828042071588,0.6407465439920976,0.6414746122622172,612148000
2015-10-15,0.6657453179359436,0.6793369087417056,0.6584641147756274,0.665259881245579,526048000
2015-10-16,0.6761816143989563,0.6824920011063106,0.6662305977197245,0.6679295969505009,448396000
2015-10-19,0.6749681830406189,0.6815213182643205,0.6672016007000751,0.6783661242970846,294712000
2015-10-20,0.6739974617958069,0.6771526562045587,0.6669589467404475,0.6720558304054379,264824000
2015-10-21,0.6652597784996033,0.6822493077822539,0.6640462737598997,0.6781232412160516,386280000
2015-10-22,0.6892879009246826,0.6914722793335967,0.672055736674436,0.6730265522342217,306884000
2015-10-23,0.693899393081665,0.698510839628116,0.6849192472941686,0.6953556454506353,381776000
2015-10-26,0.690744161605835,0.6960837340484483,0.6844337735916179,0.6943847923316764,247436000
2015-10-27,0.6902587413787842,0.6946274401220713,0.686860800283051,0.6873462369726868,208268000
2015-10-28,0.6958412528038025,0.6958412528038025,0.6844339783605791,0.6946276895768274,217036000
2015-10-29,0.6718130707740784,0.6917150525571533,0.6705995656437976,0.6846765954966137,327168000
2015-10-30,0.6885596513748169,0.6934138440354305,0.6739972469905299,0.6790941290311262,301160000
2015-11-02,0.6965691447257996,0.6972972709042341,0.6866181833969692,0.6907441931641882,190088000
2015-11-03,0.691714882850647,0.6963263285192449,0.6839483014710579,0.6924430088965232,376768000
2015-11-04,0.6803077459335327,0.6948701527181738,0.6771525520102745,0.6897733277033076,442264000
2015-11-05,0.6725411415100098,0.6856473546040882,0.670599510315409,0.6837056655436236,478800000
2015-11-06,0.7657403945922852,0.7752059736571097,0.7237521279088458,0.7390426564497763,1172272000
2015-11-09,0.7623425126075745,0.7645268903619161,0.7516633710524668,0.7582165043154919,492568000
2015-11-10,0.747780442237854,0.7565178992716859,0.7317617806534739,0.7523918312804256,552260000
2015-11-11,0.7404991388320923,0.7536052937002586,0.7378293236805308,0.748265721262998,619896000
2015-11-12,0.7378293871879578,0.7455960281532262,0.7346741929124341,0.7388002028421495,291080000
2015-11-13,0.7232667803764343,0.7417125042096558,0.7196261503395511,0.7385573107996408,292940000
2015-11-16,0.7378293871879578,0.7383148239479872,0.7269075519471656,0.7327325616040506,344280000
2015-11-17,0.7378293871879578,0.744139775739005,0.7346741929124341,0.7397710763622085,257048000
2015-11-18,0.7559796571731567,0.7569542172791928,0.7328349292383005,0.7408746725567331,350216000
2015-11-19,0.7581721544265747,0.7657246159402084,0.7525686965017558,0.7586594343665689,254072000
2015-11-20,0.764750063419342,0.7691354083316636,0.7591466058662047,0.7637755616895741,239744000
2015-11-23,0.7532997131347656,0.7710845916728724,0.750619818231333,0.7710845916728724,242552000
2015-11-24,0.7593902945518494,0.765968254005304,0.7498887717477133,0.7532995569331226,195428000
2015-11-25,0.7584158182144165,0.7669428402023615,0.7557359235716157,0.7579285963260446,138300000
2015-11-27,0.764750063419342,0.7671863467865505,0.755979431680276,0.7598774966849251,86996000
2015-11-30,0.7727901935577393,0.776201038458175,0.7647504485881523,0.7654813397749881,327244000
2015-12-01,0.7978837490081787,0.7986146399753813,0.7788807000320885,0.7796115909992912,409496000
2015-12-02,0.7917930483818054,0.8073852542321404,0.7900876554048619,0.7991019003196742,294240000
2015-12-03,0.7900875806808472,0.8064106759897407,0.7861895150655324,0.7981273228606882,246656000
2015-12-04,0.8222464919090271,0.8237082736732612,0.7900875254382064,0.7900875254382064,458756000
2015-12-07,0.8066545724868774,0.8220031702413724,0.8042182880510148,0.8220031702413724,333588000
2015-12-08,0.8176177144050598,0.8210285005434392,0.7915494802251667,0.7966656594327358,314488000
2015-12-09,0.796909511089325,0.8222469199649727,0.7886261542271844,0.8173743502712885,372676000
2015-12-10,0.803487241268158,0.8078725291689953,0.796665611317799,0.7993455062524446,236596000
2015-12-11,0.7915495038032532,0.8010510295451303,0.7898441106832644,0.7954475701141974,227320000
2015-12-14,0.7934985160827637,0.7978838625098096,0.783996990243095,0.7922804030212047,275892000
2015-12-15,0.8032438158988953,0.8088472765244639,0.7981276354481797,0.8025129246794204,307296000
2015-12-16,0.8081161379814148,0.8107960909944942,0.797883780211592,0.8049489630282054,236356000
2015-12-17,0.7959349155426025,0.8176178655655317,0.7954476934816682,0.8093345096735921,254160000
2015-12-18,0.783022403717041,0.7983709983849507,0.7820479017557878,0.790331255554827,395896000
2015-12-21,0.8015381693840027,0.8022690603727484,0.784484181846315,0.7915494226804628,284216000
2015-12-22,0.8022690415382385,0.810308784140105,0.7973964737847189,0.8039744344434115,130012000
2015-12-23,0.8054363131523132,0.8086034883811668,0.8020255269321929,0.8034873090509863,122524000
2015-12-24,0.8081161379814148,0.8100651999987082,0.8017817880749961,0.8029999590965033,52448000
2015-12-28,0.8073853850364685,0.8073853850364685,0.7883823901535756,0.7995893098910566,142024000
2015-12-29,0.8205413222312927,0.8229776064719909,0.8056799477031149,0.8078726209454228,203660000
2015-12-30,0.8134760856628418,0.8268756781143984,0.8132324746629076,0.8198104363459195,180344000
2015-12-31,0.8030002117156982,0.8159125265607396,0.8030002117156982,0.8122581285177481,148528000
2016-01-04,0.7886258959770203,0.7937420750543172,0.780586152806643,0.7866768919720291,358076000
2016-01-05,0.8012946248054504,0.8146942165951886,0.7917930992501232,0.8034872979533557,490272000
2016-01-06,0.7681612968444824,0.7917932517033922,0.7591469915293291,0.7881387957532481,449344000
2016-01-07,0.7377074956893921,0.7540305919862935,0.7279623020184527,0.7489143551440721,645304000
2016-01-08,0.7218716740608215,0.7479399078476348,0.7204098919991024,0.7472090168167752,398472000
2016-01-11,0.7230896949768066,0.7282059315413211,0.7101773852185337,0.7226024730753392,409372000
2016-01-12,0.7352712154388428,0.7459909119511958,0.7301550362526706,0.7360021064776666,469356000
2016-01-13,0.7128575444221497,0.7457474138032977,0.7121266532727372,0.7408747867786799,481672000
2016-01-14,0.6984833478927612,0.7065230912912224,0.6777749038456716,0.6982396788210294,600236000
2016-01-15,0.6604772806167603,0.6785058305059188,0.6490267504689422,0.6704660866854342,841452000
2016-01-19,0.6658371686935425,0.693123577102191,0.663157215203992,0.6741205240043674,457140000
2016-01-20,0.6694915890693665,0.6780186137699807,0.6443978531821005,0.6531684889043999,481180000
2016-01-21,0.6772878170013428,0.6877638475065095,0.6629137191779912,0.676800594890077,481456000
2016-01-22,0.6931234002113342,0.6977523567977536,0.68873805457612,0.6901998364545248,257996000
2016-01-25,0.6923925280570984,0.7009195505220772,0.6909307461390347,0.6928798080583157,270728000
2016-01-26,0.6992141604423523,0.7021377245330391,0.6867891292281202,0.6938543703902178,227944000
2016-01-27,0.690930962562561,0.7004324899205938,0.6777750373502736,0.6982398163566771,231700000
2016-01-28,0.6833781003952026,0.6989703011396964,0.6699785138541591,0.696534017958195,276776000
2016-01-29,0.7135881185531616,0.715049900321564,0.6865453881800467,0.6892252826983961,310504000
2016-02-01,0.713831901550293,0.71748629846922,0.7067666605986179,0.7128573995776185,289884000
2016-02-02,0.6836220622062683,0.7101775799418492,0.6787494933420665,0.7065231823364991,341908000
2016-02-03,0.6870328187942505,0.6931235586513471,0.6711969997198796,0.6889818811061854,326772000
2016-02-04,0.6872763633728027,0.7028685686154402,0.6804547336453061,0.6880071962610732,348140000
2016-02-05,0.6439104676246643,0.6901999231307772,0.6419614635990907,0.6826474599246866,600428000
2016-02-08,0.6144313812255859,0.6373324374319158,0.6054170788478382,0.6341652626690505,608852000
2016-02-09,0.6210094094276428,0.6468340322575817,0.6041990318728647,0.6071225959991197,425372000
2016-02-10,0.6195477247238159,0.6429360671524527,0.6161369380975905,0.6249075737690297,335800000
2016-02-11,0.6163804531097412,0.622714803335002,0.60371175265922,0.60371175265922,340144000
2016-02-12,0.6268565654754639,0.628074736723494,0.6029809434016127,0.6261256743437662,340816000
2016-02-16,0.6575538516044617,0.6585284119719089,0.6339218953632636,0.6358708999269378,485352000
2016-02-17,0.6738767623901367,0.6802111120071171,0.6631570669988213,0.6658370198894444,771468000
2016-02-18,0.7318604588508606,0.7547615767918538,0.7284496725890948,0.7291805636574156,1068660000
2016-02-19,0.7416055798530579,0.7481835993278476,0.7223589176635817,0.7279623770109684,525628000
2016-02-22,0.7679173946380615,0.7764444172097859,0.7508634075802021,0.752325189516565,449668000
2016-02-23,0.7698664665222168,0.7771753182128138,0.7581722689659077,0.7618267238540012,369380000
2016-02-24,0.775226354598999,0.7764445257447794,0.7455036640520052,0.7666993889209254,336852000
2016-02-25,0.776931881904602,0.7808299489244285,0.7630450653410263,0.778150053260751,349616000
2016-02-26,0.7718155384063721,0.782535176879918,0.7640194060152868,0.7805861728249441,361964000
2016-02-29,0.766802966594696,0.7829410359245255,0.7663139695224097,0.7729158963760273,323344000
2016-03-01,0.8007907271385193,0.8007907271385193,0.7675364795155549,0.768759088725424,348700000
2016-03-02,0.8054366707801819,0.8083708869026277,0.7949224740710561,0.7963895821322791,233812000
2016-03-03,0.7983455061912537,0.8078815891345004,0.7875867558340752,0.8044583768832215,302004000
2016-03-04,0.7959005236625671,0.8051921101724644,0.7897875933108057,0.804458556198364,175304000
2016-03-07,0.7907654643058777,0.7968783932542789,0.7804957693233364,0.7914990181115743,239968000
2016-03-08,0.776339054107666,0.7873423036161669,0.7738938940276897,0.7826964819750474,274940000
2016-03-09,0.7758501768112183,0.7844082092633361,0.7658249781280211,0.7831856581832723,222788000
2016-03-10,0.7746274471282959,0.784897142773098,0.7589784342911047,0.7804958196550907,286084000
2016-03-11,0.7878314256668091,0.7880759825216633,0.776828232709538,0.7861198191689497,277400000
2016-03-14,0.7897873520851135,0.7929660655695954,0.7804957101159493,0.7841634788662001,190312000
2016-03-15,0.7858752012252808,0.790765521418317,0.7719377945048489,0.7856307027047935,226216000
2016-03-16,0.8093486428260803,0.8120383593847559,0.7763389567379232,0.7800067255464773,363644000
2016-03-17,0.8025023341178894,0.8103268115386842,0.7914990844080128,0.8064146019768947,353680000
2016-03-18,0.8267093896865845,0.8374680819622647,0.8069035529979688,0.8120384297750535,545512000
2016-03-21,0.8291546106338501,0.8293991091611881,0.8105713817201718,0.8193739699737265,337780000
2016-03-22,0.8276875615119934,0.8335559346643626,0.8174178647724316,0.8264650104914761,242012000
2016-03-23,0.8418692946434021,0.8479821646572511,0.8276873336081918,0.8313551022542651,429008000
2016-03-24,0.8430918455123901,0.8445589529711415,0.8315996009141787,0.8342892590570864,244956000
2016-03-28,0.851650059223175,0.8553177701143291,0.8406468099552858,0.841624862306446,265388000
2016-03-29,0.8653429746627808,0.8672990793823526,0.846026192793849,0.8479822975134209,261812000
2016-03-30,0.8743900060653687,0.8863713070371951,0.8680325786804318,0.8685216339782001,376700000
2016-03-31,0.8712112307548523,0.8802583158946172,0.8643648068535836,0.8783022114363137,379884000
2016-04-01,0.8839261531829834,0.8844152084840937,0.8592299972725248,0.8658319232028542,348292000
2016-04-04,0.8753682374954224,0.8959076314494242,0.8719450246021628,0.8912618092101592,393940000
2016-04-05,0.8741456270217896,0.8822146616057771,0.8641204292766187,0.8675437002343849,339568000
2016-04-06,0.8753682374954224,0.875857292893269,0.8467598667061182,0.8631424355214795,453376000
2016-04-07,0.8663209080696106,0.8775686544057761,0.8626531976497166,0.8697441200074333,378104000
2016-04-08,0.8719450235366821,0.8790360061620708,0.8633869330167686,0.873412131431207,255936000
2016-04-11,0.8773242831230164,0.8917507450065613,0.8743900677239176,0.8770797263082818,387524000
2016-04-12,0.876346230506897,0.8814810491566475,0.8592300517466332,0.8802584399749652,292764000
2016-04-13,0.898352861404419,0.8985973599736627,0.880258626444154,0.880258626444154,350716000
2016-04-14,0.9007977247238159,0.9047099920267977,0.8922396363549678,0.8959074051693906,416564000
2016-04-15,0.9078887701034546,0.915957803771558,0.8976190749902652,0.9005532902503798,436972000
2016-04-18,0.9039765000343323,0.9061771614733614,0.8951739125754278,0.9061771614733614,307320000
2016-04-19,0.8878384232521057,0.9091113087103577,0.8822145496106216,0.9073997025973682,309152000
2016-04-20,0.8912615776062012,0.8966409523957363,0.8853932058431129,0.8863712580874265,200172000
2016-04-21,0.8902837038040161,0.895663079671755,0.8863714357454077,0.8915062547801457,178280000
2016-04-22,0.8868605494499207,0.8993308500533611,0.8839263336386534,0.8932179781761845,223540000
2016-04-25,0.8912615776062012,0.8961518971249759,0.884659652085576,0.8871048118449634,191972000
2016-04-26,0.891995370388031,0.9069108897251886,0.8880831020652155,0.8966411926649508,214536000
2016-04-27,0.9122899770736694,0.912779032351869,0.888082877598346,0.8897944836262326,352396000
2016-04-28,0.8851487636566162,0.9120455827893329,0.8829481603963073,0.9066662073033466,381224000
2016-04-29,0.8687660694122314,0.8834370277137505,0.8592299290270822,0.8814809232590971,321904000
2016-05-02,0.8802583813667297,0.8856377564729826,0.8729229016566815,0.8770796676626544,256076000
2016-05-03,0.8697444796562195,0.8739012470563307,0.8621644989027497,0.870233535119798,224024000
2016-05-04,0.8499385118484497,0.8599636511616856,0.8411359234844589,0.8592300972732516,525764000
2016-05-05,0.8550732731819153,0.8650984701171814,0.8487158454417987,0.8570294361850662,246884000
2016-05-06,0.8638759255409241,0.8660765872225467,0.851894623003936,0.8536062293239032,183240000
2016-05-09,0.8626533150672913,0.8697442383901687,0.8555623334471999,0.8660765274710547,333336000
2016-05-10,0.8792804479598999,0.8807475557597318,0.8597191660880557,0.8680326992241457,269676000
2016-05-11,0.8817258477210999,0.8915064913140046,0.8770800245252998,0.8819704046189865,328176000
2016-05-12,0.8697444796562195,0.8919954830475108,0.8540954626857015,0.8880832142305737,670540000
2016-05-13,1.0020276308059692,1.0025166278740374,0.9536134232341086,0.958259186866849,2110256000
2016-05-16,1.0316141843795776,1.0465297628122432,0.9912690062306705,0.9944477207695072,973032000
2016-05-17,1.0338144302368164,1.0411498502097647,1.0137640413490012,1.0269678905758268,628392000
2016-05-18,1.0602226257324219,1.072203988310326,1.0269683720278864,1.0269683720278864,541072000
2016-05-19,1.064868450164795,1.0724484887521561,1.0545988107324626,1.056065802141836,398880000
2016-05-20,1.0839407444000244,1.0883420684390337,1.0697587780039637,1.071470384586725,391084000
2016-05-23,1.085652470588684,1.0927433962706918,1.0790505421000653,1.0885866869379517,413636000
2016-05-24,1.1120061874389648,1.1154384074061219,1.0860201639976967,1.0889620000282636,415788000
2016-05-25,1.1073474884033203,1.1200952390197008,1.0985219877106582,1.1154374722563545,458076000
2016-05-26,1.1191149950027466,1.1272049809466695,1.1061219908169666,1.1093089585190326,309964000
2016-05-27,1.1252440214157104,1.1269600722977016,1.116663650108556,1.1203410021961362,277416000
2016-05-31,1.1453466415405273,1.1477982101905237,1.1294117960072325,1.1301473133611224,412524000
2016-06-01,1.1475532054901123,1.1585849149614575,1.1365213791215267,1.1399534820989108,387132000
2016-06-02,1.1556432247161865,1.1654492668666616,1.1424049626055264,1.153681922768297,329208000
2016-06-03,1.1394628286361694,1.1458367660570563,1.1193604825531953,1.1443659653265865,461076000
2016-06-06,1.1335796117782593,1.1512305116568389,1.1276959395196504,1.1424050032689255,322512000
2016-06-07,1.1357855796813965,1.1468174033108953,1.1352953127769956,1.1404434659648388,193400000
2016-06-08,1.1321083307266235,1.1401983190397007,1.122792558269817,1.1360306997099052,234616000
2016-06-09,1.1615264415740967,1.1632424926057685,1.125734386459558,1.12818595473178,472168000
2016-06-10,1.1325982809066772,1.1580940228600367,1.13112736372497,1.1477977194852618,400024000
2016-06-13,1.1470624208450317,1.169371199301784,1.133824280586317,1.133824280586317,475588000
2016-06-14,1.1492689847946167,1.1546622714964516,1.1316180901646324,1.1443659650027995,298344000
2016-06-15,1.1610362529754639,1.171087426395537,1.1460820595775099,1.1588299348994435,301036000
2016-06-16,1.1656938791275024,1.1676550633011744,1.1411787847136245,1.1524557398337274,246456000
2016-06-17,1.1453466415405273,1.167410291801586,1.140688754623316,1.1671651583160318,471000000
2016-06-20,1.1659390926361084,1.1808932837213357,1.1629972577249033,1.163732774901304,293768000
2016-06-21,1.158829689025879,1.1740290126632424,1.1571135213453905,1.1708420445089511,212508000
2016-06-22,1.1578493118286133,1.1688811362669151,1.1558881271700134,1.1612814142054682,202620000
2016-06-23,1.1887383460998535,1.1899641303437931,1.1681456150111036,1.168881132316355,297880000
2016-06-24,1.1210764646530151,1.1610361378022684,1.1105350253500155,1.1399531422990634,1017684000
2016-06-27,1.109063744544983,1.1203406973714667,1.0926385235760787,1.1117603283988773,449088000
2016-06-28,1.1252440214157104,1.1313727077672793,1.1097994465805918,1.130147040635285,381920000
2016-06-29,1.1436303853988647,1.1524558906813664,1.1321082953610486,1.1350501304552156,318932000
2016-06-30,1.1524559259414673,1.1595652635555473,1.1362759493257177,1.1455916048793235,430940000
2016-07-01,1.1438754796981812,1.1610361058954652,1.139953110971649,1.1460819143919077,218488000
2016-07-05,1.1607909202575684,1.1627521045326334,1.1284309705788034,1.1375014916874286,371084000
2016-07-06,1.1681454181671143,1.1750097386381384,1.1468172902643317,1.1527009601260094,273104000
2016-07-07,1.1985443830490112,1.202712002708363,1.1705971803658641,1.1759904673686554,395400000
2016-07-08,1.246593952178955,1.252477622555456,1.2066342774825092,1.2112921637143705,481932000
2016-07-11,1.2752763032913208,1.2845919561796908,1.2630186991632677,1.2644896163345212,448776000
2016-07-12,1.2943989038467407,1.3061661315398094,1.2733157837548392,1.2894958825665248,436760000
2016-07-13,1.293907880783081,1.304204302213836,1.2919466966191437,1.2968497154775824,324604000
2016-07-14,1.3071463108062744,1.3189136522021092,1.2899857994327097,1.3007724900798192,316892000
2016-07-15,1.2919467687606812,1.2978304384782247,1.2708637748024132,1.2904758513312953,428616000
2016-07-18,1.298566222190857,1.3098431812145956,1.2936632016108502,1.3078819963620392,252992000
2016-07-19,1.312049150466919,1.3171973027129058,1.2953787928978122,1.297830360765724,382652000
2016-07-20,1.3292094469070435,1.3363188990774257,1.3110682917741967,1.3164615765712129,296460000
2016-07-21,1.304694652557373,1.3304355324364117,1.3002819002331154,1.326267913536191,361308000
2016-07-22,1.34024178981781,1.34024178981781,1.2997918458110123,1.3093527522941841,315768000
2016-07-25,1.3650016784667969,1.368188646489764,1.3424477689038286,1.3483314381453637,312528000
2016-07-26,1.388291358947754,1.3954006965000498,1.3750532176312256,1.3770144021045614,514508000
2016-07-27,1.3743174076080322,1.4027549855532848,1.365982287699164,1.400303417810991,446676000
2016-07-28,1.377259373664856,1.387555678612521,1.3730917548638324,1.3775045070830583,221916000
2016-07-29,1.3998136520385742,1.4034908880709767,1.357647653715535,1.382407888909457,409588000
2016-08-01,1.390742540359497,1.4108449987764464,1.3816720200945347,1.405696846696789,301120000
2016-08-02,1.3738272190093994,1.3980971799329431,1.360589079759683,1.3973616628095198,282748000
2016-08-03,1.377504587173462,1.3802012887248676,1.3645115800757468,1.3721113009678525,299828000
2016-08-04,1.4030003547668457,1.4093742916915315,1.3814270927356338,1.384123677428783,272712000
2016-08-05,1.426780343055725,1.4275157435139774,1.4123164153017165,1.419180620500981,371588000
2016-08-08,1.4400184154510498,1.4498244557940807,1.4248189710912964,1.4463923533637422,305064000
2016-08-09,1.443695068359375,1.4576687228090732,1.4400178339399925,1.4471271694037555,372344000
2016-08-10,1.4343796968460083,1.458649661165106,1.429721810736621,1.4564433432805362,375740000
2016-08-11,1.463552713394165,1.4696815171958386,1.43903761508468,1.4419794502612602,681064000
2016-08-12,1.5454329252243042,1.553768045224588,1.4863515681326909,1.51748573065931,1425744000
2016-08-15,1.5439621210098267,1.5567099937898792,1.5231242610345248,1.5471490892048398,573304000
2016-08-16,1.5346462726593018,1.5442070591380483,1.5299883876635552,1.5417556083965485,287652000
2016-08-17,1.4990994930267334,1.5380786300747111,1.4870871369080878,1.5346465283265267,595212000
2016-08-18,1.5223885774612427,1.524840028056532,1.4910091681819007,1.4968928366460703,331684000
2016-08-19,1.5263111591339111,1.537833247410456,1.5150342042615415,1.5216532737630206,291560000
2016-08-22,1.532685399055481,1.5348918339248145,1.5128281866147477,1.5309693479888944,244748000
2016-08-23,1.545088529586792,1.5551582259625234,1.5406676444294063,1.5482813715705743,339764000
2016-08-24,1.5212643146514893,1.5512279220360856,1.5141418782903404,1.5504911667349695,298448000
2016-08-25,1.5111950635910034,1.5224928012911587,1.492283717108495,1.5217560457751726,406032000
2016-08-26,1.523475170135498,1.532071236216529,1.5030900795860624,1.5151246892121226,300024000
2016-08-29,1.5224928855895996,1.5357554225126715,1.520036916621038,1.529615441534952,274652000
2016-08-30,1.513650894165039,1.5286326411427718,1.509475595607669,1.520527746271198,285544000
2016-08-31,1.5065281391143799,1.5207731288026927,1.5021073731279908,1.5165979479141487,388544000
2016-09-01,1.5509824752807617,1.5566312844309527,1.5065282889956668,1.507756331719656,428492000
2016-09-02,1.5357555150985718,1.5558950239955511,1.5183177947438904,1.5541758104801227,323148000
2016-09-06,1.550245761871338,1.550245761871338,1.5332992155692873,1.5411585258516194,306812000
2016-09-07,1.5274046659469604,1.5529473944570613,1.518563015292561,1.5453336695097946,397988000
2016-09-08,1.538456916809082,1.5409130026077478,1.5084934195861075,1.5259311368836437,315808000
2016-09-09,1.4618288278579712,1.530106419602201,1.449057462911192,1.521510353623644,697760000
2016-09-12,1.4920378923416138,1.4949851483888643,1.4077960954062092,1.4424261782924819,598260000
2016-09-13,1.470425009727478,1.5055462660991878,1.4620745282455094,1.4883540156744586,471768000
2016-09-14,1.483441710472107,1.4883537644625733,1.4615831112039432,1.4738631876238069,319048000
2016-09-15,1.5396848917007446,1.5414041048388265,1.4824593365132162,1.4858978799019915,515212000
2016-09-16,1.543369174003601,1.5534388694529515,1.525685752113522,1.545088387443426,902444000
2016-09-19,1.5637544393539429,1.6028052995023512,1.5524566996002283,1.5595791393332166,417128000
2016-09-20,1.549509048461914,1.5816830459064475,1.5409129825039676,1.5816830459064475,331112000
2016-09-21,1.5929808616638184,1.5959281178846563,1.5539300095192705,1.5541755946855702,336212000
2016-09-22,1.5969102382659912,1.6072256336159787,1.587823002803327,1.60231357962971,308732000
2016-09-23,1.5951911211013794,1.60354160166866,1.5880686833826256,1.5988752496469598,276132000
2016-09-26,1.5802093744277954,1.5865950567103269,1.5603155721380375,1.5770165332865296,230040000
2016-09-27,1.634242296218872,1.6366983824058867,1.57333283440011,1.5740695899886332,402752000
2016-09-28,1.64013671875,1.6413647617756504,1.619260455764457,1.6366982919682818,319788000
2016-09-29,1.6553642749786377,1.6605220329521004,1.622207928650059,1.6374352660171387,336684000
2016-09-30,1.6828718185424805,1.6993271980373132,1.6546274125691456,1.6644515232261394,429932000
2016-10-03,1.6811522245407104,1.707186242526993,1.678205085495439,1.6828715548933284,242596000
2016-10-04,1.6774682998657227,1.711852683560941,1.6649425191016174,1.683608397660882,281624000
2016-10-05,1.6757488250732422,1.7089052777262008,1.670591185890588,1.6917130300047476,305440000
2016-10-06,1.6538901329040527,1.6659246236560903,1.6273649488450685,1.6556093458686296,360212000
2016-10-07,1.6418555974960327,1.6693631232557937,1.6371891286397888,1.6649422395320987,286260000
2016-10-10,1.6479958295822144,1.6592935663953907,1.6325227938350453,1.6504517982219755,287876000
2016-10-11,1.6241722106933594,1.6450484698220746,1.6116464317936088,1.6425925013371354,388540000
2016-10-12,1.6315404176712036,1.6401364833919723,1.6040328902521324,1.617541010257999,419920000
2016-10-13,1.6050150394439697,1.6160671895456273,1.5644905671462905,1.6123831785492742,390116000
2016-10-14,1.6207337379455566,1.6357154848994728,1.6111552151932322,1.6246633342535135,330636000
2016-10-17,1.611401081085205,1.6357157698977336,1.6091906974159293,1.620488435160517,195328000
2016-10-18,1.6359614133834839,1.6452943529644237,1.6271197612786021,1.6337510296354205,269372000
2016-10-19,1.6325225830078125,1.640136307321788,1.6165583790168632,1.6249089758064361,199060000
2016-10-20,1.6634687185287476,1.6688720602424945,1.6283475829524543,1.6516798116205393,312084000
2016-10-21,1.65880286693573,1.6617500067174564,1.6430842415741658,1.657574823710966,279508000
2016-10-24,1.7366585731506348,1.7386233715553883,1.6698544904880706,1.6701001927622061,339836000
2016-10-25,1.7651485204696655,1.7757095026679155,1.7253609118503892,1.7337113932724857,397460000
2016-10-26,1.772270917892456,1.791673550126174,1.7486929867639351,1.7504121999294155,333792000
2016-10-27,1.73592209815979,1.7892179551325724,1.7287996583939593,1.7857795278585407,388664000
2016-10-28,1.7329744100570679,1.770797215215535,1.7297815690111358,1.7442721462878579,290856000
2016-10-31,1.7477108240127563,1.7592541470449716,1.737641012032946,1.7386234698471745,252388000
2016-11-01,1.6958885192871094,1.7636749430259786,1.677222641541934,1.7540964189903154,473224000
2016-11-02,1.6887660026550293,1.7319921543866097,1.6858187464054135,1.7089055089523226,295848000
2016-11-03,1.6691175699234009,1.6980987241432115,1.6366979895571865,1.6966250962072373,309664000
2016-11-04,1.659538745880127,1.6880287246578218,1.6352240650157892,1.6580651182114472,328780000
2016-11-07,1.7504122257232666,1.761464377442855,1.7069404914196147,1.7081685343023723,487580000
2016-11-08,1.7477108240127563,1.7626925737258337,1.7315010313100498,1.7570436462411136,429884000
2016-11-09,1.718238353729248,1.7413251165825494,1.6877836843793699,1.700309347937536,456532000
2016-11-10,1.6644514799118042,1.756061432372557,1.639645618715318,1.7558158471794185,869280000
2016-11-11,2.160569429397583,2.180217649343312,1.9279833974203915,1.9527893746476086,2175344000
2016-11-14,2.054222583770752,2.1659718763439955,2.0537314136089706,2.1635157913099294,1348796000
2016-11-15,2.116852045059204,2.1477978834857403,2.0613455824155307,2.070187350919643,626092000
2016-11-16,2.250460147857666,2.27330109211894,2.1207818034831893,2.1450964930534036,987984000
2016-11-17,2.2691261768341064,2.328070840129973,2.2263910734305954,2.267161261034136,832988000
2016-11-18,2.2929491996765137,2.3167724810605077,2.2546351065869663,2.2691256840672995,576060000
2016-11-21,2.2836174964904785,2.317265138711678,2.2693723793375153,2.310879453076813,436436000
2016-11-22,2.300072193145752,2.3022825771966424,2.268880645654702,2.2914761250449063,330368000
2016-11-23,2.311386823654175,2.3428709035564297,2.2818703667968405,2.30523741519893,443236000
2016-11-25,2.3160598278045654,2.339181036097256,2.2976118406186155,2.3224550706031333,195564000
2016-11-28,2.3148305416107178,2.330326629638858,2.302285888332351,2.3089272029592465,278736000
2016-11-29,2.2936766147613525,2.3229472335499066,2.275966835975484,2.312124369414611,444568000
2016-11-30,2.2678492069244385,2.3160594733684485,2.265389444399286,2.3022849439731132,440500000
2016-12-01,2.155687093734741,2.2671118322424944,2.0850935794953926,2.2653900449336306,1035524000
2016-12-02,2.175609827041626,2.184218759735341,2.093701579568584,2.1214962342265022,478292000
2016-12-05,2.259978771209717,2.277934621424825,2.189139181858732,2.2134902760371364,602284000
2016-12-06,2.2971198558807373,2.30548295562787,2.2523531578317475,2.2680953114537137,498796000
2016-12-07,2.3384432792663574,2.344100546808976,2.26539000319574,2.283591921965466,480804000
2016-12-08,2.2993342876434326,2.3765691290577786,2.288757726367787,2.341395400858748,381544000
2016-12-09,2.258502244949341,2.3187650179718173,2.2311994914465045,2.3170432311590567,382312000
2016-12-12,2.203650712966919,2.2125057172891416,2.1532267542104933,2.210045954770324,601332000
2016-12-13,2.24251389503479,2.270062717036893,2.214965307608533,2.2159491187092293,387796000
2016-12-14,2.372387409210205,2.388621470939262,2.2523534989837994,2.276212685854675,983980000
2016-12-15,2.427976608276367,2.4582310370072515,2.376076686921778,2.383455741502801,746548000
2016-12-16,2.469791889190674,2.4769248743504066,2.403871593327643,2.455525449719329,1089528000
2016-12-19,2.4997997283935547,2.5199692671603695,2.4351093276985667,2.452327432614922,744656000
2016-12-20,2.5868735313415527,2.6104866457356266,2.561046489549614,2.57236125836038,848056000
2016-12-21,2.6031084060668945,2.6060600756118144,2.550962635066608,2.598434948835436,576136000
2016-12-22,2.634591817855835,2.6778825653182814,2.6203253808706926,2.6274585993632638,718612000
2016-12-23,2.700265645980835,2.7017415974503396,2.6139299914431335,2.6166355897027116,647692000
2016-12-27,2.885727643966675,2.8867114552187307,2.735685402961697,2.756347081286045,1194272000
2016-12-28,2.687229633331299,2.9499262711117824,2.6734553357773043,2.9418092408280483,2295764000
2016-12-29,2.7408506870269775,2.742326638439548,2.5285780506291964,2.5802318931275225,2175368000
2016-12-30,2.625490665435791,2.7529036103819693,2.614668037530389,2.738883243923856,1212932000
2017-01-03,2.5091476440429688,2.6163908578903756,2.444457217444235,2.5679344968491664,1501996000
2017-01-04,2.567687511444092,2.5949902671628715,2.497339847336833,2.5433364240118728,1199220000
2017-01-05,2.5025055408477783,2.6028615722033566,2.485533504587961,2.5711314271248455,984296000
2017-01-06,2.5359580516815186,2.5642446262342946,2.4892234867390743,2.5298086433596483,822856000
2017-01-09,2.638773202896118,2.656483214536337,2.545796462800636,2.545796462800636,916248000
2017-01-10,2.618849754333496,2.685753617760832,2.5981880739184255,2.651809780371361,880920000
2017-01-11,2.586627721786499,2.612208696030333,2.561784723416295,2.607289404216634,525664000
2017-01-12,2.544320583343506,2.5753129873046032,2.4995538818778806,2.5637523826738877,625616000
2017-01-13,2.5440754890441895,2.582692794249961,2.5349744101904634,2.5482568058792756,457820000
2017-01-17,2.487009048461914,2.5384168199208146,2.4737266588724176,2.5334975293130877,580612000
2017-01-18,2.5322682857513428,2.5391554350821646,2.437815583452183,2.4656102509269693,654424000
2017-01-19,2.586627721786499,2.618603939591291,2.533006244679947,2.5352199377249076,644872000
2017-01-20,2.558340549468994,2.6269664252423754,2.536449225145541,2.609256415879495,492024000
2017-01-23,2.5849058628082275,2.604829568812421,2.5507159529062653,2.553175716032891,369904000
2017-01-24,2.640003204345703,2.646152611962438,2.5802323228513475,2.594990666555596,428052000
2017-01-25,2.651317834854126,2.6884594104420483,2.6154061407251827,2.682310003147152,522760000
2017-01-26,2.6970694065093994,2.70444846358866,2.6245080139313464,2.6540244768243855,458800000
2017-01-27,2.749213933944702,2.7521656023526324,2.6773905500288095,2.7039553311242917,471996000
2017-01-30,2.706169366836548,2.7305204583569456,2.654269679451095,2.728306765414349,496004000
2017-01-31,2.6855077743530273,2.706907195931234,2.6614025197019617,2.6798505072339864,362756000
2017-02-01,2.8028364181518555,2.8070177345348295,2.702234297841435,2.719944078652957,590004000
2017-02-02,2.8382558822631836,2.8468650540611793,2.7563478262820076,2.786848094522404,483240000
2017-02-03,2.81341290473938,2.8508005576340194,2.8016064627010318,2.8397318569521035,372744000
2017-02-06,2.8854825496673584,2.885974455459737,2.8040661593416534,2.8040661593416534,506768000
2017-02-07,2.930248498916626,2.974277222661696,2.899994072080427,2.9196717061147854,746224000
2017-02-08,2.9174587726593018,2.934676648276661,2.8626071717160606,2.9122934099740942,449580000
2017-02-09,2.8626065254211426,2.9285268128286113,2.8434210309653154,2.923607286862362,842568000
2017-02-10,2.7947192192077637,2.9688662859767034,2.7696301495311757,2.9499266245706193,1651092000
2017-02-13,2.665830373764038,2.80357382685647,2.6614027531545723,2.7890615525981803,1180724000
2017-02-14,2.675668239593506,2.709366232297503,2.6144214253298674,2.6562364459238545,850632000
2017-02-15,2.6810803413391113,2.700757977143089,2.650580076215723,2.6786208127955558,373020000
2017-02-16,2.6380350589752197,2.6919025923167355,2.5989256318384615,2.690672711037027,647176000
2017-02-17,2.637542963027954,2.641970582624317,2.57752625685743,2.624506643481026,563740000
2017-02-21,2.73199725151062,2.7359327329069387,2.661895389563736,2.662141459778002,551952000
2017-02-22,2.727809429168701,2.753422685299107,2.7088456328767934,2.7440639774920776,433772000
2017-02-23,2.4748780727386475,2.62018392124028,2.4549294629422524,2.598264971090411,1592888000
2017-02-24,2.498767614364624,2.5120667671893995,2.3569096710711235,2.390650196988915,1029904000
2017-02-27,2.5714211463928223,2.5864442626313653,2.501231065421149,2.5169930888980403,715400000
2017-02-28,2.4992611408233643,2.5908779028680007,2.482021534869381,2.5810264310405633,625360000
2017-03-01,2.5315239429473877,2.5704363617320163,2.4901486563590733,2.5561519163682407,504804000
2017-03-02,2.438182830810547,2.5327549662143096,2.435473817588905,2.5187169038556902,754332000
2017-03-03,2.424145221710205,2.4325186428186987,2.369716927581068,2.42759314243817,864692000
2017-03-06,2.405426263809204,2.4160163999256703,2.3438560217964093,2.3879402906508997,883568000
2017-03-07,2.431779623031616,2.451235947557968,2.3926210630228404,2.405427692240396,603400000
2017-03-08,2.4273464679718018,2.4948275295840374,2.4251299813252016,2.4800505604867773,638712000
2017-03-09,2.4268534183502197,2.4492648955387812,2.398777300553466,2.4113377802966003,478060000
2017-03-10,2.4411380290985107,2.465027324288302,2.4229133754592485,2.4532059844641183,499740000
2017-03-13,2.5083730220794678,2.5182242563516914,2.4507431958945807,2.451482103054784,774136000
2017-03-14,2.50665020942688,2.5305392814469982,2.4743872438777106,2.5211808042454997,522016000
2017-03-15,2.525613307952881,2.536449598128122,2.470692479972147,2.5182249389639444,615036000
2017-03-16,2.5566442012786865,2.5571369626904445,2.5221649947743616,2.5362030580819708,523100000
2017-03-17,2.6123039722442627,2.6135354060505707,2.556644244610251,2.5741302288646555,1119688000
2017-03-20,2.695546865463257,2.699487547643091,2.613781585619469,2.6297899904360813,748568000
2017-03-21,2.6083624362945557,2.7081064281075036,2.6004815443602918,2.67830635041675,913484000
2017-03-22,2.6615607738494873,2.6662401294612303,2.5933407811995632,2.5972812293799685,616764000
2017-03-23,2.6374239921569824,2.6736273879086894,2.6278191390298433,2.6536785396582485,533940000
2017-03-24,2.646782875061035,2.69160607399549,2.6209234727172857,2.6837251803874778,439500000
2017-03-27,2.6659929752349854,2.6699334222721873,2.550979694707346,2.6002358698522943,506644000
2017-03-28,2.6522016525268555,2.681755361618182,2.6418578895756917,2.667224770366213,432444000
2017-03-29,2.6435811519622803,2.6719034196699147,2.6413646654683514,2.6595893187490485,349992000
2017-03-30,2.694314479827881,2.709091445602075,2.6450583187004058,2.650722724383887,525532000
2017-03-31,2.682739734649658,2.7063828838261763,2.6696869613410694,2.684710075371682,440808000
2017-04-03,2.669194459915161,2.7004721218620387,2.6455513105168746,2.6832325211524077,445232000
2017-04-04,2.482020854949951,2.5716672510971565,2.471184567729061,2.5465465215371452,1271280000
2017-04-05,2.463550567626953,2.5211804112090124,2.450497554968067,2.4633041868751913,747048000
2017-04-06,2.4815292358398438,2.4935969611143944,2.4236530079057514,2.468722603136065,635120000
2017-04-07,2.470937967300415,2.505417401568764,2.4559148540102713,2.487931421215467,429068000
2017-04-10,2.407890558242798,2.478326784023212,2.40370373044892,2.4716773235905585,756332000
2017-04-11,2.416510581970215,2.43572052755176,2.3729188094819387,2.377844310084594,618148000
2017-04-12,2.3965611457824707,2.4307942004343586,2.391389265716094,2.4165099938041656,414092000
2017-04-13,2.351738452911377,2.3940987902732824,2.351738452911377,2.372426212469881,506892000
2017-04-17,2.443847179412842,2.4440933252005506,2.359372669585664,2.3645445495907644,497292000
2017-04-18,2.4453251361846924,2.4514823049067753,2.403703709060082,2.4295631130769184,370116000
2017-04-19,2.4549295902252197,2.48694591980789,2.448279896700383,2.462810482303927,380828000
2017-04-20,2.4938437938690186,2.4985231503154934,2.4482816637188245,2.4694619581338326,404016000
2017-04-21,2.5041868686676025,2.506895882488209,2.4716777633322677,2.483499106717471,341896000
2017-04-24,2.5354645252227783,2.5485173025062218,2.514776998265465,2.535710671093024,371820000
2017-04-25,2.5795481204986572,2.5940787085073245,2.528567989566946,2.5499944180038687,388440000
2017-04-26,2.5618162155151367,2.5955565134355374,2.5598458745621926,2.5930938808343194,327004000
2017-04-27,2.601712942123413,2.610086360329875,2.5512253476429008,2.569203852314071,319700000
2017-04-28,2.5687127113342285,2.6017143453227103,2.5630480677275256,2.5948185025375374,348248000
2017-05-01,2.6263418197631836,2.631513935735584,2.5724062869685747,2.5795485091476182,307732000
2017-05-02,2.5485165119171143,2.6007283094700258,2.525858650666583,2.5994968758847645,629972000
2017-05-03,2.5674803256988525,2.5770851789120606,2.5268439565815446,2.541620689966779,336904000
2017-05-04,2.5576295852661133,2.584720424947022,2.5497484557177845,2.573637755333926,209788000
2017-05-05,2.557875633239746,2.565017855241396,2.5305384138896843,2.546054291677543,228428000
2017-05-08,2.5310301780700684,2.5711737762445295,2.519701132638981,2.5696961972084154,365240000
2017-05-09,2.535217523574829,2.5842275500321854,2.5283216829446,2.536695337922424,847672000
2017-05-10,2.9871437549591064,3.000196765711264,2.8080975500374663,2.8147470108994423,2129096000
2017-05-11,3.1154556274414062,3.212244242165562,2.9531565297926985,2.9566044499466226,1939792000
2017-05-12,3.149688720703125,3.1918029050630983,3.0977235371048293,3.1186574389481483,962620000
2017-05-15,3.3078010082244873,3.3102638753065436,3.1863844325679116,3.1908176402899993,1087540000
2017-05-16,3.369370937347412,3.38488681050713,3.2844041454049164,3.358780797856661,1120700000
2017-05-17,3.1455016136169434,3.3213462194088623,3.141314786958869,3.3026288071999974,1271368000
2017-05-18,3.2772624492645264,3.2861286303624024,3.129001177316484,3.1893400151724665,1156032000
2017-05-19,3.35295033454895,3.407682111391923,3.3337201618292505,3.3783439246924383,1018372000
2017-05-22,3.4244472980499268,3.4387465497366225,3.385740309750181,3.396588244938052,836608000
2017-05-23,3.378344774246216,3.4463899636458977,3.345801433016775,3.444171142220138,681248000
2017-05-24,3.4163119792938232,3.477947107618314,3.404231311689603,3.4752350058527846,815996000
2017-05-25,3.4086689949035645,3.452306674551503,3.363798584545197,3.4515669891013774,608228000
2017-05-26,3.4969305992126465,3.5817405008345244,3.3803170432624023,3.4005333105440245,779140000
2017-05-30,3.5716323852539062,3.6066409505002266,3.526761974163199,3.5427870034216355,989652000
2017-05-31,3.558811902999878,3.6241449791864877,3.5021074708039275,3.616502190512127,887316000
2017-06-01,3.559058666229248,3.5755769758445415,3.513695209954883,3.574590650190337,503340000
2017-06-02,3.5413079261779785,3.582233505559965,3.5353909126212373,3.556100224950482,487456000
2017-06-05,3.649045705795288,3.6618658225670244,3.5134486243272063,3.525036010434045,817376000
2017-06-06,3.6325268745422363,3.690463792993007,3.6192137153050226,3.644360663242379,758728000
2017-06-07,3.6764109134674072,3.695148039296591,3.6414023577204317,3.656934337496016,612612000
2017-06-08,3.943169116973877,3.94464825285427,3.7422384649272717,3.7834106859235215,1161744000
2017-06-09,3.688246250152588,4.1542079253713196,3.519365887681868,4.06150882373315,3692928000
2017-06-12,3.6973674297332764,3.7400190145561973,3.503586789949396,3.5965325130376598,1697532000
2017-06-13,3.7326226234436035,3.815706731560428,3.590861671820395,3.8065845728409085,1672504000
2017-06-14,3.7405123710632324,3.798202897645878,3.6611264426951515,3.73558168342812,1184640000
2017-06-15,3.756538152694702,3.7868624383609686,3.6118186534787977,3.623159636305665,963824000
2017-06-16,3.738046169281006,3.813980765847472,3.7040237024677047,3.7661518591279917,924960000
2017-06-19,3.878574848175049,3.883752175590543,3.7784793812368624,3.7821773378940327,778176000
2017-06-20,3.8729043006896973,3.9875456612321845,3.868713298754314,3.9207332138848434,1095444000
2017-06-21,3.931580066680908,3.93527825771783,3.838634361716914,3.9005161084001463,682652000
2017-06-22,3.90446138381958,3.9530299803879188,3.8805469282153835,3.9397165843861486,469132000
2017-06-23,3.792532205581665,3.927882873207779,3.7774930335171475,3.9121042508877597,1088588000
2017-06-26,3.751113176345825,3.8608236069724775,3.656934727149721,3.8253217671888624,1063960000
2017-06-27,3.613790988922119,3.742238578999616,3.6081206151953955,3.733609698302566,999492000
2017-06-28,3.7412521839141846,3.7459364666427075,3.5933277879136165,3.6813428340994694,994948000
2017-06-29,3.616255760192871,3.7158579470741504,3.552155179939054,3.712899675787962,1064424000
2017-06-30,3.5639896392822266,3.6470737635563024,3.5378563587860348,3.6335139604741657,731060000
2017-07-03,3.435048818588257,3.5908624128712785,3.416558327423024,3.576070113986833,709072000
2017-07-05,3.526761531829834,3.555606674924944,3.4794256652149875,3.498409198821919,820188000
2017-07-06,3.537362813949585,3.5842056383027625,3.445649816431922,3.497669968457925,746284000
2017-07-07,3.6182284355163574,3.6364725216570046,3.571139201879183,3.594067570875428,654972000
2017-07-10,3.789327383041382,3.796723532064029,3.6655640901880857,3.6916973695128217,958492000
2017-07-11,3.8430731296539307,3.850715918498617,3.7511134935822885,3.7930253945813677,757956000
2017-07-12,4.006528377532959,4.018608805891109,3.859836991516875,3.9027349735098906,1145208000
2017-07-13,3.960179090499878,4.0999673832776,3.913829554669175,4.018609055438902,1369132000
2017-07-14,4.066685676574707,4.06816457721264,3.9695484731477424,3.9764515769203514,941948000
2017-07-17,4.0494279861450195,4.129553845876933,3.987792854117006,4.1007084611352465,930792000
2017-07-18,4.091586589813232,4.106132484092921,3.976698336345437,3.9885323639354753,776640000
2017-07-19,4.0703840255737305,4.127088232092777,4.058303592808117,4.1007083100329025,687044000
2017-07-20,4.129554748535156,4.129801153688372,4.0410468639300285,4.090847978732417,699596000
2017-07-21,4.144345283508301,4.173930347630496,4.094790595002775,4.1090900818483895,648332000
2017-07-24,4.0962700843811035,4.16111035204074,4.085669024142947,4.151495382262104,652524000
2017-07-25,4.0765461921691895,4.090845677070587,4.032908522421261,4.073341046025353,496556000
2017-07-26,4.123636722564697,4.189463090731363,4.088874324688348,4.133991379328136,640404000
2017-07-27,3.987546682357788,4.160125250230541,3.8844926810288216,4.148537626540423,782856000
2017-07-28,4.052879333496094,4.0772870740211475,3.9268974441224818,3.951797759701962,513348000
2017-07-31,4.006528377532959,4.102432589397028,3.959932439580095,4.066437709322956,559672000
2017-08-01,4.0553436279296875,4.057069403518674,3.969301253496339,3.9971600679360977,431384000
2017-08-02,4.052879333496094,4.090353597207153,3.975959095140123,4.08640923486202,478444000
2017-08-03,4.104404926300049,4.108102881977157,4.035373442150098,4.05238479064642,442420000
2017-08-04,4.122403621673584,4.19291402744633,4.104406177526089,4.127087668943283,589096000
2017-08-07,4.249125003814697,4.249617813880185,4.1418795645058974,4.151495003646262,717412000
2017-08-08,4.198585510253906,4.3036114553880305,4.159385467099917,4.287093378615998,755336000
2017-08-09,4.24320650100708,4.245671961184407,4.133742514373655,4.152479635530588,530784000
2017-08-10,4.061507225036621,4.256767198133595,4.051398977240928,4.2444398946369395,1328088000
2017-08-11,3.8450446128845215,3.919992881806947,3.769849938952071,3.8741363921788325,1497196000
2017-08-14,4.1517415046691895,4.155439461200298,3.924924256068309,3.93651164109645,1279020000
2017-08-15,4.116732597351074,4.183051759260188,4.082463488395804,4.156918718738203,764532000
2017-08-16,4.071614742279053,4.1551921147603155,4.039318290731314,4.1317709449719,596632000
2017-08-17,3.9808878898620605,4.080243646184611,3.978669304526737,4.063232767739227,525444000
2017-08-18,3.981628179550171,4.052139045548948,3.9357716877561653,4.035127694282355,601204000
2017-08-21,3.923691749572754,4.017377160659298,3.8798076680545575,4.006036415141319,623672000
2017-08-22,4.011043071746826,4.0169652933360185,3.9409640771448493,3.960211179646574,450456000
2017-08-23,4.091239929199219,4.102344037148433,3.9690947417578593,3.977731688520714,579520000
2017-08-24,4.076186180114746,4.127758868536408,4.0497835164619875,4.123316850290575,469700000
2017-08-25,4.0421342849731445,4.110486210280681,4.035718349714156,4.100369063543062,357200000
2017-08-28,4.0707573890686035,4.073965356248366,4.005613440523226,4.061133958181778,389496000
2017-08-29,4.064096927642822,4.0858119021191595,4.003888209777724,4.012031442869526,324096000
2017-08-30,4.088280200958252,4.099384312024374,4.053487194110327,4.083838180009578,384400000
2017-08-31,4.181058883666992,4.185006717267959,4.101109605416797,4.108512028744885,612684000
2017-09-01,4.206228256225586,4.241761584966242,4.185007001893187,4.193643947450947,445432000
2017-09-05,4.093952655792236,4.159836942292663,4.035964976491896,4.154901680455727,695364000
2017-09-06,4.091485977172852,4.140591043770432,4.056693455625134,4.126772683932748,397672000
2017-09-07,4.1104865074157715,4.142811396014369,4.0702650101349,4.108265497976526,352868000
2017-09-08,4.039173603057861,4.113694383293884,4.014991472205385,4.098889064293761,498856000
2017-09-11,4.170202732086182,4.180813597246549,4.079395941120961,4.084824920035346,567444000
2017-09-12,4.185255527496338,4.194878964163865,4.1201115398196215,4.194878964163865,411488000
2017-09-13,4.204009056091309,4.232879365402599,4.127760960038494,4.16008586041196,580960000
2017-09-14,4.180072784423828,4.258048161900318,4.140591616384034,4.165020371431807,513712000
2017-09-15,4.444350242614746,4.444350242614746,4.260269035104378,4.265450921166393,1364792000
2017-09-18,4.627937316894531,4.718004230469194,4.561559762772193,4.568468943563326,1684460000
2017-09-19,4.6230010986328125,4.684690462764438,4.555636136035738,4.577597722866716,874280000
2017-09-20,4.585742473602295,4.674081632462228,4.545520964361181,4.626704319543304,724920000
2017-09-21,4.460388660430908,4.508259676079244,4.3826599154908985,4.482103158710042,1075600000
2017-09-22,4.416957378387451,4.498634394297334,4.407087327098721,4.449036104043702,491232000
2017-09-25,4.219553470611572,4.387348650945643,4.19882593035556,4.386114599843208,874580000
2017-09-26,4.2432403564453125,4.4090615600120335,4.203512585278406,4.354034761128607,1125620000
2017-09-27,4.336269855499268,4.349594972332799,4.262736032249857,4.33355560186904,713720000
2017-09-28,4.335037708282471,4.347375400009098,4.287659917790014,4.343427093917136,435244000
2017-09-29,4.411284446716309,4.434972863986991,4.373777197721946,4.418933963831018,619092000
2017-10-02,4.416957378387451,4.4904911666306715,4.3676061806390205,4.461373785817712,503480000
2017-10-03,4.426092147827148,4.455949895771941,4.381922316506938,4.423130799917052,390332000
2017-10-04,4.463104724884033,4.485312946735495,4.395739722514229,4.432260024607311,427848000
2017-10-05,4.460635662078857,4.490987108514947,4.430777930245663,4.487532518252558,437364000
2017-10-06,4.473714828491211,4.487039948991806,4.416960696650129,4.433000071527911,318800000
2017-10-09,4.5746378898620605,4.607703591995316,4.491727247865102,4.510480873474691,563492000
2017-10-10,4.661991596221924,4.7611882642107135,4.620783119146017,4.723681000800631,974876000
2017-10-11,4.711589336395264,4.7130700099361,4.632626983790919,4.678523627682139,529508000
2017-10-12,4.713809013366699,4.764640907580657,4.686665535841932,4.715042593866637,528292000
2017-10-13,4.801654815673828,4.81177196504256,4.729108416171767,4.775992009268941,628728000
2017-10-16,4.884073257446289,4.887034604839877,4.768343970739899,4.831514047738074,576640000
2017-10-17,4.879631042480469,4.908008107656263,4.845085131945194,4.863345045992021,478596000
2017-10-18,4.875436305999756,4.889254670756122,4.770317896773758,4.888514804632245,567316000
2017-10-19,4.88086462020874,4.8857994136257155,4.748849365587751,4.7979539723186315,570772000
2017-10-20,4.858657360076904,4.925034933480398,4.8497737888702295,4.8978919170533715,451620000
2017-10-23,4.851747035980225,4.906773863364467,4.831512736458317,4.880370719317214,428696000
2017-10-24,4.902578830718994,4.904306125975059,4.83496722308686,4.860876651927827,407244000
2017-10-25,4.7787065505981445,4.915904159649188,4.71726425537581,4.863097870424959,828160000
2017-10-26,4.828798294067383,4.840395646017998,4.782407944959618,4.806343456132076,322744000
2017-10-27,4.981048107147217,4.981294729149223,4.854954607526209,4.880864507969773,572192000
2017-10-30,5.029905796051025,5.085425865020742,4.965255065709937,4.981047815313874,504056000
2017-10-31,5.103191375732422,5.129841134583281,5.05606070089064,5.0617362998872055,411908000
2017-11-01,5.112816333770752,5.181168281445407,5.048659313449115,5.165869245370323,502576000
2017-11-02,5.081724643707275,5.12786837054264,5.025217145580886,5.083205316935321,342308000
2017-11-03,5.14958381652832,5.14958381652832,5.0669202530208235,5.112816895637146,353640000
2017-11-06,5.172778606414795,5.18141508342609,5.1004788215337555,5.112816511363405,389944000
2017-11-07,5.232000350952148,5.2534687030694585,5.18338945780346,5.195480525587336,427700000
2017-11-08,5.16118049621582,5.231259731387411,5.113803190610119,5.227558048459335,522988000
2017-11-09,5.066425323486328,5.0913477917094525,4.944280614060956,5.065191742967513,978564000
2017-11-10,5.333417892456055,5.395847618109438,5.222130182028636,5.25791014059188,1253256000
2017-11-13,5.246805191040039,5.358832749540778,5.2315061572511885,5.33341703786811,582376000
2017-11-14,5.28505277633667,5.300351811490341,5.212259283687851,5.255935379277143,529292000
2017-11-15,5.181414604187012,5.231260014881084,5.127621829678543,5.23002596362064,501948000
2017-11-16,5.221636772155762,5.285547174892678,5.212753672824756,5.255442815323478,441768000
2017-11-17,5.215466022491455,5.313922298509696,5.200414083529743,5.278636065440799,515664000
2017-11-20,5.282585620880127,5.294676687560919,5.194246000338361,5.231012915014764,396100000
2017-11-21,5.331196308135986,5.342794130397142,5.290481560536533,5.322313210280413,399176000
2017-11-22,5.30724573135376,5.358360222210002,5.274651106425657,5.358360222210002,356640000
2017-11-24,5.3573713302612305,5.358359445644125,5.2990960716547875,5.32354227229785,180752000
2017-11-27,5.287736892700195,5.367248145956048,5.284526695496104,5.366013708328125,422896000
2017-11-28,5.203039646148682,5.302305188626579,5.142048260118121,5.292921862238831,512752000
2017-11-29,4.8501787185668945,5.1884711326174875,4.7220223386650035,5.1857549931611935,1396788000
2017-11-30,4.95611047744751,5.004755602315434,4.855857766217551,4.918824437844286,823768000
2017-12-01,4.88129186630249,4.941789672100705,4.752641893589117,4.921541315397551,811548000
2017-12-04,4.6091766357421875,4.945987858540212,4.555840071657967,4.9398142569824,1240844000
2017-12-05,4.6358442306518555,4.758321063604663,4.459043197291908,4.503984071058407,981488000
2017-12-06,4.673377990722656,4.695107578798248,4.564235050733378,4.585471052136598,467032000
2017-12-07,4.740790367126465,4.780546239178378,4.694614570041799,4.740049515972733,542600000
2017-12-08,4.728442668914795,4.809682413084032,4.72004698635999,4.7906684951877,466876000
2017-12-11,4.806719779968262,4.809683184158977,4.726714931514254,4.742518183932446,372748000
2017-12-12,4.712391376495361,4.7864703344172375,4.688933298858844,4.763259050056395,455016000
2017-12-13,4.597322463989258,4.754615965237257,4.589914427120399,4.75338152791554,554280000
2017-12-14,4.6044840812683105,4.675352853610898,4.558308298705478,4.590902913340465,438164000
2017-12-15,4.730172157287598,4.750420516997268,4.583496359015741,4.648438809323871,670036000
2017-12-18,4.886724948883057,4.889687882002822,4.741036806785302,4.770668021901644,477704000
2017-12-19,4.842525005340576,4.882527668424535,4.814128224681,4.877342181633996,373100000
2017-12-20,4.859561920166016,4.890921626233936,4.804002810976086,4.881785563841988,288820000
2017-12-21,4.837092399597168,4.887959619591962,4.828696715554806,4.86301983180473,300904000
2017-12-22,4.821784019470215,4.831167350435185,4.722518428570201,4.800301216915118,466276000
2017-12-26,4.8753662109375,4.883021044104034,4.736592040475482,4.766470522063604,355080000
2017-12-27,4.868697166442871,4.937837431953995,4.847461641539324,4.862030451241272,329488000
2017-12-28,4.874378204345703,4.923270133044771,4.868205073793837,4.892404009305769,240248000
2017-12-29,4.778075218200684,4.9005520474901685,4.778075218200684,4.9005520474901685,279964000
2018-01-02,4.922526836395264,4.926231089669761,4.802766656053771,4.834373144133231,355616000
2018-01-03,5.246499538421631,5.276872071724263,5.031177549791746,5.039820025695842,914704000
2018-01-04,5.274155616760254,5.384286195923432,5.2519319720719775,5.327739439924537,583268000
2018-01-05,5.318850517272949,5.356136563849528,5.212176921617321,5.288972038755744,580124000
2018-01-08,5.481822967529297,5.555901465342016,5.397373027882378,5.4423143725652325,881216000
2018-01-09,5.48034143447876,5.526764011442247,5.398854895983358,5.487255415261424,497000000
2018-01-10,5.523306369781494,5.526763359765202,5.333665036278787,5.387989231876989,582664000
2018-01-11,5.53318452835083,5.587261938234885,5.511701263608485,5.555901759718004,406032000
2018-01-12,5.5060224533081055,5.555655230806842,5.465526210043849,5.521332117817926,359916000
2018-01-16,5.435154914855957,5.6178823443928865,5.350705418420513,5.532445203405531,702348000
2018-01-17,5.548987865447998,5.558864779376796,5.355889511892631,5.4497223136245685,538408000
2018-01-18,5.542075157165527,5.596399373698795,5.498615501351067,5.529728423194506,408632000
2018-01-19,5.682082176208496,5.706281108604967,5.605287537749139,5.632202609560371,609380000
2018-01-22,5.770482063293457,5.772210558275641,5.632448787028187,5.689983178997837,550944000
2018-01-23,5.899381637573242,5.922098874716578,5.805301549081098,5.823820943734519,475228000
2018-01-24,5.822587013244629,5.938396704442113,5.767027882482986,5.902591878953522,579972000
2018-01-25,5.836166858673096,5.920122754728152,5.8213512508338745,5.8769098979758745,409884000
2018-01-26,6.008522987365723,6.008769780706532,5.867032691438194,5.879873009855168,516356000
2018-01-29,6.09544038772583,6.126553767643767,5.9413570737122265,5.993952772771819,455116000
2018-01-30,5.993460655212402,6.084824594355995,5.887034314269972,5.953705258700726,570832000
2018-01-31,6.06951379776001,6.155198176737527,6.036178331753405,6.068772946829248,478576000
2018-02-01,5.938641548156738,6.096676409437072,5.878391007501542,5.889749623333987,519224000
2018-02-02,5.766285419464111,5.8761692122464035,5.70825742887083,5.8522170708127845,718464000
2018-02-05,5.27687406539917,5.759126286967598,5.062045582238898,5.605289686773526,1165204000
2018-02-06,5.570224285125732,5.573187218233309,5.037351292123833,5.047228677775093,1114800000
2018-02-07,5.649735450744629,5.802090790643219,5.5978805855485,5.668996165660121,802932000
2018-02-08,5.371200084686279,5.80826407928095,5.370952820335988,5.77517587039458,1144000000
2018-02-09,5.7307281494140625,5.898886734378586,5.371199687913183,5.8830834821942375,1674604000
2018-02-12,5.630721569061279,5.814683871700082,5.556643061315796,5.81172046764165,1093172000
2018-02-13,5.744307994842529,5.790483773985809,5.562074224162482,5.594422043088235,625524000
2018-02-14,5.961359977722168,5.990250813952045,5.692948180613447,5.704060004472654,744988000
2018-02-15,6.086799621582031,6.132975411384869,5.963829181989082,6.044574880316106,698900000
2018-02-16,6.021116256713867,6.173224311591797,6.011979722715716,6.059637210328734,637656000
2018-02-20,6.150508880615234,6.219401918319818,6.039884208884206,6.04358846482193,686240000
2018-02-21,5.96358060836792,6.2218686341425675,5.959876824976251,6.214954653955677,892292000
2018-02-22,5.983101844787598,6.069086435851359,5.917625143276872,5.997432767055689,534364000
2018-02-23,6.076498508453369,6.076498508453369,5.992243494996273,6.042895376009771,415300000
2018-02-26,6.09255838394165,6.127149771013769,6.030293415939534,6.122702374286254,469312000
2018-02-27,6.079710483551025,6.150128938266392,6.056731715809551,6.065873456547653,455436000
2018-02-28,5.979394435882568,6.130114383636333,5.967781344087161,6.090581236231514,523116000
2018-03-01,5.73750114440918,6.031034996811385,5.636444334778007,5.9771709264830095,1040120000
2018-03-02,5.84448766708374,5.850912051592276,5.48152360924925,5.630020109064844,913428000
2018-03-05,5.822498798370361,5.862031957639764,5.671037022574234,5.794331316354615,620776000
2018-03-06,5.983348846435547,6.00262153121743,5.864749376895527,5.907741672821975,636808000
2018-03-07,5.97544002532959,6.027574514608056,5.879324998713865,5.880560203201086,581208000
2018-03-08,5.959135055541992,6.002868664310706,5.914907082010744,6.002868664310706,411912000
2018-03-09,6.061673164367676,6.0745209900779376,5.9905134019466875,6.006573419720669,505524000
2018-03-12,6.171130657196045,6.251185216531933,6.094782183459162,6.102936137303769,605060000
2018-03-13,6.120477199554443,6.2882463353889735,6.079214490119601,6.213874396988158,619772000
2018-03-14,6.145929336547852,6.190651202145571,6.083664355888642,6.163471980336942,505496000
2018-03-15,6.1607537269592285,6.241796550769239,6.11874969218862,6.159518522086137,401952000
2018-03-16,6.1889214515686035,6.207946717769669,6.139504771773921,6.177061410716089,399456000
2018-03-19,5.954687118530273,6.161000737351498,5.855854233128718,6.132092418807679,713772000
2018-03-20,6.166683673858643,6.205475515716861,5.957651760642879,5.957651760642879,554696000
2018-03-21,6.141480922698975,6.226477242198689,6.1110895132459655,6.160258768339329,438688000
2018-03-22,5.9756879806518555,6.124678832896503,5.938378766555672,6.078227407471712,551196000
2018-03-23,5.7562785148620605,5.991747807985991,5.745159788738619,5.989276927594977,735620000
2018-03-26,6.040670871734619,6.041906076450035,5.828674208637452,5.880561289586409,611424000
2018-03-27,5.572201728820801,6.17705937113146,5.432106161780119,6.121465742536831,1409000000
2018-03-28,5.4691691398620605,5.667823135106281,5.361688424687533,5.5378580189014475,945904000
2018-03-29,5.72218132019043,5.818790250715779,5.453108416897449,5.5373634161032035,916628000
2018-04-02,5.461755752563477,5.797787931296831,5.374041623085123,5.651762346597624,922092000
2018-04-03,5.5680036544799805,5.69154489459939,5.469170756638939,5.628539069498361,667432000
2018-04-04,5.589993953704834,5.600371372233682,5.287564779540483,5.3125200676130575,789168000
2018-04-05,5.469912528991699,5.661401373054492,5.398505795522143,5.648306124914533,701240000
2018-04-06,5.293741703033447,5.475347468322936,5.264585964188444,5.367372361645052,662988000
2018-04-09,5.3224029541015625,5.484489069391184,5.302388959677883,5.356747398332987,499524000
2018-04-10,5.6312575340271,5.658189342678052,5.495361871773963,5.552438153600226,761676000
2018-04-11,5.589993953704834,5.657694592159041,5.557379075107766,5.616431864787933,460244000
2018-04-12,5.7965545654296875,5.814344627825064,5.638668880942705,5.682896854549457,593920000
2018-04-13,5.7199578285217285,5.868454318867843,5.671776832869516,5.8600534187104,503036000
2018-04-16,5.7197113037109375,5.753067488839465,5.625572768210806,5.726629581698572,350792000
2018-04-17,5.869195938110352,5.890445136307954,5.716252042972717,5.771845683669566,447224000
2018-04-18,5.840286731719971,5.9114464924525745,5.7513373842584405,5.818790588362269,391364000
2018-04-19,5.659177303314209,5.759492830281805,5.603831065689306,5.726136636882171,471996000
2018-04-20,5.651021957397461,5.734782597827774,5.619889708986493,5.650527592750426,386200000
2018-04-23,5.531681060791016,5.719957640441089,5.5057375211040105,5.668811872382748,427508000
2018-04-24,5.465464115142822,5.6532463663324855,5.40023436206555,5.557378724363307,414596000
2018-04-25,5.353287696838379,5.4748523883524705,5.196143359985117,5.43581313300979,588492000
2018-04-26,5.564791202545166,5.5729451577645985,5.448909558639168,5.514880626804254,375824000
2018-04-27,5.592215538024902,5.690307558874956,5.549964566600113,5.670540986708159,400848000
2018-04-30,5.556884288787842,5.6581880564035085,5.537612076202708,5.608524430770249,327844000
2018-05-01,5.612231254577637,5.614949082504897,5.490172174409011,5.548731068939542,253788000
2018-05-02,5.59172248840332,5.653245676682889,5.565531528912585,5.6087712360513065,268248000
2018-05-03,5.756773948669434,5.782964910804997,5.578380389642029,5.623596617480026,443144000
2018-05-04,5.9067535400390625,5.909965732782992,5.710817323017908,5.728113020450745,400660000
2018-05-07,6.14444637298584,6.201522641365676,6.001385517587172,6.011269041796054,687616000
2018-05-08,6.186944484710693,6.189662312359762,6.0957707218406165,6.144693033340903,506616000
2018-05-09,6.319875717163086,6.322099651854573,6.179780084683126,6.206959309418752,596760000
2018-05-10,6.427355766296387,6.436497507612215,6.35496031956407,6.3727503800306735,994080000
2018-05-11,6.288989067077637,6.4189546705779925,6.190403604251868,6.245749828996159,1214456000
2018-05-14,6.309496879577637,6.3868340850540735,6.285777271229011,6.327039992585079,523140000
2018-05-15,6.067356109619141,6.248714900336522,5.967040608795675,6.245996601499489,963528000
2018-05-16,6.078474044799805,6.140491591104779,5.991995111059349,6.028810429912492,553828000
2018-05-17,6.120477199554443,6.214121343625097,6.064142262366563,6.080202747939567,519784000
2018-05-18,6.076745986938477,6.235619921994685,6.071804224633403,6.172367155324837,483716000
2018-05-21,6.0347418785095215,6.177802738024202,5.9420859571111215,6.17409665197543,640624000
2018-05-22,5.9966912269592285,6.073286655171677,5.9361558188208825,6.048084422250063,518264000
2018-05-23,6.120059967041016,6.121296407096076,5.93982548661223,5.940567256332524,442956000
2018-05-24,6.1237688064575195,6.16604638276045,6.063196442969986,6.1163520518220045,437372000
2018-05-25,6.163079261779785,6.179396782056297,6.100776259758787,6.136377907833108,292112000
2018-05-29,6.146021842956543,6.214011924445461,6.09929457721416,6.145032973481705,352684000
2018-05-30,6.254805088043213,6.263458284830537,6.154922204233035,6.179645825724187,390996000
2018-05-31,6.235024452209473,6.309442394267159,6.2122790477876615,6.222909980268595,493868000
2018-06-01,6.369275093078613,6.3754563523537335,6.271122844982644,6.279776042091162,421968000
2018-06-04,6.548024654388428,6.570028289938037,6.371251442413983,6.403391812062183,642024000
2018-06-05,6.553463935852051,6.591043794732279,6.5064891122517645,6.551238626485291,391712000
2018-06-06,6.555441856384277,6.5586560350376475,6.447152895468389,6.463470416586725,371356000
2018-06-07,6.499814510345459,6.563601057186747,6.409573235207362,6.551733682992139,369448000
2018-06-08,6.4844841957092285,6.527008392181293,6.4083356237839535,6.427125549514749,360456000
2018-06-11,6.44344425201416,6.513411580308076,6.430588009495123,6.471876245199073,265372000
2018-06-12,6.491903781890869,6.50401825768936,6.4197111260347945,6.469900140192411,319160000
2018-06-13,6.487453460693359,6.568299311392896,6.478305593439592,6.493387148700687,338208000
2018-06-14,6.598955154418945,6.655572041586089,6.51761465130932,6.53244910381306,430016000
2018-06-15,6.558160305023193,6.613046546422544,6.510938388332273,6.5418427865413245,432260000
2018-06-18,6.553959369659424,6.571512860974775,6.4869586402088615,6.514154196775797,356268000
2018-06-19,6.432319641113281,6.518110304281356,6.304993636426343,6.450862002192565,594932000
2018-06-20,6.485227584838867,6.538135626390589,6.435038580049156,6.473360210722888,369780000
2018-06-21,6.35666561126709,6.535416591080686,6.3490012845776205,6.517121329739927,359516000
2018-06-22,6.2043681144714355,6.390783883407651,6.189039933407088,6.377432969323854,434160000
2018-06-25,5.911889553070068,6.101766141284527,5.823379381222565,6.098057763376705,665816000
2018-06-26,5.982845783233643,6.073334165648005,5.931420804969788,6.025123366416597,478884000
2018-06-27,5.827829837799072,6.092618597476486,5.822390348807067,6.0263596326929845,453892000
2018-06-28,5.95490837097168,5.966775746026835,5.810275503778183,5.817939830519477,338012000
2018-06-29,5.857002258300781,6.032539031091034,5.855765818174799,6.019930359813952,392300000
2018-07-02,5.989027976989746,5.992736355490017,5.767010506225389,5.787531080846164,357572000
2018-07-03,5.855519771575928,6.029573507698457,5.8471136748373285,6.023639820092612,222732000
2018-07-05,6.001140594482422,6.006084940429795,5.871836398792618,5.910652225971076,306216000
2018-07-06,6.114868640899658,6.123274736456235,5.9554018109891125,5.976664149289937,296352000
2018-07-09,6.162336826324463,6.198680711807756,6.083716312519904,6.189038648950431,303880000
2018-07-10,6.261233329772949,6.283236970522963,6.134401516993033,6.174700891949751,360016000
2018-07-11,6.119813919067383,6.203132167984538,6.109182513334937,6.168519385515629,367508000
2018-07-12,6.211292266845703,6.259255975598076,6.155170030828851,6.165059669219156,345508000
2018-07-13,6.164068222045898,6.229832974492567,6.122038216375358,6.229832974492567,246988000
2018-07-16,6.136377811431885,6.189286319689047,6.124016239608383,6.136377811431885,197036000
2018-07-17,6.272110462188721,6.2871920150318585,6.0617133215949455,6.08717870889515,362136000
2018-07-18,6.222909450531006,6.278537459906332,6.171979158524365,6.264692350295349,277640000
2018-07-19,6.231069564819336,6.2646939499617895,6.189040026518868,6.20412110838301,235752000
2018-07-20,6.202884197235107,6.267412506158028,6.192005693602789,6.228596681046968,222352000
2018-07-23,6.166294574737549,6.178161950133588,6.014739146335825,6.176431310870159,301584000
2018-07-24,6.14898681640625,6.3007893105404325,6.131432856658911,6.214256895024077,354620000
2018-07-25,6.227114677429199,6.239723823051808,6.1005299654223775,6.158383304050002,319112000
2018-07-26,6.300543308258057,6.337381404239805,6.190276591331266,6.207088785521427,325124000
2018-07-27,6.2308220863342285,6.344055865179182,6.176924705176644,6.337133309027177,295420000
2018-07-30,6.035755157470703,6.250850067126715,6.0008947967490665,6.244916378672736,340340000
2018-07-31,6.053802967071533,6.128468031541822,5.986555130624442,6.025370966995068,283988000
2018-08-01,6.093606472015381,6.140334197694458,6.029819926903251,6.085200847788866,283556000
2018-08-02,6.19620943069458,6.200164907682016,5.9635610819659,6.022402810446132,269668000
2018-08-03,6.23280143737793,6.256536191219191,6.203875236643271,6.220686960977588,214288000
2018-08-06,6.280518054962158,6.283979333939428,6.173712605627031,6.220192772340055,207508000
2018-08-07,6.352707862854004,6.371250689945046,6.3025193402127435,6.329220690560541,258132000
2018-08-08,6.389052391052246,6.434049476976423,6.319085060697001,6.353945411950338,262100000
2018-08-09,6.340595722198486,6.409574196651297,6.3329313948633015,6.406854687899559,204280000
2018-08-10,6.299306392669678,6.331694335781546,6.247634320592188,6.258759924707362,256396000
2018-08-13,6.332188606262207,6.452839613844387,6.306229020221007,6.307959659290421,375208000
2018-08-14,6.46347188949585,6.477564575960837,6.354441133924282,6.437512298065447,466220000
2018-08-15,6.405369758605957,6.518108854483772,6.326748769288241,6.48423737574818,591136000
2018-08-16,6.364823818206787,6.477563403260773,6.304745648022211,6.4750909943011195,801260000
2018-08-17,6.0528130531311035,6.254309899799555,6.0258641260586865,6.253568129968853,1143188000
2018-08-20,6.127477645874023,6.259995547129348,5.9019989683404335,6.012266134159834,854388000
2018-08-21,6.262963771820068,6.267413919721252,6.1240174881405345,6.143796290028777,673988000
2018-08-22,6.497836112976074,6.502780930675262,6.226866610640642,6.230327888717319,749856000
2018-08-23,6.597226142883301,6.662496240996871,6.44542360340671,6.459268718574575,720684000
2018-08-24,6.730237007141113,6.744823888499425,6.6011803842341825,6.60563053130619,531512000
2018-08-27,6.821221351623535,6.895391746331424,6.728508122456739,6.759906731113772,505776000
2018-08-28,6.783639907836914,6.838031958112946,6.663730675070671,6.815286080173353,475384000
2018-08-29,6.889021396636963,6.914005776022429,6.755193863373623,6.775972895121321,420108000
2018-08-30,6.872199058532715,6.968921097221528,6.835340816995856,6.8578514316187205,346608000
2018-08-31,6.943193435668945,6.956056709371471,6.842266066057848,6.852161109746707,306592000
2018-09-04,7.01790189743042,7.055501850537219,6.901637450444376,6.930085003777478,391720000
2018-09-05,6.887288570404053,7.03571095061915,6.80639850765602,7.000337059306588,393156000
2018-09-06,6.746288776397705,6.873437210718369,6.713388640118075,6.870963448858135,322796000
2018-09-07,6.7250142097473145,6.8504310381064135,6.609491955441947,6.654265952838491,295420000
2018-09-10,6.796010494232178,6.825695165561465,6.7037414861977815,6.747526081519827,220140000
2018-09-11,6.748264789581299,6.837317814164207,6.728969645176907,6.7497486685188655,243112000
2018-09-12,6.6344757080078125,6.727981806708105,6.479126993875945,6.708439423219944,419092000
2018-09-13,6.712150573730469,6.8026879738979895,6.682960850511504,6.700276708044495,305536000
2018-09-14,6.838062763214111,6.904110736928437,6.765583386637337,6.802441633296546,386936000
2018-09-17,6.776219367980957,6.8615624842390135,6.7569246897619335,6.812583141273332,205528000
2018-09-18,6.7042341232299805,6.8828356280431455,6.697555486850269,6.780177131055425,299520000
2018-09-19,6.727982044219971,6.745792842653954,6.635713058791179,6.685681810783271,224860000
2018-09-20,6.586980819702148,6.648328495095606,6.5330539563080166,6.606028262505605,430584000
2018-09-21,6.516975402832031,6.64437152628743,6.4838280364211505,6.598855352257606,435128000
2018-09-24,6.572633743286133,6.57609691499487,6.3989797450026416,6.486053978745938,293912000
2018-09-25,6.6396708488464355,6.664655225404641,6.5530910878733595,6.63868143865924,280388000
2018-09-26,6.602812767028809,6.684939948246591,6.586981260005063,6.644618533251586,268548000
2018-09-27,6.614686965942383,6.659213730441383,6.583271184911978,6.6379397584529185,214428000
2018-09-28,6.951605796813965,6.973869180146489,6.718582919331581,6.746536001719056,709396000
2018-10-01,7.157912731170654,7.224702405153943,6.99069013205169,7.029279962617605,622060000
2018-10-02,7.086670398712158,7.242018668068073,7.064407015535053,7.1304549893842255,383964000
2018-10-03,7.09285306930542,7.164343020632747,6.988957460357177,7.156921737200125,320552000
2018-10-04,6.908811092376709,7.080980753648199,6.831878660972938,7.056738549681871,391220000
2018-10-05,6.675540924072266,6.946164241261604,6.618150876133432,6.884074376103065,426636000
2018-10-08,6.574365615844727,6.707698204267434,6.433611742656048,6.592423650802323,408612000
2018-10-09,6.568675518035889,6.648328460251058,6.500895969321754,6.55383295047159,273500000
2018-10-10,6.077645301818848,6.5085648156203355,6.075418775025503,6.462800937723825,684940000
2018-10-11,5.8164215087890625,6.12390298553769,5.794900306071613,5.990569950693902,725436000
2018-10-12,6.098671913146973,6.1728833434684125,5.928233848839464,6.073193065888216,608236000
2018-10-15,5.822606563568115,6.08531408934243,5.82161715333462,6.08531408934243,449760000
2018-10-16,6.081108570098877,6.092240260599139,5.885933370361248,5.935159948793996,408712000
2018-10-17,6.012587070465088,6.181294020214765,5.96360772476133,6.143198659008442,329668000
2018-10-18,5.925264358520508,6.120192305746902,5.864906095134859,6.081850186742388,524020000
2018-10-19,5.6689887046813965,5.999970213076318,5.63262540611847,5.980428301828371,613608000
2018-10-22,5.719700336456299,5.821122198384283,5.617041829694844,5.721184687713873,368844000
2018-10-23,5.468371391296387,5.545798274216757,5.360764905817128,5.452786649064465,626436000
2018-10-24,4.932814121246338,5.476534356991268,4.918961436491268,5.430028780507337,884288000
2018-10-25,5.141347885131836,5.188595640562211,4.791071213211139,4.835350738187719,951720000
2018-10-26,4.905109405517578,5.067136769292304,4.777218817229926,4.905603874712344,664784000
2018-10-29,4.591691017150879,5.049573744027559,4.353967871259537,5.046110572330848,758016000
2018-10-30,5.021622657775879,5.031517707593279,4.591692840199475,4.6146984063851795,807192000
2018-10-31,5.215311050415039,5.258848395218674,5.046604134189498,5.186121330841789,745772000
2018-11-01,5.395398139953613,5.404798245307036,5.125269318126723,5.251675563438202,566528000
2018-11-02,5.316486835479736,5.491625191679545,5.199975165957487,5.385997978722489,452960000
2018-11-05,5.2385640144348145,5.326628117056621,5.078020551371365,5.303374856979507,379332000
2018-11-06,5.221000671386719,5.314753995389163,5.183894728341258,5.230648008977005,299012000
2018-11-07,5.288532733917236,5.378080715270347,5.223969126281624,5.287543323842536,483812000
2018-11-08,5.095583915710449,5.230153117792413,5.042151527072607,5.229410942305845,511352000
2018-11-09,5.087669372558594,5.177959556225846,4.973136983488978,5.006779295123947,413240000
2018-11-12,4.688660621643066,5.018405546787777,4.666891707906829,4.996389398433703,617116000
2018-11-13,4.930340766906738,5.051552240335643,4.780186805114317,4.786371444308816,644712000
2018-11-14,4.8778977394104,5.117599665092707,4.770044494083222,5.1032520397163585,526580000
2018-11-15,5.006531238555908,5.078516139035172,4.836092709345151,4.871961542286755,840708000
2018-11-16,4.067512512207031,4.2216241027539105,3.9977536752859915,4.040054377114323,1963520000
2018-11-19,3.579450845718384,4.002948837344284,3.5777192599394287,4.002207133571936,1697820000
2018-11-20,3.6877987384796143,3.815936547258066,3.2976956142785774,3.3162483512074563,1692032000
2018-11-21,3.579698085784912,3.8416634234545715,3.5524874183724475,3.824842270731728,1025496000
2018-11-23,3.58687162399292,3.7004145730867912,3.532202822863743,3.5450660979424735,411968000
2018-11-26,3.7860052585601807,3.7963947733887093,3.6254617760851735,3.707836190930004,814832000
2018-11-27,3.8028268814086914,3.8839644255744283,3.724163098958527,3.760031700190718,738060000
2018-11-28,3.9596593379974365,3.9648540955246956,3.7879841613545278,3.9203273328214707,804524000
2018-11-29,3.8965160846710205,3.9990298066187497,3.8663067589381757,3.9618872084978345,549172000
2018-11-30,4.046820163726807,4.057467553965689,3.855906515288309,3.906172974959146,729564000
2018-12-03,4.210496425628662,4.325391352126382,4.143639451874544,4.273886762475256,890804000
2018-12-04,3.890326499938965,4.1708775498111645,3.8752215979376574,4.165925076470357,812112000
2018-12-06,3.9195454120635986,3.9244976492330004,3.7343271134482365,3.7499269793302012,692308000
2018-12-07,3.6550893783569336,3.933907358665661,3.6058135415596,3.9237549295416496,681676000
2018-12-10,3.760326385498047,3.785088276464206,3.6065555573984267,3.6102699118874186,629472000
2018-12-11,3.6694514751434326,3.8601172265160715,3.5904612668197795,3.8519458337980024,671912000
2018-12-12,3.6870319843292236,3.7831076499447813,3.5860038455252448,3.6751462375945487,654136000
2018-12-13,3.6867835521698,3.797964097788894,3.6508790730952585,3.7338310937601453,471384000
2018-12-14,3.626365900039673,3.7288796474623247,3.602842122772373,3.645184685706574,471820000
2018-12-17,3.5552985668182373,3.6684599180415702,3.497355914046392,3.596403238237289,662868000
2018-12-18,3.6384990215301514,3.7224414627810014,3.5718897650413535,3.5991276605455687,564372000
2018-12-19,3.4297566413879395,3.6583081228484264,3.3782520555774735,3.604822500604131,745364000
2018-12-20,3.3453192710876465,3.5112233516860103,3.2856432890227416,3.4213380375423146,749588000
2018-12-21,3.208386182785034,3.404747300038811,3.1809005712858642,3.371814015403391,863740000
2018-12-24,3.1467292308807373,3.2185384332547193,3.0828437015886583,3.132119766766623,463840000
2018-12-26,3.295795440673828,3.2967858408120705,3.081853425117454,3.19278626959552,695100000
2018-12-27,3.24800443649292,3.2779662791145765,3.0996812956400186,3.2435474004611327,637044000
2018-12-28,3.3094141483306885,3.4020234061374777,3.2267098361325357,3.268557192282664,628728000
2018-12-31,3.3056998252868652,3.385184978013549,3.2749950625529487,3.3527471332816616,465140000
2019-01-02,3.3730525970458984,3.4290142278852103,3.220272371599905,3.2348818385272353,508752000
2019-01-03,3.169262647628784,3.3468047509537686,3.161834173940892,3.3128810650449374,705552000
2019-01-04,3.372309446334839,3.410442449788006,3.211605332463338,3.242309862485577,585620000
2019-01-07,3.55084228515625,3.587737410041579,3.378252408279678,3.4295095174791683,709160000
2019-01-08,3.4624416828155518,3.6345363155183046,3.3898895699978175,3.63230756131295,786016000
2019-01-09,3.5305371284484863,3.5778321572029506,3.4631849627780333,3.513698909920698,617260000
2019-01-10,3.5961556434631348,3.6048222344457934,3.45080392460482,3.5112228156861867,523156000
2019-01-11,3.685298204421997,3.7080790587125985,3.5461368423942865,3.5738699331062063,874764000
2019-01-14,3.7251644134521484,3.750421503288713,3.6095268272091663,3.6330505989268924,730168000
2019-01-15,3.7110514640808105,3.797222431176594,3.6927276413992356,3.7578510668778264,617012000
2019-01-16,3.6855459213256836,3.771221671354495,3.6800984845296334,3.7382886240345203,470104000
2019-01-17,3.7568602561950684,3.796726816295886,3.6253750649879635,3.652613195956674,493436000
2019-01-18,3.885868787765503,3.911868797573999,3.755126529017135,3.8066311124384677,651336000
2019-01-22,3.6838130950927734,3.8672980837653896,3.653603762135762,3.85566005430992,661552000
2019-01-23,3.696688652038574,3.8276786281555033,3.6654889238183594,3.7390314439548784,591020000
2019-01-24,3.90840220451355,3.9259828691008893,3.7764218261033498,3.7811265808391865,708972000
2019-01-25,3.9656026363372803,3.9836787413609778,3.7464608572131435,3.848974613017985,1154572000
2019-01-28,3.4173755645751953,3.5072608682035145,3.2437955483461773,3.3812233631027357,2511528000
2019-01-29,3.258652687072754,3.419604521098029,3.2440432219899566,3.371318852816988,1153932000
2019-01-30,3.4020235538482666,3.4163853005399343,3.2551859876519855,3.334671384895989,974228000
2019-01-31,3.559508800506592,3.595165806236764,3.377014216677439,3.3988046746644693,842852000
2019-02-01,3.583775281906128,3.6347846721896735,3.5305376091747194,3.5780801263534454,625048000
2019-02-04,3.693964719772339,3.7311073186872235,3.5775842144138106,3.5996221501393917,528592000
2019-02-05,3.713031768798828,3.7496791731204335,3.672174809486618,3.7058507771176155,542424000
2019-02-06,3.7885549068450928,3.852935634337346,3.740764679334383,3.7462121158666477,702464000
2019-02-07,3.650383710861206,3.7444785598000863,3.6075459587159173,3.7422500417105558,637120000
2019-02-08,3.6689558029174805,3.679603194977889,3.5689180664556606,3.5832798133270645,461604000
2019-02-11,3.626365900039673,3.679108374140384,3.5780802271071166,3.6248800635033493,495180000
2019-02-12,3.74324107170105,3.758841173246999,3.6503843252168604,3.664746308472057,591060000
2019-02-13,3.7855842113494873,3.858631544117865,3.759088997041317,3.7727080633310974,605372000
2019-02-14,3.8264408111572266,3.8546693413233784,3.74150773868974,3.7845934521398967,827264000
2019-02-15,3.8960213661193848,4.057715641424069,3.873240509966178,4.0349350214177715,1516748000
2019-02-19,3.878688335418701,3.9591643762656417,3.8663076240394174,3.885374127372815,551892000
2019-02-20,3.925982713699341,3.99308715940707,3.89676402247926,3.9079066136263414,540988000
2019-02-21,3.857144832611084,3.963125193509048,3.8425353693714546,3.938611257583346,448548000
2019-02-22,3.9418303966522217,3.9606494153333722,3.8952782861436073,3.9088973501071083,401740000
2019-02-25,3.929450273513794,4.0926304027463685,3.9207834448772534,4.025278463314607,656020000
2019-02-26,3.8900790214538574,3.9807072583100456,3.8566505327848883,3.9247456285343003,488464000
2019-02-27,3.848231554031372,3.9022121456582624,3.7912792893798266,3.875717168040082,500256000
2019-02-28,3.8236916065216064,3.8643429349671288,3.801383218768535,3.8420343108237707,324944000
2019-03-01,3.8779754638671875,3.9201136810041977,3.815263493934576,3.8735135978621438,357188000
2019-03-04,3.8861563205718994,3.9392011254135535,3.8296410695087153,3.91639678806972,409992000
2019-03-05,3.8797109127044678,3.917883213973388,3.816255253406574,3.8705394428962467,362924000
2019-03-06,3.768911123275757,3.8792145963499296,3.7661845981278033,3.870787047533414,403524000
2019-03-07,3.6997547149658203,3.755030560397522,3.6536503391344715,3.74536338040612,450104000
2019-03-08,3.733961820602417,3.7446204227699456,3.589203729921153,3.610520934256211,422416000
2019-03-11,3.9942288398742676,4.017032939864419,3.7104139112950953,3.7575099518581614,859728000
2019-03-12,4.028436660766602,4.074788558433833,3.9458945785165676,4.021991713560843,579576000
2019-03-13,4.179637432098389,4.208886474846685,4.058427367884118,4.065863733470836,768900000
2019-03-14,4.103786945343018,4.2007055118816155,4.096102845273496,4.188807519981684,519384000
2019-03-15,4.209135055541992,4.251768992766471,4.143448335689288,4.146918545379427,661484000
2019-03-18,4.187816619873047,4.294402140783058,4.16079816141345,4.240613433612085,486992000
2019-03-19,4.355380058288574,4.39974957567434,4.265402338243507,4.282257440795719,854972000
2019-03-20,4.322909355163574,4.437674500448435,4.2882067807375135,4.384381717046923,719148000
2019-03-21,4.559378623962402,4.585653401741003,4.341002716961014,4.345960293565358,824312000
2019-03-22,4.399749279022217,4.580696600692123,4.385868440404318,4.532113665529477,747644000
2019-03-25,4.307539463043213,4.423295984166942,4.241357285926929,4.35909712121291,525212000
2019-03-26,4.384133815765381,4.505095692844781,4.327866298455655,4.449076385380852,703508000
2019-03-27,4.374961853027344,4.4560163056173785,4.305557660121188,4.409664422261027,474372000
2019-03-28,4.393551349639893,4.459237578186372,4.340506325524776,4.400987241004111,480264000
2019-03-29,4.450810432434082,4.475102369682448,4.4099116057171175,4.460229639257601,456896000
2019-04-01,4.518232345581055,4.548472808317169,4.470888573432599,4.542523810574591,483824000
2019-04-02,4.536077499389648,4.580446995689362,4.499392575940241,4.542274705057288,440920000
2019-04-03,4.675383567810059,4.734377597306607,4.580696025319537,4.585653602140534,783504000
2019-04-04,4.666460990905762,4.708847191535176,4.603749006002984,4.660016045538845,457376000
2019-04-05,4.733138561248779,4.750490082301822,4.673153576189871,4.709590777561988,481744000
2019-04-08,4.753960609436035,4.778995762583968,4.678606940157051,4.70265067230615,424192000
2019-04-09,4.691249370574951,4.731652737606519,4.649110898323268,4.720498422222818,439972000
2019-04-10,4.761642932891846,4.7874217629055575,4.686042020097901,4.6905036497578685,444772000
2019-04-11,4.747762680053711,4.795602400034655,4.698436065190567,4.764122306002446,374600000
2019-04-12,4.7098388671875,4.790397851946734,4.7011633424018155,4.786431695138717,471708000
2019-04-15,4.578216075897217,4.707110203872968,4.538556416947821,4.702152628309187,440092000
2019-04-16,4.665221214294434,4.684059630158757,4.584662709190543,4.617381963527399,394964000
2019-04-17,4.64241886138916,4.720994554211629,4.620110227513379,4.700173288669108,351004000
2019-04-18,4.617877960205078,4.683068739221043,4.590116280118214,4.649110323083455,380988000
2019-04-22,4.671666145324707,4.687282088559057,4.56285001675358,4.594329640256938,279936000
2019-04-23,4.726198196411133,4.757430556442091,4.6751364719379405,4.684803417118198,346856000
2019-04-24,4.738592147827148,4.779243243282639,4.675880163403559,4.736608833155228,318204000
2019-04-25,4.632997035980225,4.720744153643242,4.553429966754181,4.698435532353966,499296000
2019-04-26,4.414373397827148,4.483778057349987,4.295642123758112,4.479315954390358,868988000
2019-04-29,4.445110321044922,4.472871998947083,4.350174554563525,4.422305747924848,391920000
2019-04-30,4.486505508422852,4.512036136906894,4.393800785257262,4.412886940548845,362920000
2019-05-01,4.4733686447143555,4.580945636173187,4.473120434851008,4.538807165867905,354280000
2019-05-02,4.540789604187012,4.582432123842187,4.43990530517907,4.483035192759258,394684000
2019-05-03,4.5363264083862305,4.559130502393794,4.474853598350998,4.5492158228019575,336824000
2019-05-06,4.457999229431152,4.470144962124929,4.312993175372154,4.35017405728094,422176000
2019-05-07,4.290933132171631,4.409664416633841,4.242845671273384,4.409664416633841,555220000
2019-05-08,4.311010837554932,4.391073871553678,4.251521324991654,4.263419322060434,419168000
2019-05-09,4.21855354309082,4.251768743017239,4.099822736698089,4.242101798416919,660248000
2019-05-10,4.184595108032227,4.253256086285527,4.06512014568711,4.187817580474004,569500000
2019-05-13,3.927550792694092,4.075779091969789,3.911686876259981,4.052726782997496,656912000
2019-05-14,4.016537189483643,4.051735230769413,3.9285420862692155,3.9672101006105938,524880000
2019-05-15,3.9555604457855225,3.991997646177927,3.9017719611969133,3.9610134971586377,502320000
2019-05-16,3.9706802368164062,4.013314643034374,3.9077207575150528,3.9501069539339073,781088000
2019-05-17,3.8799588680267334,4.057931913926064,3.8405471703393603,3.9287900094486163,1022068000
2019-05-20,3.7614755630493164,3.836333274940559,3.7366881504321063,3.78130539858697,572064000
2019-05-21,3.8435211181640625,3.8593850325820225,3.78353590599983,3.8222041530704325,361848000
2019-05-22,3.7726306915283203,3.830880816477383,3.7617241141491027,3.804854240348122,325868000
2019-05-23,3.651667833328247,3.7104136568987665,3.5919303524941824,3.7104136568987665,591844000
2019-05-24,3.597878932952881,3.705703623090062,3.5911862518594124,3.670505585881271,357584000
2019-05-28,3.5527665615081787,3.6481977986441865,3.550783483276379,3.615478544356447,428356000
2019-05-29,3.4786531925201416,3.5401255563590532,3.443950853380466,3.5051754801370802,559800000
2019-05-30,3.452099561691284,3.5176127567953603,3.4138834523272066,3.481878265224037,394300000
2019-05-31,3.361522674560547,3.470463243115982,3.3597855892986193,3.4032129575069305,389720000
2019-06-03,3.3198328018188477,3.4114022858816906,3.290550370638399,3.372689895169221,478644000
2019-06-04,3.5486323833465576,3.553843638882873,3.361770770092565,3.3838566011741076,641836000
2019-06-05,3.5059497356414795,3.6277944343818405,3.469718964759109,3.6223349221050043,511616000
2019-06-06,3.5679879188537598,3.5925553632778087,3.5076859882983604,3.51016760571333,408140000
2019-06-07,3.6106719970703125,3.644917429969432,3.554836769162879,3.5739449458952746,348856000
2019-06-10,3.6833808422088623,3.751871926796755,3.6667542880905364,3.6667542880905364,402780000
2019-06-11,3.740953207015991,3.7809064020945917,3.7014965248313723,3.7431865683985013,383872000
2019-06-12,3.628042459487915,3.7037301521005195,3.612904968297418,3.6975261070813854,358892000
2019-06-13,3.6791629791259766,3.6975263857824703,3.63250945637403,3.6501285669002215,308080000
2019-06-14,3.589329719543457,3.6104229972255584,3.544661783074375,3.5861038057770656,394428000
2019-06-17,3.599008798599243,3.635984107534056,3.564763127865471,3.5875934961346014,276040000
2019-06-18,3.793811321258545,3.84915003775768,3.64938449406362,3.660303283464218,581920000
2019-06-19,3.799766778945923,3.840464274972169,3.773710261901939,3.8290492102307088,331644000
2019-06-20,3.8240857124328613,3.9042401265985758,3.809692754251881,3.8903434446776135,350168000
2019-06-21,3.766016721725464,3.858330959221177,3.759564657724691,3.8091960649060783,434428000
2019-06-24,3.78835129737854,3.817881983735955,3.7402089492520556,3.7873587448378245,282948000
2019-06-25,3.7590689659118652,3.868257794693554,3.7563393280233672,3.793314632724528,311868000
2019-06-26,3.9521336555480957,4.013180360056078,3.873468318003197,3.8863724455700694,584072000
2019-06-27,4.050653457641602,4.0697614008711325,4.001766563500851,4.037749324466801,445440000
2019-06-28,4.075467586517334,4.103757460552952,4.028814309330252,4.094575522317128,397668000
2019-07-01,4.12360954284668,4.316674934254186,4.086137734084276,4.282429275559038,709756000
2019-07-02,4.025835990905762,4.1280764589695265,4.012683843586055,4.10698294598494,400228000
2019-07-03,4.038740634918213,4.054870914754963,3.9789352049404316,4.049163146200974,246636000
2019-07-05,3.976206064224243,3.9848914913788387,3.912925982589012,3.980424767887944,396552000
2019-07-08,3.901261568069458,3.935507227440591,3.871234847840361,3.9166473128106962,329788000
2019-07-09,3.903743267059326,3.931784883171469,3.8464192260403345,3.859075097090213,342860000
2019-07-10,3.9719860553741455,4.029309855757994,3.933273675640064,3.947170354520997,452076000
2019-07-11,4.126340389251709,4.1670378866870355,4.007721594463587,4.044944921060779,682560000
2019-07-12,4.159345626831055,4.230318592995096,4.154134369803797,4.154134369803797,506392000
2019-07-15,4.150907039642334,4.196567767290937,4.122617637138921,4.180437961065009,289840000
2019-07-16,4.1461920738220215,4.173240902590646,4.0906048776539645,4.13601758306642,341444000
2019-07-17,4.2114577293396,4.218406070489946,4.1186472030368435,4.147929633119086,348204000
2019-07-18,4.223120212554932,4.285903767102195,4.165299893357531,4.221879640377553,442192000
2019-07-19,4.179941654205322,4.267788943467835,4.17398586566886,4.261337115323473,344896000
2019-07-22,4.251410961151123,4.264315091724775,4.193838649874808,4.201283504432008,315940000
2019-07-23,4.3591108322143555,4.36109593748177,4.274985725013915,4.290619967285724,428176000
2019-07-24,4.433557987213135,4.439265757152226,4.326354717535327,4.402290445777163,366236000
2019-07-25,4.302530288696289,4.404770764474118,4.279203649431086,4.392114655728459,392700000
2019-07-26,4.344470500946045,4.391123797476412,4.329581261766655,4.329581261766655,274160000
2019-07-29,4.3382649421691895,4.35439522088235,4.250169641994567,4.337272389733334,248160000
2019-07-30,4.3538994789123535,4.366059076714903,4.277467247976056,4.291860444144905,197772000
2019-07-31,4.186890602111816,4.32337677198391,4.144704036634304,4.322383745983711,359416000
2019-08-01,4.092591285705566,4.287641841421078,4.040478249148422,4.197312925156903,421212000
2019-08-02,4.00002908706665,4.069264963677774,3.9526315000910976,4.00002908706665,428348000
2019-08-05,3.74194598197937,3.817881688657887,3.6950444464837853,3.8166408797478337,589156000
2019-08-06,3.780658483505249,3.862053709637955,3.7330126475534997,3.8166412352682992,361272000
2019-08-07,3.8188748359680176,3.830786414031856,3.702489640001422,3.7198604941277384,372560000
2019-08-08,3.9273183345794678,3.9285591434290668,3.81912231149142,3.8764463550463737,309300000
2019-08-09,3.826070547103882,3.889846652936848,3.775694845156045,3.886372482917003,341816000
2019-08-12,3.75832462310791,3.8260711864760557,3.7364868102909505,3.7739583908097614,279200000
2019-08-13,3.87247633934021,3.918385328045698,3.717875269269923,3.7568356798883134,351956000
2019-08-14,3.724078416824341,3.795547396900369,3.6804030341823624,3.7843803539722343,419880000
2019-08-15,3.6918187141418457,3.7627914298790195,3.6575732836539174,3.74293895838976,477200000
2019-08-16,3.9595789909362793,4.0087136529243805,3.8930730035786243,3.954367735321479,1007960000
2019-08-19,4.238009929656982,4.253892189927733,4.056608058764237,4.072738338834775,815112000
2019-08-20,4.165796756744385,4.233047039437114,4.144703241392675,4.23255052653228,463188000
2019-08-21,4.249176979064941,4.304267667180546,4.210216571039822,4.2318061266537566,427244000
2019-08-22,4.2553815841674805,4.301290336647535,4.216172680040969,4.25885575491386,303488000
2019-08-23,4.031047821044922,4.233295188189043,4.011195350690422,4.178949032844092,568056000
2019-08-26,4.105742931365967,4.133784788125039,4.067527056360016,4.109713614737591,318208000
2019-08-27,4.015164852142334,4.14668725202946,3.985882431490318,4.143957615073779,290968000
2019-08-28,4.004733085632324,4.057394231895982,3.949587864929308,3.9888355777669298,255612000
2019-08-29,4.148310661315918,4.180602690054442,4.092668421383395,4.096146031767372,357976000
2019-08-30,4.160977363586426,4.244192191922564,4.142844048140882,4.194511654964686,290616000
2019-09-03,4.0780110359191895,4.1212328826029285,4.055158312430891,4.08819559751691,296140000
2019-09-04,4.192028045654297,4.19948026916108,4.138621628327595,4.138621628327595,227728000
2019-09-05,4.464773654937744,4.470983604443548,4.292382765536366,4.294121570349542,695676000
2019-09-06,4.437697410583496,4.498307311494924,4.399691971411544,4.441423285392116,376976000
2019-09-09,4.4836506843566895,4.570094847258105,4.467256175256386,4.4687467143896855,417524000
2019-09-10,4.550224304199219,4.576802909806121,4.441175646452039,4.45086320659401,352812000
2019-09-11,4.578789710998535,4.62697971233285,4.535816123801105,4.564879273300177,361512000
2019-09-12,4.577299118041992,4.679889068655952,4.569350364277171,4.625240853510472,327840000
2019-09-13,4.519421577453613,4.547739457034524,4.475702720883678,4.510727553957993,324592000
2019-09-16,4.476447582244873,4.51097540777467,4.43397100364255,4.444403830885622,231832000
2019-09-17,4.497810363769531,4.502033242595779,4.43670346411562,4.48315465741563,223048000
2019-09-18,4.470734119415283,4.506504218565795,4.384290423817927,4.490854977858208,258152000
2019-09-19,4.395220756530762,4.495078369144471,4.384539189107596,4.476696313128326,245476000
2019-09-20,4.2896504402160645,4.4178259541330585,4.2794663492857685,4.394227953809017,350244000
2019-09-23,4.343057632446289,4.388515309906144,4.28617358772082,4.28989993753813,249712000
2019-09-24,4.285676002502441,4.403915208854003,4.250154634909767,4.374355525713312,317268000
2019-09-25,4.427264213562012,4.4468880685788506,4.240465903650763,4.28517829278737,308432000
2019-09-26,4.405157089233398,4.42627148742333,4.354234742031431,4.417577462812419,234564000
2019-09-27,4.266547679901123,4.414098253267089,4.205937321136508,4.3634241897647055,362056000
2019-09-30,4.323930263519287,4.3341148288361575,4.261084540293746,4.292383506119842,186184000
2019-10-01,4.322190284729004,4.496071696407756,4.3174708751842825,4.347030554081502,366008000
2019-10-02,4.298344612121582,4.312255051152552,4.226059603195252,4.300331682329208,293372000
2019-10-03,4.503772735595703,4.509982685246314,4.272510742473027,4.302815694750589,450588000
2019-10-04,4.520166397094727,4.5494778087583105,4.440926184733962,4.506007221819678,265524000
2019-10-07,4.578789710998535,4.6783985839980335,4.576305636582578,4.584999660144053,480984000
2019-10-08,4.4024248123168945,4.487129724048681,4.384291493041404,4.487129724048681,444436000
2019-10-09,4.488868713378906,4.538300997521796,4.450366737622319,4.479181153102585,292412000
2019-10-10,4.546496391296387,4.597418723099208,4.481415359062825,4.486631772251904,309124000
2019-10-11,4.620025634765625,4.703240016207202,4.6115798744227705,4.630458465616609,446404000
2019-10-14,4.633438587188721,4.654304246710248,4.580280429445844,4.611330653387778,200040000
2019-10-15,4.877864837646484,4.950398575300106,4.709696845354287,4.723607756181353,664124000
2019-10-16,4.824210166931152,4.948659778379216,4.812783804173107,4.843834022264547,428944000
2019-10-17,4.826198101043701,4.913635344117551,4.771797674871035,4.868674685329174,263436000
2019-10-18,4.731804370880127,4.859234576136827,4.657532308727944,4.826693821535992,307440000
2019-10-21,4.868922710418701,4.882336617314803,4.774281513819235,4.793160100078846,261868000
2019-10-22,4.858986854553223,5.030880725953008,4.851286366161707,4.92580670192421,328720000
2019-10-23,4.846070766448975,4.860229471534852,4.745219604513323,4.777015098409995,279916000
2019-10-24,4.890036582946777,4.923570399024333,4.853272949352469,4.8873037697684545,232020000
2019-10-25,5.080809593200684,5.1016752495667195,4.962818665307215,4.970519153793073,423092000
2019-10-28,5.136701583862305,5.189114005398343,5.095218050520256,5.124529473635931,330792000
2019-10-29,5.040567874908447,5.12924737996355,5.021192759747854,5.122788692384218,211236000
2019-10-30,5.042555809020996,5.073109500042547,4.974493681436007,5.067396081111445,205960000
2019-10-31,4.993371963500977,5.042555500236992,4.913635211403139,5.021689843522698,209732000
2019-11-01,5.032370567321777,5.064662581996183,4.933009501701846,4.9580980333721625,283640000
2019-11-04,5.228857040405273,5.241277413110653,5.090249187050157,5.1133501800834935,376716000
2019-11-05,5.206750392913818,5.254691665031684,5.158808647007104,5.228609588973608,300868000
2019-11-06,5.157564640045166,5.208238230768872,5.070126945633925,5.1826531701571055,269012000
2019-11-07,5.175201416015625,5.2586645050238925,5.130489029983029,5.244008799548261,280340000
2019-11-08,5.16129207611084,5.1928393025780455,5.120802560053755,5.15831147084381,189100000
2019-11-11,5.171228885650635,5.194329881672355,5.074351861171593,5.1605473163633455,243436000
2019-11-12,5.206750392913818,5.262640894316014,5.17445789264195,5.209482733197686,283504000
2019-11-13,5.180914878845215,5.203022332992698,5.11459156882538,5.175449726285449,300188000
2019-11-14,5.211221218109131,5.213457027543398,5.129993915496387,5.1898585540740285,518080000
2019-11-15,5.072114944458008,5.260651571996702,4.983931972589848,5.208983968056477,1053628000
2019-11-18,5.273072719573975,5.299651321277817,5.061682863543426,5.064663468615245,574588000
2019-11-19,5.166507244110107,5.265619570604348,5.108381428222747,5.242021578120452,414564000
2019-11-20,5.245748519897461,5.329459888793397,5.130986930145402,5.143655568076796,472588000
2019-11-21,5.220908164978027,5.296919043773521,5.199297238139873,5.241277291468851,288388000
2019-11-22,5.238546371459961,5.289965258457579,5.21494789436599,5.24351404798442,224100000
2019-11-25,5.494894504547119,5.4998626526423084,5.3535538656231445,5.366470766397429,506476000
2019-11-26,5.390318393707275,5.481978514484049,5.383859705352823,5.47725863087291,385244000
2019-11-27,5.425119876861572,5.470113709339363,5.398770112423443,5.435809325871139,215784000
2019-11-29,5.387831687927246,5.422633439116357,5.363967359032828,5.39429514122711,141556000
2019-12-02,5.201642990112305,5.394296820525569,5.186479568432938,5.380873012808919,372036000
2019-12-03,5.162116527557373,5.166093599459817,4.98089803166497,5.018185688510928,465232000
2019-12-04,5.205867767333984,5.2680140273339715,5.17728054463059,5.245641335802909,273424000
2019-12-05,5.188965320587158,5.243405421320501,5.158389081322822,5.227744628880031,184884000
2019-12-06,5.274228096008301,5.307041784962979,5.248126782890336,5.258070411204777,232236000
2019-12-09,5.274228096008301,5.328917103461136,5.242658071800371,5.251358509506359,211880000
2019-12-10,5.319222927093506,5.370928661542184,5.251607480586127,5.304307483137535,256388000
2019-12-11,5.402745723724365,5.408214908065848,5.327176152168349,5.329662058843892,233796000
2019-12-12,5.57004451751709,5.588191212847948,5.364962157672717,5.373911044033196,404348000
2019-12-13,5.568055629730225,5.692099685136238,5.514112444088463,5.573027443677887,454704000
2019-12-16,5.596891403198242,5.669229732850712,5.587445146174056,5.6155354687860095,320976000
2019-12-17,5.674947738647461,5.697568877641855,5.606089579480036,5.6155358371238275,321196000
2019-12-18,5.705275058746338,5.7656812284331656,5.701297512416588,5.709749502030859,343548000
2019-12-19,5.853182792663574,5.8666065962247975,5.734856364274819,5.739828178492925,445360000
2019-12-20,5.950381278991699,5.97573677951805,5.900415623542293,5.919556591738878,603044000
2019-12-23,5.936707496643066,6.011034365228068,5.926018522750285,5.97896696941142,355060000
2019-12-24,5.931736946105957,5.94888937699333,5.886991556684707,5.921296418459453,138864000
2019-12-26,5.945904731750488,5.973994578636131,5.916322771770707,5.935215284751014,182852000
2019-12-27,5.8882341384887695,5.974493181049771,5.861883899436355,5.961069375956618,254644000
2019-12-30,5.775126934051514,5.871578037548779,5.743805359915575,5.866357775192789,258056000
2019-12-31,5.849206447601318,5.858652706134479,5.72068792633329,5.739828891899906,231004000
2020-01-02,5.963802814483643,5.963802814483643,5.884504609303141,5.9349671466123946,237536000
2020-01-03,5.868346691131592,5.912097802856729,5.8193753167124,5.844233913695736,205384000
2020-01-06,5.892956733703613,5.898176996723833,5.749026353781372,5.77512766888247,262636000
2020-01-07,5.964300632476807,6.010040281790685,5.876301509096684,5.921295338837738,314856000
2020-01-08,5.975486755371094,6.01675195985036,5.920052401950536,5.960074415808599,277108000
2020-01-09,6.041113376617432,6.113451710976994,5.987419109058815,6.061745979509196,255112000
2020-01-10,6.073430061340332,6.178581626426708,6.0592609099923775,6.148254313226695,316296000
2020-01-13,6.263846397399902,6.288953447003874,6.133836231355337,6.156457847574533,319840000
2020-01-14,6.147011756896973,6.2464456898529646,6.1338363992497795,6.221089716905771,359088000
2020-01-15,6.104504108428955,6.182062727968043,6.078651235249259,6.159690031018751,263104000
2020-01-16,6.188027381896973,6.193993464647111,6.134581559774977,6.157948519655376,284192000
2020-01-17,6.196727752685547,6.2146260007402,6.149248013832999,6.207168278849511,253792000
2020-01-21,6.163416862487793,6.196975895565761,6.129360458357694,6.160185135994632,217916000
2020-01-22,6.21735954284668,6.303867019248585,6.189766591842113,6.208659105515355,239240000
2020-01-23,6.285721302032471,6.294173292221765,6.168638052545545,6.25738300125643,244516000
2020-01-24,6.226558208465576,6.450782022304533,6.172366566956607,6.40106482430508,373512000
2020-01-27,5.971011638641357,6.021971543180985,5.772889179452869,5.922288718346262,470536000
2020-01-28,6.164163589477539,6.196479436751818,5.9836904141412175,6.036887788328454,310976000
2020-01-29,6.103757858276367,6.185790910221257,6.063983811930669,6.149745962240131,258848000
2020-01-30,6.110468864440918,6.123892669348195,5.951126138120667,6.0060631260830695,290504000
2020-01-31,5.877296447753906,6.076661675944388,5.835534340017212,6.064729509694369,370420000
2020-02-03,5.974244117736816,5.993633529611149,5.852934409802068,5.859148940575211,255564000
2020-02-04,6.143281936645508,6.162423375434906,6.065972258437693,6.11593790463185,271544000
2020-02-05,6.233519077301025,6.274286917530958,6.150242834852348,6.26409483893888,208220000
2020-02-06,6.320274353027344,6.320274353027344,6.186784499679763,6.267823274549807,218284000
2020-02-07,6.254151344299316,6.302376904478737,6.228795373447548,6.2802526606422955,189752000
2020-02-10,6.5370402336120605,6.537785578987231,6.271799693919792,6.27677150791727,529608000
2020-02-11,6.65934419631958,6.7739420040767095,6.583277238541487,6.645175046983783,638556000
2020-02-12,6.774937152862549,6.781400607181102,6.673265764706395,6.712045068202593,374644000
2020-02-13,6.731185436248779,6.7983035102749065,6.689671780436804,6.717016286330041,528016000
2020-02-14,7.203745365142822,7.332512319115875,7.10953171400664,7.140853290182661,1041924000
2020-02-18,7.372287273406982,7.39068289468149,7.081194275806796,7.100583691147785,620164000
2020-02-19,7.822970390319824,7.840620188422673,7.494589792085745,7.494589792085745,694332000
2020-02-20,7.673820495605469,7.863242082400725,7.366817815393153,7.774994505818821,810052000
2020-02-21,7.310139179229736,7.5868145075008995,7.2253717906862,7.561707463584029,768180000
2020-02-24,6.793330669403076,7.0068654729747095,6.662077819566246,6.716517900503646,856916000
2020-02-25,6.514170169830322,6.930301423578362,6.412498802092312,6.868403619519949,1055496000
2020-02-26,6.653378486633301,6.847274989769168,6.512928279510308,6.5144194445871815,747732000
2020-02-27,6.283013343811035,6.641190006067523,6.190733068633484,6.3402219811763265,906416000
2020-02-28,6.717551231384277,6.77699866718428,6.014132526651322,6.030797544626237,1133252000
2020-03-02,6.875746726989746,6.90460012185315,6.491950746144979,6.887437432968634,890744000
2020-03-03,6.613580703735352,6.991158383309481,6.528264939840169,6.931462350616747,652792000
2020-03-04,7.076723575592041,7.086175484127031,6.646165254678037,6.720785660126154,597408000
2020-03-05,6.79764461517334,7.04413956219387,6.753121062405599,6.8774879345472195,540328000
2020-03-06,6.617312908172607,6.675765493007833,6.417330754575252,6.6183077710905955,515412000
2020-03-09,6.104921340942383,6.452153634610945,5.924340679442209,5.96712263032955,614160000
2020-03-10,6.493939399719238,6.493939399719238,6.118600526730272,6.381014182098124,580648000
2020-03-11,6.13054084777832,6.382508269115836,6.033534832806254,6.354152540659785,499964000
2020-03-12,5.380359649658203,5.8731009372494505,5.367674080920537,5.607950774664352,816540000
2020-03-13,5.990502834320068,5.994979953996098,5.462441346775268,5.733312068605224,634836000
2020-03-16,4.885130405426025,5.62386990228448,4.825434365934162,5.283353073561972,726972000
2020-03-17,5.404239177703857,5.493534901731949,4.75081574827666,4.997310754320395,833632000
2020-03-18,5.044816970825195,5.221915344621923,4.494120840313374,4.977161561552436,874268000
2020-03-19,5.2972822189331055,5.390805960383329,4.810261552941919,5.023425962403423,765512000
2020-03-20,5.117694854736328,5.72883311859582,5.102273300673397,5.447266644497948,804636000
2020-03-23,5.290318012237549,5.384588507711456,4.937862326875791,5.11670186259857,643876000
2020-03-24,6.1979475021362305,6.284507216709611,5.67237333783813,5.696002873684383,1101644000
2020-03-25,6.109397888183594,6.512346261387869,6.060645815672692,6.312861800383095,793432000
2020-03-26,6.3984270095825195,6.522296211921472,6.218343548888782,6.316344419292104,696108000
2020-03-27,6.286247253417969,6.544681468954972,6.185509929720243,6.21834277196547,638828000
2020-03-30,6.606119155883789,6.615322467118645,6.307638489346079,6.351664371055623,602252000
2020-03-31,6.556619644165039,6.850125448485772,6.411110201599804,6.646163442091053,949960000
2020-04-01,6.045970439910889,6.505133062019152,6.001447365136863,6.358877795314713,656912000
2020-04-02,6.354400634765625,6.367583396823031,6.0270670594457165,6.0750723908705835,675764000
2020-04-03,6.066864967346191,6.358380662536107,5.929563928559885,6.316842172617156,663212000
2020-04-06,6.67601203918457,6.712824802372779,6.291220814361921,6.348678518627495,727884000
2020-04-07,6.442949295043945,6.921015708413255,6.399918279480084,6.897385702203857,784520000
2020-04-08,6.639947414398193,6.664820884410163,6.482001425407464,6.551895643674328,542444000
2020-04-09,6.5404534339904785,6.7884408976976,6.477523735926655,6.76555762990454,525564000
2020-04-13,6.71207857131958,6.720784212249755,6.392455827392157,6.480756170782131,398408000
2020-04-14,7.062795639038086,7.096871949799696,6.81256933291032,6.840178797054481,530948000
2020-04-15,6.985437870025635,7.0682662463296895,6.849629373283734,6.894898714057057,366148000
2020-04-16,7.3301825523376465,7.437138127768252,7.127464912267185,7.140647674170319,745620000
2020-04-17,7.270984172821045,7.433655858312724,7.137165405215727,7.41226464837836,539120000
2020-04-20,7.139901161193848,7.30033451878303,7.095626685846547,7.144627352201528,449388000
2020-04-21,6.703621864318848,7.08318925121462,6.643925834474063,7.0220011645795735,735160000
2020-04-22,7.117513656616211,7.1602960664641655,6.85012525554283,6.895643181538661,483356000
2020-04-23,7.064286708831787,7.291380639717549,7.039164642874313,7.159552061322838,424160000
2020-04-24,7.203080177307129,7.205069902972947,6.979468506658928,7.054088912190543,352328000
2020-04-27,7.38938045501709,7.549067532190591,7.312770338618193,7.337395205269283,479388000
2020-04-28,7.247105121612549,7.566479296297554,7.241633139529117,7.53663104306545,442904000
2020-04-29,7.423707008361816,7.476438532098062,7.306553255548668,7.381670852745031,379160000
2020-04-30,7.269989013671875,7.423706453585619,7.25605998667929,7.369730999567452,375916000
2020-05-01,7.033692359924316,7.1859172806554765,6.985437955761158,7.072743452911202,342096000
2020-05-04,7.245364189147949,7.259044619148258,6.98643230513877,6.98643230513877,317556000
2020-05-05,7.306305885314941,7.468729006510758,7.245365903013493,7.349336910956672,368896000
2020-05-06,7.407041072845459,7.511758322789601,7.34784270723366,7.385650337882286,323464000
2020-05-07,7.583144664764404,7.646322956404003,7.494844309602577,7.546083299397135,373732000
2020-05-08,7.772928714752197,7.779146962839616,7.620952397339861,7.6547801034035805,339216000
2020-05-11,8.024645805358887,8.071407666336281,7.7393479749152805,7.767952289627352,469060000
2020-05-12,7.762979507446289,8.131105315022058,7.753279002014851,8.08235371634575,493060000
2020-05-13,7.740593433380127,8.037581075925017,7.556281469377941,7.877396787105867,625852000
2020-05-14,7.9898223876953125,7.995294368365293,7.648559423983355,7.802028223966848,602312000
2020-05-15,8.447744369506836,8.457444400932566,7.834117990428447,7.849788147818248,987660000
2020-05-18,8.705928802490234,8.871336954115424,8.636532261563676,8.716126976105572,774460000
2020-05-19,8.760899543762207,9.041470783714418,8.71836571880114,8.74572658115145,717320000
2020-05-20,8.924567222595215,8.997197432107013,8.843728564013752,8.945460766522393,587536000
2020-05-21,8.730803489685059,9.006648548506421,8.69324445182905,9.005654160074906,761068000
2020-05-22,8.98052978515625,9.046942204307483,8.669115477795355,8.780547685374982,1038764000
2020-05-26,8.673593521118164,9.135244023656483,8.628075582392123,9.110370081279614,770780000
2020-05-27,8.48206901550293,8.589023642130156,7.956245377477276,8.581313337076326,1175892000
2020-05-28,8.444011688232422,8.716125833839921,8.336806580777488,8.369639419944306,734896000
2020-05-29,8.830545425415039,8.830545425415039,8.442023234926523,8.51117118789498,745256000
2020-06-01,8.76164436340332,8.79596973608388,8.645485958689513,8.788508028577247,389876000
2020-06-02,8.780547142028809,8.792486441936918,8.614144632127772,8.75169470369091,391320000
2020-06-03,8.725078582763672,8.821338761503675,8.65593065978825,8.777561966367868,365440000
2020-06-04,8.726076126098633,8.902010324242097,8.63748582686999,8.687752876236223,424280000
2020-06-05,8.878870010375977,8.955514629700385,8.667847647401274,8.753948963501875,481748000
2020-06-08,8.764400482177734,8.84875892563933,8.645700047300858,8.836316752947287,387736000
2020-06-09,9.004288673400879,9.067744989711962,8.710898494136034,8.759423633292464,468488000
2020-06-10,9.32356071472168,9.456196549107496,9.111293827443436,9.125478874094505,632180000
2020-06-11,8.755692481994629,9.218547656773927,8.745489651692493,9.107810685610414,583652000
2020-06-12,8.891312599182129,9.144888210962371,8.663119704419731,9.120252574923361,570908000
2020-06-15,9.131450653076172,9.139911559125865,8.703433037578094,8.77460413262687,400004000
2020-06-16,9.026684761047363,9.224021398349738,8.797994456053088,9.182463952946726,535716000
2020-06-17,9.193413734436035,9.256122973976474,9.028427490860382,9.07172781257394,408304000
2020-06-18,9.175495147705078,9.239697586467326,9.072472033633701,9.184453472998934,254408000
2020-06-19,9.218545913696289,9.40144879419368,9.184703242099346,9.1998831293818,524160000
2020-06-22,9.482821464538574,9.487301102199996,9.230490376313739,9.257117593182326,398468000
2020-06-23,9.406425476074219,9.598037964663789,9.364121900954425,9.506959593896607,375108000
2020-06-24,9.192915916442871,9.512435900600783,9.102334958406512,9.432555192603575,449372000
2020-06-25,9.446240425109863,9.461171600336776,9.139909742005443,9.312609776761736,376072000
2020-06-26,9.112786293029785,9.456195773769487,9.082924887962797,9.456195773769487,592084000
2020-06-29,9.157576560974121,9.162056197776709,8.858959737939557,9.12746645295521,342248000
2020-06-30,9.453954696655273,9.482322883877854,9.223771215786138,9.271051844249367,367892000
2020-07-01,9.48605728149414,9.53159694518685,9.369597135978692,9.476850244240778,326648000
2020-07-02,9.567928314208984,9.692600650706597,9.534084693053664,9.594554582855501,364056000
2020-07-06,9.793880462646484,9.86305996516813,9.66771491923515,9.696830190680364,315892000
2020-07-07,9.8262300491333,10.023565712221714,9.805326973795573,9.900386604188158,357800000
2020-07-08,10.168889999389648,10.177849271801671,9.919545417283134,9.947664888292769,365480000
2020-07-09,10.460543632507324,10.52126223708513,10.186313645698538,10.332387440764878,494548000
2020-07-10,10.430927276611328,10.606115335715279,10.330890603183175,10.539922273919666,497676000
2020-07-13,10.005899429321289,10.742487094268514,9.978774789284222,10.546147190037164,457076000
2020-07-14,10.32915210723877,10.35478353495252,9.740379198636003,10.028544566254594,542676000
2020-07-15,10.18009090423584,10.3848916779029,10.00938150824188,10.366228896039699,403984000
2020-07-16,10.088019371032715,10.159686933380636,9.849872362524458,9.96882151149735,344964000
2020-07-17,10.154462814331055,10.201246038158663,10.041237786998343,10.17835232208922,266284000
2020-07-20,10.462285041809082,10.482690699140393,10.109917234833206,10.226875749369688,284852000
2020-07-21,10.28087329864502,10.51130643491116,10.239315860666807,10.464522279095037,277036000
2020-07-22,10.390616416931152,10.553611049792725,10.244045222912812,10.319694993925742,367292000
2020-07-23,10.083043098449707,10.498368886085727,9.984997020400378,10.401816020804677,411660000
2020-07-24,10.147494316101074,10.31695925240339,9.731919815684156,9.829467523808882,473292000
2020-07-27,10.37344741821289,10.393603416599648,10.17063628726889,10.185070043943437,292132000
2020-07-28,10.168392181396484,10.334124475398502,10.162171572175946,10.326410654167603,271636000
2020-07-29,10.417241096496582,10.467756856562863,10.299287769750446,10.342835838773102,284508000
2020-07-30,10.565058708190918,10.574017034136663,10.24777809844735,10.327160428519084,308880000
2020-07-31,10.565802574157715,10.716853377958804,10.38489037384847,10.514539734909425,386080000
2020-08-03,10.959481239318848,11.047573183866636,10.665841424159556,10.683011944240379,412720000
2020-08-04,11.175978660583496,11.175978660583496,10.855712561468552,10.999048630506225,310336000
2020-08-05,11.234708786010742,11.319316905171414,11.114764775864678,11.192156490467244,249924000
2020-08-06,11.283231735229492,11.305628025623456,11.127204783408471,11.297415830981054,244316000
2020-08-07,11.147858619689941,11.451701263494748,10.986605906099884,11.260337487409021,342516000
2020-08-10,11.113517761230469,11.35564602075613,10.806439976810287,11.281987829661926,427796000
2020-08-11,10.799968719482422,11.0853962946979,10.745968163927468,11.022686125227102,354512000
2020-08-12,11.38750171661377,11.414127990470469,10.907723771766896,10.94007418663953,464412000
2020-08-13,11.390236854553223,11.6677019727211,11.303389402079686,11.49276161637444,374460000
2020-08-14,11.510677337646484,11.650778256595569,11.387746937929792,11.476833720238632,366436000
2020-08-17,12.280112266540527,12.352526897277611,11.76275926318703,11.796601930068785,621300000
2020-08-18,12.204214096069336,12.438379802232884,12.030519221573105,12.392591435062732,503448000
2020-08-19,12.082530975341797,12.258216523677957,12.042217078302572,12.23980244779101,622624000
2020-08-20,12.085016250610352,12.317937454799441,11.823975568616628,11.91978228041564,921388000
2020-08-21,12.625015258789062,12.749687580406652,12.139015904821967,12.145486175613579,999868000
2020-08-24,12.661599159240723,12.8529629768823,12.449829681448923,12.824345120697485,490564000
2020-08-25,12.691208839416504,12.702406509210157,12.515771085101091,12.572508413508759,289076000
2020-08-26,12.714102745056152,12.809162381604702,12.619291819047708,12.74023159092039,321244000
2020-08-27,12.57002067565918,12.790748434338262,12.508554997682598,12.722563774605414,317604000
2020-08-28,13.087127685546875,13.087376396140137,12.58420733693493,12.616557750323455,537160000
2020-08-31,13.312829971313477,13.51240499533192,12.977632707337218,13.12196361348135,500840000
2020-09-01,13.761384963989258,13.933389350143239,13.378542954721397,13.421855269799934,511316000
2020-09-02,14.284621238708496,14.66323112605834,13.840046302454015,14.640329615319995,874012000
2020-09-03,12.959359169006348,13.82461031841698,12.823198804494643,13.769100896139566,945128000
2020-09-04,12.5680570602417,13.118173789760052,11.654265141820803,12.72861072124861,1463684000
2020-09-08,11.861618041992188,12.495870675289437,11.653768631335238,11.683887757182136,795728000
2020-09-09,12.660157203674316,12.75400040657726,12.17899096545241,12.346515345038622,736200000
2020-09-10,12.258646965026855,13.008896928842086,12.114520712963447,12.933224521841012,698684000
2020-09-11,12.112030982971191,12.597926004409656,11.844439994967425,12.431646509399577,636928000
2020-09-14,12.816728591918945,13.257568885233198,12.576768855905764,13.024578926203295,1201744000
2020-09-15,12.934967041015625,13.24138939468092,12.772421205731272,13.222720077777511,727556000
2020-09-16,12.46052074432373,13.036276504289093,12.459774389516712,12.901361003410214,556384000
2020-09-17,12.409741401672363,12.535447115383795,11.98284068441075,12.07991998724421,792512000
2020-09-18,12.136673927307129,12.578011754525583,11.937039210189646,12.539429199310245,698460000
2020-09-21,12.463258743286133,12.468486075393573,11.853151697144176,11.873563455723925,721044000
2020-09-22,12.58323860168457,12.59344448097838,12.103069452829205,12.520759401296207,646452000
2020-09-23,12.071456909179688,12.672105439487142,12.027149449148329,12.5212581987383,647012000
2020-09-24,12.294739723205566,12.515284736210981,11.962180709019703,12.020179888363417,731240000
2020-09-25,12.818221092224121,12.827929401956277,12.19293055034486,12.393810139922095,588016000
2020-09-28,12.978775978088379,12.995454064553032,12.695005420616106,12.984003310472113,573808000
2020-09-29,13.168703079223633,13.384767096406364,12.877465181077447,12.881696424064717,621460000
2020-09-30,13.472140312194824,13.563743503042675,13.093530438991557,13.100749000983756,689184000
2020-10-01,13.555776596069336,13.70338677682619,13.402689348438638,13.698657963887262,525004000
2020-10-02,13.00590991973877,13.461187347792777,12.9947079495707,13.167958188027503,552496000
2020-10-05,13.583657264709473,13.585399709035006,13.165717512425775,13.178910712130937,479820000
2020-10-06,13.677251815795898,14.081003232270978,13.60606038275203,13.770348670376706,784420000
2020-10-07,13.903768539428711,14.05834944334115,13.803701921805605,13.93936472563544,418084000
2020-10-08,13.779058456420898,14.023748875043747,13.69865724594298,14.014289350540002,378900000
2020-10-09,13.703390121459961,13.764625415282483,13.601830767541498,13.707622315117185,346892000
2020-10-12,14.164639472961426,14.285117857821534,13.852492225225067,13.929159770375568,434744000
2020-10-13,14.186795234680176,14.286613084948678,13.958285283848605,14.234837322926795,344604000
2020-10-14,14.034454345703125,14.280886294295177,13.899787616295503,14.228861750713278,276100000
2020-10-15,13.909743309020996,13.945338546007145,13.70836519762374,13.751179945542122,267224000
2020-10-16,13.751924514770508,14.060587766041294,13.73300641696344,13.976203155399284,242392000
2020-10-19,13.439531326293945,13.92318542080633,13.348923276048108,13.843032985585035,298068000
2020-10-20,13.586642265319824,13.740227074290004,13.44873945260384,13.524909419998732,229212000
2020-10-21,13.466413497924805,13.732013260286454,13.419367506297078,13.566231333022323,219596000
2020-10-22,13.30336856842041,13.553036570252154,13.17467555271184,13.464171929657988,290480000
2020-10-23,13.531631469726562,13.534618788168892,13.233921352971006,13.391986202058305,233484000
2020-10-26,13.084569931030273,13.633691566965796,12.982263278351981,13.36908784573915,336896000
2020-10-27,13.338967323303223,13.384022089343704,13.134601874770123,13.248608056703024,250520000
2020-10-28,12.572535514831543,13.20280555303319,12.554613504100049,13.141072705641232,376520000
2020-10-29,12.967825889587402,13.13584785804943,12.695007521608149,12.78312583190054,320080000
2020-10-30,12.479939460754395,12.88070262306885,12.246948531109375,12.794576492375915,416820000
2020-11-02,12.526488304138184,12.781383714965845,12.341539456733278,12.603155860418942,299652000
2020-11-03,12.963342666625977,13.048473643303717,12.54839028330013,12.653684234543976,272900000
2020-11-04,13.734752655029297,13.767860047508005,13.279475206935611,13.331499752886495,410228000
2020-11-05,14.098920822143555,14.277148608584099,13.930650128692251,14.10141057017119,319028000
2020-11-06,14.499189376831055,14.525823607492576,13.835066558738852,14.0488896074961,383348000
2020-11-09,13.571954727172852,14.628129287975106,13.552041489090445,14.489728912361791,582976000
2020-11-10,12.714920997619629,13.547812230313847,12.573782058299438,13.547812230313847,644068000
2020-11-11,13.360124588012695,13.377051459709095,12.892400350122854,12.997445519056676,404744000
2020-11-12,13.398706436157227,13.706622415545912,13.25856360652643,13.420860639156922,365812000
2020-11-13,13.239646911621094,13.609793346805214,13.002922328890708,13.568472254694553,346312000
2020-11-16,13.456955909729004,13.590626548003572,13.099255366942009,13.11568372017377,413776000
2020-11-17,13.364355087280273,13.537604353680523,13.246366460979495,13.49404325215184,312028000
2020-11-18,13.370829582214355,13.54706619704426,13.128131296756674,13.407172128790208,510924000
2020-11-19,13.382277488708496,13.429323476395687,13.04349510107986,13.155758820653855,565936000
2020-11-20,13.031301498413086,13.436296866540008,13.00864877090965,13.39597185904133,341088000
2020-11-23,13.083324432373047,13.324777827155184,12.959361156671875,13.114439643775567,361356000
2020-11-24,12.901860237121582,13.105228639441574,12.829423935275962,13.085812968215139,346500000
2020-11-25,13.177663803100586,13.212263899302625,12.96384075400701,12.976286647330468,259916000
2020-11-27,13.204050064086914,13.34966996860032,13.113691752498204,13.317309884312802,167276000
2020-11-30,13.343695640563965,13.354648825249436,12.916297341464292,13.207784992620201,286952000
2020-12-01,13.332245826721191,13.470397438236995,13.171192706053294,13.434054894917562,296948000
2020-12-02,13.486078262329102,13.614521552293276,13.177166196219103,13.29291480796753,283360000
2020-12-03,13.342159271240234,13.605098152797373,13.275429117117344,13.53288931377425,199520000
2020-12-04,13.503756523132324,13.505499481858216,13.334937435291637,13.39444689038405,202244000
2020-12-07,13.552063941955566,13.676063849403539,13.445743434248142,13.546586206055725,223244000
2020-12-08,13.296344757080078,13.544094728114345,13.228119551989275,13.530399915409005,271920000
2020-12-09,12.878779411315918,13.360086828024684,12.816530607506692,13.247043357447485,401300000
2020-12-10,12.920113563537598,13.01622611811567,12.797856623609862,12.817278981162264,207764000
2020-12-11,12.96094799041748,12.96767096745661,12.77146224084269,12.915132393146711,209264000
2020-12-14,13.255261421203613,13.334939820019592,13.024941019943634,13.035398774169177,270156000
2020-12-15,13.306803703308105,13.409887145651437,13.133752090709104,13.38573457742504,193016000
2020-12-16,13.189277648925781,13.383244766098352,13.159397537413051,13.368553568795045,223116000
2020-12-17,13.287630081176758,13.325726318719184,13.12553395287217,13.31302693964413,231384000
2020-12-18,13.218657493591309,13.35112236253232,13.017967423113692,13.325226838927424,342064000
2020-12-21,13.278667449951172,13.316265976199928,12.915383468107274,13.022202644085827,302332000
2020-12-22,13.224882125854492,13.283645009703203,13.001533585511854,13.26571770440206,185580000
2020-12-23,12.956965446472168,13.221647327480651,12.952732952772793,13.202723635386256,179144000
2020-12-24,12.941526412963867,13.079718838543478,12.886748109468082,12.984851528834119,97884000
2020-12-28,12.84815502166748,13.010002320422752,12.711955344078387,13.010002320422752,212564000
2020-12-29,12.891228675842285,13.01995972337383,12.790634778448547,12.873052511880598,170372000
2020-12-30,13.092917442321777,13.160643991606976,12.844918572910682,12.938041984526887,225396000
2020-12-31,13.002532005310059,13.098145898291843,12.863094326087117,13.083704508417757,192424000
2021-01-04,13.060796737670898,13.597631016115521,12.91040358098089,13.051584224791647,560640000
2021-01-05,13.35087776184082,13.389471726212586,13.034404784404163,13.047103216912681,322760000
2021-01-06,12.563800811767578,13.191766594805781,12.535415751922324,13.16935698709165,580424000
2021-01-07,13.29037094116211,13.323985833376165,12.834710106530759,12.915383948161406,461480000
2021-01-08,13.223390579223633,13.36706075733227,12.989584240660953,13.30879652893053,292528000
2021-01-11,13.566752433776855,13.904888339693949,13.30879358227213,13.36481712213483,518344000
2021-01-12,13.430554389953613,13.699220853511294,13.291366518342056,13.697228086074581,291476000
2021-01-13,13.477364540100098,13.570240034440598,13.331204841612394,13.4357823822842,210028000
2021-01-14,13.147194862365723,13.545089074503974,13.127524599253782,13.520438793549745,283120000
2021-01-15,12.807817459106445,13.271695346356372,12.796861987374657,13.17483621037775,277780000
2021-01-19,12.972900390625,13.041373506221632,12.79237828621631,12.963935787634238,226188000
2021-01-20,13.312032699584961,13.376522184971396,13.004274570708622,13.059052877089373,258572000
2021-01-21,13.811765670776367,13.942986262976488,13.199735351672873,13.36456988189232,337780000
2021-01-22,13.657386779785156,13.786117826642263,13.572479512634926,13.68477640464162,246820000
2021-01-25,13.59837532043457,13.772921018082734,13.183300345613404,13.72635884482473,251112000
2021-01-26,13.381254196166992,13.589911580254576,13.333695631638935,13.525919807719731,163980000
2021-01-27,12.86583137512207,13.179564910137588,12.742329208441202,13.176825567795346,371272000
2021-01-28,12.998544692993164,13.286134786684336,12.908408554743174,12.944015254863068,228316000
2021-01-29,12.937542915344238,13.281156594741395,12.85960747764064,13.022450189012595,271552000
2021-02-01,13.183799743652344,13.217413681369504,12.85089267680462,13.000788099819756,217204000
2021-02-02,13.502264976501465,13.517452941241546,13.232104423210238,13.34489999474332,220440000
2021-02-03,13.476120948791504,13.875758199731045,13.462177275976654,13.58119621183441,245408000
2021-02-04,13.609331130981445,13.618543641909477,13.284143457889288,13.47661645272623,201340000
2021-02-05,13.536377906799316,13.682040855642152,13.49130982557148,13.66984014110473,169152000
2021-02-08,14.380717277526855,14.415576451699254,13.672076808823638,13.672076808823638,434624000
2021-02-09,14.205924987792969,14.524638573331769,14.165338264412211,14.283112900004856,287560000
2021-02-10,14.704910278320312,14.845094516583352,14.283859846653357,14.40512039530339,485352000
2021-02-11,15.189455032348633,15.210869206423117,14.865014860197656,14.920042971123856,450828000
2021-02-12,14.901118278503418,15.22979187160144,14.715616167747536,14.989511461890103,374756000
2021-02-16,15.268637657165527,15.310718485509026,14.889915901123095,15.003706913820904,321960000
2021-02-17,14.846091270446777,15.162315316732863,14.720597275681127,15.11002559817303,274756000
2021-02-18,14.769400596618652,14.813472286009498,14.516420797901691,14.66980213100204,233868000
2021-02-19,14.866508483886719,15.116001413378493,14.787078950270823,14.964114181705161,271724000
2021-02-22,14.298052787780762,15.072428084036344,14.267426101767738,14.715368455188019,325884000
2021-02-23,14.085163116455078,14.181524533940966,13.335686902429352,14.018680862200867,391780000
2021-02-24,14.440729141235352,14.448448503648297,13.700715175316017,14.06599194727329,448320000
2021-02-25,13.25401496887207,14.316975775495292,13.163132248759155,13.989048748231403,824436000
2021-02-26,13.659380912780762,13.798817635314652,13.307301288699822,13.69722734472465,500932000
2021-03-01,13.786121368408203,13.869036839571837,13.498780991708824,13.81923759520638,353184000
2021-03-02,13.352367401123047,13.864550322327341,13.342158506890337,13.844132533861924,264116000
2021-03-03,12.75328540802002,13.397435479736185,12.747309006591404,13.372287481607765,377592000
2021-03-04,12.320533752441406,12.922853894741422,12.035185217858675,12.749303604657026,573344000
2021-03-05,12.411416053771973,12.499560385516855,11.632309598213094,12.499560385516855,542840000
2021-03-08,11.54665756225586,12.421128231216294,11.520014506906492,12.399963861900977,543112000
2021-03-09,12.474233627319336,12.570378398131114,12.014927537191268,12.085666683941009,521824000
2021-03-10,12.42242431640625,12.932292694520745,12.411714009519088,12.793305748971898,384376000
2021-03-11,12.945747375488281,12.998304099391827,12.687699400609878,12.90240729544539,299916000
2021-03-12,12.808752059936523,12.84138182759341,12.543729858351645,12.601765255652683,243964000
2021-03-15,13.14277172088623,13.15821482646551,12.720330142831362,12.817471676210019,221988000
2021-03-16,13.242399215698242,13.462835609512782,13.068540113938292,13.307408839220948,272128000
2021-03-17,13.292216300964355,13.403804172306538,12.941758742191908,12.991824107730828,243864000
2021-03-18,12.675739288330078,13.135543248189038,12.670259662780902,13.08821817280706,293896000
2021-03-19,12.79853630065918,12.874008237088663,12.566143927350314,12.703138366761953,299208000
2021-03-22,13.137784004211426,13.34526863218992,12.85931129182006,12.865289755863182,297804000
2021-03-23,13.022710800170898,13.295454030041492,12.973392265762131,13.20553571417136,222048000
2021-03-24,12.59653377532959,13.110887048313957,12.590307315590085,13.102916077650947,245840000
2021-03-25,12.489179611206055,12.668020482645497,12.22689771964549,12.45356156367243,295144000
2021-03-26,12.792061805725098,12.80899952364286,12.328023824665465,12.508358356195133,363968000
2021-03-29,12.900659561157227,13.014489826860041,12.65332197655928,12.773129756465236,273520000
2021-03-30,12.824441909790039,12.927561877681123,12.658304817189459,12.794801380172224,200204000
2021-03-31,13.299193382263184,13.420993698216213,12.934787261773293,12.967665973766012,314776000
2021-04-01,13.760986328125,13.819021709994194,13.461589927459961,13.522366547343738,308276000
2021-04-05,13.936091423034668,13.962493775777086,13.682526408463117,13.816532577415291,255672000
2021-04-06,13.810553550720215,14.00259509902504,13.722877637600922,13.94829577953062,191744000
2021-04-07,14.091520309448242,14.191152220575374,13.661107830911533,13.829735341708554,251284000
2021-04-08,14.264383316040039,14.418315513515902,14.196632435457225,14.200369451800379,244416000
2021-04-09,14.347075462341309,14.355046432497897,14.12290297240524,14.161759195266548,195172000
2021-04-12,15.15310001373291,15.296072916324466,14.087281972664629,14.237229116837765,869324000
2021-04-13,15.621871948242188,15.642296785961808,15.070157136320923,15.17551855147795,676212000
2021-04-14,15.220852851867676,15.66272242258447,15.171534315585967,15.56757342143402,385500000
2021-04-15,16.07793617248535,16.15465281373212,15.574044473789503,15.604930665768292,598480000
2021-04-16,15.85401725769043,16.10633661100152,15.806940170418816,15.993999997068041,335208000
2021-04-19,15.305291175842285,15.749403162911921,15.177014518006649,15.479399250455955,404420000
2021-04-20,15.115493774414062,15.440045994906509,14.90800907808252,15.266934627639428,334132000
2021-04-21,15.304046630859375,15.306039135930256,15.046745528966595,15.063184408428354,216776000
2021-04-22,14.795670509338379,15.381758649575245,14.729165313862191,15.318491630862203,277788000
2021-04-23,15.20914363861084,15.278637109184439,14.845485403594385,14.87935988361051,227500000
2021-04-26,15.421113014221191,15.422109741768356,15.069410715459696,15.129190614058306,197796000
2021-04-27,15.325218200683594,15.612906665769394,15.29806806262324,15.52124478193989,164572000
2021-04-28,15.220602989196777,15.475164740857569,15.15957836730446,15.308030914991681,209416000
2021-04-29,15.268425941467285,15.379764870090474,15.016106605297141,15.343399043611141,173196000
2021-04-30,14.95433521270752,15.308528865809581,14.941881343927635,15.118729701211409,201912000
2021-05-03,14.782220840454102,15.190713824195964,14.73315219758806,15.069411410988684,203912000
2021-05-04,14.298501014709473,14.58369900365327,13.958754771206282,14.583450059364143,405324000
2021-05-05,14.405360221862793,14.759055975565776,14.334621071122196,14.65493927929447,292024000
2021-05-06,14.469621658325195,14.517694517007266,14.165743307149034,14.441973635991896,193380000
2021-05-07,14.757811546325684,14.915728739355696,14.617827849292928,14.7538265361417,229328000
2021-05-10,14.213318824768066,14.751583061695198,14.197626779371475,14.732901783793752,268904000
2021-05-11,14.253669738769531,14.301991547121727,13.69946450914894,13.774188670983172,285584000
2021-05-12,13.707931518554688,14.207837357510233,13.658862883776619,13.958008435105357,303408000
2021-05-13,13.615023612976074,14.028997093833175,13.409531488565987,13.982168959151704,285404000
2021-05-14,14.190652847290039,14.275340485481827,13.697970119526413,13.83895053700073,258616000
2021-05-17,14.113434791564941,14.117170856518369,13.802582215308902,14.104965934258251,216980000
2021-05-18,13.964237213134766,14.35130955439113,13.952530178000735,14.214564048719183,186256000
2021-05-19,14.014053344726562,14.027752884459964,13.49347368536492,13.516637860643087,344000000
2021-05-20,14.558795928955078,14.62978403099266,14.21805284914082,14.249934831389337,321592000
2021-05-21,14.936653137207031,15.166057295834724,14.814852817095339,15.108020946469555,672992000
2021-05-24,15.554622650146484,15.687133265807587,15.120224232908976,15.156590063922868,554816000
2021-05-25,15.590240478515625,15.760362594796842,15.425597988720599,15.708055773561385,435408000
2021-05-26,15.642298698425293,15.735704145609564,15.52896724992977,15.676423080242675,370440000
2021-05-27,15.431075096130371,15.69211222113816,15.40317812935889,15.642046857508864,581476000
2021-05-28,16.184797286987305,16.21767694767889,15.44403099782794,15.44403099782794,644536000
2021-06-01,16.20472526550293,16.328021150399323,15.844802987740685,16.210205842744976,472804000
2021-06-02,16.716581344604492,16.856565955945943,16.17582681316416,16.192515583059503,594168000
2021-06-03,16.907381057739258,17.195569308836276,16.522053197728837,16.63937060204186,580008000
2021-06-04,17.513643264770508,17.596087541905547,17.032667639127915,17.04960345412486,617120000
2021-06-07,17.554244995117188,17.747034348298172,17.12956302093456,17.5066719180592,575756000
2021-06-08,17.39284324645996,17.55673796608518,17.18759905493115,17.46283462472556,323848000
2021-06-09,17.298416137695312,17.5144200997862,17.196270441472134,17.45537445495699,381656000
2021-06-10,17.36493492126465,17.43170530908903,17.1167945825232,17.290194588207186,287772000
2021-06-11,17.76380729675293,17.877414660065863,17.383622077318115,17.419248285060828,416308000
2021-06-14,17.95663833618164,17.97731685623669,17.60186647716937,17.84427788430058,321376000
2021-06-15,17.72718620300293,17.954151966900646,17.666895541106463,17.85325126082189,243032000
2021-06-16,17.74885368347168,17.892856291722083,17.52388192123169,17.729422074916453,307124000
2021-06-17,18.592941284179688,18.770078247109847,17.695047795899175,17.713234404849683,809656000
2021-06-18,18.574504852294922,19.308217023143403,18.519943127082154,18.71925451472753,968856000
2021-06-21,18.363731384277344,18.472605819565104,17.76131527148521,18.371703230531587,672384000
2021-06-22,18.82164764404297,18.898383795362612,18.32262411331532,18.407830114038756,580144000
2021-06-23,18.99156379699707,19.086735576664665,18.842579190204066,18.942234896938484,332356000
2021-06-24,19.139299392700195,19.35306044926967,19.022453105749324,19.161473823483938,320924000
2021-06-25,18.96540069580078,19.278817427102744,18.829371801358914,19.21404094846536,278364000
2021-06-28,19.916112899780273,20.009539746281707,19.25240821728546,19.294512263445398,495436000
2021-06-29,19.95771598815918,20.02946639667907,19.589239586918527,19.813962368207104,367632000
2021-06-30,19.93355369567871,20.093002037862693,19.795281878543864,19.930314776489794,326568000
2021-07-01,20.1423282623291,20.385486666849392,19.949992750888118,20.055628261505312,480136000
2021-07-02,20.4163761138916,20.43456461612097,20.217813704351567,20.369788153849612,342764000
2021-07-06,20.627155303955078,20.770160059245526,20.28010622792403,20.666020436292737,446708000
2021-07-07,20.301532745361328,20.803048270219904,20.26192060678892,20.781622741141774,418428000
2021-07-08,19.834144592285156,20.063600320047218,19.632841227354213,19.78805462577858,503300000
2021-07-09,19.98113250732422,20.011029776539825,19.686153340670238,19.893685513393702,296624000
2021-07-12,20.441795349121094,20.46197396708829,20.118163846582572,20.170233652591747,321984000
2021-07-13,20.18019676208496,20.390718871936702,20.04466588340788,20.330177323660422,290708000
2021-07-14,19.773107528686523,20.347371324645856,19.684664506102898,20.287578671273554,380100000
2021-07-15,18.9008731842041,19.778587910474652,18.793494657119066,19.743459705435733,550564000
2021-07-16,18.09839630126953,19.090963266733112,18.010700300983057,18.964900147522947,688224000
2021-07-19,18.71502113342285,18.97636621146561,17.80392103012152,17.85350083008128,749060000
2021-07-20,18.5478515625,18.773072465675416,18.101395680867572,18.66544489517941,434687000
2021-07-21,19.343095779418945,19.45969307152444,18.67739902955173,18.81691585718277,371017000
2021-07-22,19.526464462280273,19.81845383790225,19.209559734509735,19.574299353352185,323826000
2021-07-23,19.490585327148438,19.63209605947266,19.183646421770963,19.588247101340414,195672000
2021-07-26,19.227495193481445,19.374983858977348,18.848803969588506,19.244436793032506,203943000
2021-07-27,19.141788482666016,19.554360946532352,18.676397315586588,19.198591207828677,248863000
2021-07-28,19.435771942138672,19.578278660578594,18.929523634403203,19.252406188851747,202191000
2021-07-29,19.594228744506836,19.78457038148823,19.261378455641132,19.451720092622526,190781000
2021-07-30,19.431791305541992,19.562338390382465,19.196604690590537,19.35106921939,183497000
2021-08-02,19.681922912597656,19.892196048997913,19.29426383352367,19.632096019964017,217444000
2021-08-03,19.7466983795166,20.152295043077654,19.153748123448008,19.67195614363054,301811000
2021-08-04,20.204113006591797,20.247961956223463,19.759649378379862,19.921091596810026,231309000
2021-08-05,20.565866470336914,20.661536241718938,20.271883215334118,20.429339555669177,211435000
2021-08-06,20.295799255371094,20.499096555119213,20.140336838007727,20.453255584823058,178497000
2021-08-09,20.22504234313965,20.43730746916473,20.07356586786639,20.37552091210464,146443000
2021-08-10,19.867280960083008,20.35957761344973,19.766627375953473,20.25195008967123,179238000
2021-08-11,19.631099700927734,19.979893679889088,19.363027803581907,19.973913844041807,185925000
2021-08-12,19.83639144897461,19.95996268817905,19.552373948791477,19.801512240234526,151652000
2021-08-13,20.118410110473633,20.14432145963521,19.782571882288952,19.836386591609863,183063000
2021-08-16,19.881235122680664,20.217073411230743,19.38594658927901,20.065596914124974,210876000
2021-08-17,19.390928268432617,19.70185307512891,19.20058666248463,19.61714508254788,204585000
2021-08-18,18.974367141723633,19.566319396687003,18.93450411542504,19.43278053951517,285913000
2021-08-19,19.729761123657227,20.424359224715,18.697330779144767,19.42680809108731,766555000
2021-08-20,20.744245529174805,20.793076409277884,19.864289880276367,19.922088611384755,675741000
2021-08-23,21.882312774658203,21.921177903907907,20.877787845028326,20.898715368530024,575807000
2021-08-24,21.717880249023438,21.8833084230163,21.46077013569365,21.678019114764727,297299000
2021-08-25,22.13643455505371,22.392548685209118,21.647127731975118,21.66207542103675,347701000
2021-08-26,21.991931915283203,22.262993686713813,21.714890308972432,22.123476878003054,237940000
2021-08-27,22.557979583740234,22.643683606256594,22.090596235239047,22.107537838572195,304722000
2021-08-30,22.609792709350586,22.963568544992565,22.47326582404602,22.751303423762153,262580000
2021-08-31,22.3117733001709,22.62075868040585,22.047640789736928,22.62075868040585,259850000
2021-09-01,22.367589950561523,22.622753028655936,22.283865100248764,22.41144663929597,201767000
2021-09-02,22.322736740112305,22.51909280352411,22.222067304803737,22.444337387679806,187834000
2021-09-03,22.76827621459961,22.910808082103483,22.127379950913973,22.251971049959415,280532000
2021-09-07,22.587865829467773,22.82409003815894,22.448322522567985,22.758305960984877,198107000
2021-09-08,22.26592445373535,22.53603785625392,21.905107228441466,22.439355044930288,254434000
2021-09-09,22.104454040527344,22.464273188352024,22.058604988452572,22.23901265299159,196856000
2021-09-10,22.404468536376953,22.551983198863454,22.19714878261406,22.274892739720574,248376000
2021-09-13,22.07953453063965,22.88887850668766,21.786495670040438,22.609793787016553,297500000
2021-09-14,22.16924476623535,22.336694491367744,22.013754920994057,22.202135861768,199755000
2021-09-15,22.26791763305664,22.29383355511717,21.894144334606132,22.236022722228473,166538000
2021-09-16,22.16924476623535,22.204130125637935,21.855274630502613,22.11043774594107,156033000
2021-09-17,21.82836151123047,22.247983887075033,21.758590795663608,22.227052672404977,294503000
2021-09-20,21.0439395904541,21.36289255637249,20.594414612488368,21.076830688273485,349440000
2021-09-21,21.176502227783203,21.354915649191057,20.88147094862816,21.346942396030226,204688000
2021-09-22,21.869224548339844,21.888161496452156,21.126660825026075,21.29610478128571,268726000
2021-09-23,22.40845489501953,22.461281014018834,21.818390548782627,22.067572722802016,248555000
2021-09-24,22.008766174316406,22.076544517927047,21.78948654099759,21.997802477816837,217655000
2021-09-27,21.58914566040039,21.7276909027937,21.255242424863432,21.638981339967028,245215000
2021-09-28,20.63128662109375,21.348932496688196,20.58344330923957,21.144603190689022,343069000
2021-09-29,20.449878692626953,20.94824293922518,20.400041127301893,20.87149517984419,218394000
2021-09-30,20.648237228393555,20.997092752868166,20.62032893852436,20.700067181166297,221009000
2021-10-01,20.67414665222168,20.790762583446227,20.136908439010178,20.682119903644967,240978000
2021-10-04,19.667448043823242,20.474797634772223,19.49102704533623,20.43692184351524,345635000
2021-10-05,20.38409996032715,20.580456026751712,19.789052772537165,19.884739402108554,279282000
2021-10-06,20.632287979125977,20.652221111305703,20.014315254928512,20.054185321506793,297202000
2021-10-07,21.006061553955078,21.252253324633013,20.90339784226503,21.023004241236695,256919000
2021-10-08,20.762855529785156,21.136628803152057,20.707038964304342,21.031972742875528,151258000
2021-10-11,20.627304077148438,20.994100339135553,20.44390594615488,20.507697674953654,163388000
2021-10-12,20.60338020324707,20.988117194123532,20.460848337072985,20.759866211548562,162134000
2021-10-13,20.87050437927246,20.921338143306798,20.64524382851647,20.849573164865863,180652000
2021-10-14,21.674861907958984,21.68383134051635,21.052902671473788,21.218359995410317,243589000
2021-10-15,21.790483474731445,21.85925800191469,21.59113886513245,21.738653534036047,226994000
2021-10-18,22.149303436279297,22.21807795415585,21.573193276980525,21.67785122654991,189494000
2021-10-19,22.217082977294922,22.30579062746577,21.964910365115337,22.203126935634774,161473000
2021-10-20,22.03070068359375,22.359621161989526,21.910096191330364,22.232039597473953,146276000
2021-10-21,22.617767333984375,22.63670618326787,22.010760294577082,22.024714435687386,187590000
2021-10-22,22.651655197143555,23.054332903700523,22.487195958001656,22.74833799814001,249384000
2021-10-25,23.0902156829834,23.278596571757692,22.695511238886706,22.897846267570205,230235000
2021-10-26,24.636146545410156,25.176375311741033,23.845741281251218,23.9105291901344,485898000
2021-10-27,24.371015548706055,25.007925176618038,24.202567761764556,24.393941025402942,245990000
2021-10-28,24.85940933227539,24.86838066580957,24.4427774851292,24.796615700863228,234204000
2021-10-29,25.483362197875977,25.62489787147844,24.91821758575926,24.91921376694326,292503000
2021-11-01,25.74251365661621,25.809293921603484,25.144476013269458,25.565096437115333,265740000
2021-11-02,26.314638137817383,26.59073246242579,25.715604250404937,25.737533548022185,294112000
2021-11-03,26.510988235473633,26.696380585852886,26.14917676933632,26.582753200243893,239910000
2021-11-04,29.703514099121094,31.26239704427072,27.02929029769168,27.139927249878582,1153631000
2021-11-05,29.654674530029297,31.297282321186877,29.313792339899493,30.088251003295557,851260000
2021-11-08,30.70323371887207,30.998264961741995,29.809166754618374,30.05037569360793,503101000
2021-11-09,30.556711196899414,32.20430550943804,29.86597932140083,32.17639722764453,646746000
2021-11-10,29.362632751464844,30.74908322904024,28.68386069593988,29.259970949508748,636206000
2021-11-11,30.290586471557617,30.489932984419298,29.679592774599925,30.368332333995184,332172000
2021-11-12,30.290586471557617,30.579638725096128,29.53307238423617,29.911830378451516,413054000
2021-11-15,29.92677879333496,30.54375334062734,29.15132398754459,30.45205524331211,384909000
2021-11-16,30.104198455810547,30.29058701140295,29.608824510774056,29.661652535322734,264484000
2021-11-17,29.165281295776367,30.409199941675634,28.705788874793846,30.31849611458015,428508000
2021-11-18,31.57138442993164,32.65283428082638,31.218542338444994,32.261122107751916,781711000
2021-11-19,32.87709426879883,32.97975795583658,31.80062743099509,32.1375210519031,533867000
2021-11-22,31.851463317871094,34.533660369454104,31.795646751201797,33.40735581710539,754335000
2021-11-23,31.642152786254883,32.25414458908274,30.778984519657556,31.431842568314533,532163000
2021-11-24,32.56712341308594,32.74753112029503,30.826834275154358,31.35809177967249,435162000
2021-11-26,31.399946212768555,32.60299664841291,31.2474468349952,32.493355877058754,283069000
2021-11-29,33.26683044433594,33.302711992921004,31.931213276155148,32.260135709661235,454964000
2021-11-30,32.56910705566406,33.24389436052743,31.759764944757165,33.06049435573746,622066000
2021-12-01,31.33600425720215,33.184167626613956,31.281177159177126,33.114388375070114,484368000
2021-12-02,32.02482986450195,32.375722550194084,30.9272972457991,31.11570313644076,472890000
2021-12-03,30.596342086791992,32.027820642535175,30.03511346450326,31.899225278294047,544325000
2021-12-06,29.942407608032227,30.14576373785318,27.94970234622703,29.78590054452752,658938000
2021-12-07,32.32487869262695,32.346812573827144,30.55447261848209,30.859510618013076,593053000
2021-12-08,31.72577667236328,32.188316185516875,31.322051376993954,31.898232211155804,475551000
2021-12-09,30.39398193359375,32.10358318046431,30.332176907618503,31.63406386343503,488507000
2021-12-10,30.102901458740234,31.206415682530494,29.766962833942674,31.051903118678588,488825000
2021-12-13,28.07231330871582,30.19859728465225,28.027454948851968,30.1537389247884,598344000
2021-12-14,28.247756958007812,28.58768263653052,27.164180400436194,27.611765752164207,667035000
2021-12-15,30.363080978393555,30.403952230055594,27.75033449939034,28.31056497493087,698297000
2021-12-16,28.297607421875,31.061875857394217,28.004534516432194,31.053901627697662,707366000
2021-12-17,27.713449478149414,28.830919505652275,27.67257823059536,27.896870039197612,713758000
2021-12-20,27.631711959838867,28.05537286246123,27.05952009504959,27.219016098484527,461847000
2021-12-21,28.983436584472656,29.028294944690636,27.314706725168943,28.284643989318436,524385000
2021-12-22,29.307415008544922,29.461927576880676,28.359409624344213,28.80001904458484,395184000
2021-12-23,29.546655654907227,29.964336743268632,29.33831421297981,29.66129326312554,343022000
2021-12-27,30.84754180908203,30.989094793381206,29.546651459372065,29.566588927885558,403686000
2021-12-28,30.226512908935547,31.231338018752773,29.917487766927692,31.213395052745707,420591000
2021-12-29,29.906517028808594,30.451795238929865,29.273516611953507,30.1776616792126,343139000
2021-12-30,29.492828369140625,30.36108570963226,29.44697370362588,29.73306863749012,308864000
2021-12-31,29.31838035583496,29.935432431024672,29.23863236196779,29.580552622443367,266530000
2022-01-03,30.026145935058594,30.61428811203806,29.691203595037003,29.7211098062086,391547000
2022-01-04,29.19776153564453,30.37205130388123,28.259724925855497,30.181652811785955,527154000
2022-01-05,27.517070770263672,29.323364772152377,27.446295212189224,28.857834470045624,498064000
2022-01-06,28.089262008666992,28.348443450993756,26.979768076203065,27.55295615903355,454186000
2022-01-07,27.16119384765625,28.332494693927416,26.971791660779605,28.052379478532124,409939000
2022-01-10,27.313709259033203,27.382492201861595,25.563238883232685,26.497288278632688,594681000
2022-01-11,27.729398727416992,27.97661882621992,26.754479886883722,27.23695493896439,404089000
2022-01-12,27.91082763671875,28.504949514228787,27.52105820708782,27.978612384474925,383413000
2022-01-13,26.491308212280273,28.390307586035668,26.414549141387052,28.289625832276567,540171000
2022-01-14,26.857154846191406,27.111352875878474,26.12745967935316,26.21717640732011,395832000
2022-01-18,25.821426391601562,26.554112344866216,25.688845811972694,26.177302480368454,424270000
2022-01-19,24.98805809020996,26.459409683048193,24.97310593684919,25.996872119985937,488315000
2022-01-20,24.07394790649414,25.498448638286458,24.00217414256686,25.22431503185262,435181000
2022-01-21,23.300386428833008,24.74482235233926,23.189735951595004,23.432966980379607,718958000
2022-01-24,23.298398971557617,23.30637320074799,20.822222081779014,22.259680516494218,913982000
2022-01-25,22.253698348999023,22.870750425042836,21.93071925859125,22.474999365021613,664616000
2022-01-26,22.70028305053711,23.98123602247963,22.229769407799456,23.166809579557935,755959000
2022-01-27,21.87489128112793,23.919432592467135,21.606737447782898,23.49377731200437,573353000
2022-01-28,22.7680721282959,22.78601509261585,21.22893388945279,21.94267865750041,543774000
2022-01-31,24.40888786315918,24.431816145631064,22.979403852664547,23.108993615367613,564680000
2022-02-01,24.560413360595703,25.065816744698257,23.814767780089298,25.02494549207549,518925000
2022-02-02,25.16250991821289,25.735698020360548,24.475678597564364,25.712771637079914,543419000
2022-02-03,23.87258529663086,24.99802967321124,23.705115075622988,24.38097948355901,410178000
2022-02-04,24.24241828918457,24.557423171481002,23.557581418595635,23.89651089080567,354829000
2022-02-07,24.650129318237305,25.102698190128145,24.125784779344208,24.29524950581425,376868000
2022-02-08,25.0289306640625,25.150546207819467,23.90448265925914,24.282288838178633,410359000
2022-02-09,26.620901107788086,26.640838580536943,25.27315951224319,25.54131148574977,524282000
2022-02-10,25.74267578125,26.84020840080806,25.519382164128384,25.913138706568642,513200000
2022-02-11,23.87358283996582,26.06964650484527,23.698138380656843,25.834389619490583,605472000
2022-02-14,24.19057846069336,24.79666354683214,23.680189818886806,23.85862696314563,440424000
2022-02-15,26.411561965942383,26.461403743864466,24.705949858768733,24.870429246985168,699869000
2022-02-16,26.427509307861328,26.498286759029188,25.471529825588878,26.176304019794223,732676000
2022-02-17,24.42982292175293,25.703798143147747,24.088900885684307,25.549285582156386,810595000
2022-02-18,23.56754493713379,24.90731216889236,23.02725202902934,24.59031284874341,761255000
2022-02-22,23.316341400146484,23.988218678165815,22.92757016662024,22.9624597952012,633422000
2022-02-23,22.316495895385742,24.078929495655366,22.230768194872702,23.727040557473366,566511000
2022-02-24,23.67321014404297,23.725046427228275,20.82421097780637,20.948817318078245,735801000
2022-02-25,24.08092498779297,24.14073550496428,23.307369674838906,23.646299107713094,528866000
2022-02-28,24.308204650878906,24.58732353254716,23.63234037536328,23.916442673962294,477319000
2022-03-01,23.40306854248047,24.300235899548934,23.059155656499062,24.214506278553596,412056000
2022-03-02,24.147838592529297,24.336276568768735,23.345238595457605,23.685222229370265,389642000
2022-03-03,23.64334487915039,24.2535209394166,23.399074019480082,24.189710547156224,365095000
2022-03-04,22.867666244506836,23.609449084190494,22.415018401859665,23.314331446054602,431415000
2022-03-07,21.288387298583984,22.96438091313516,21.266453480055112,22.749022915307926,450821000
2022-03-08,21.449899673461914,22.306339565350985,20.58847361397796,21.24551054038405,557467000
2022-03-09,22.9454345703125,23.150820212926504,22.1807194875951,22.320301778530236,492742000
2022-03-10,22.59049415588379,22.720105999777736,21.816805180949956,22.46387173081111,428066000
2022-03-11,22.03415870666504,23.076045454723392,21.980318734826213,22.953410808497686,367209000
2022-03-14,21.266450881958008,22.195673358229172,21.095960818464654,21.80384458359265,385354000
2022-03-15,22.904556274414062,22.969363152831257,21.25847601527962,21.453891221892214,491996000
2022-03-16,24.42302131652832,24.523720247964146,23.10296639709602,23.42998833057086,671422000
2022-03-17,24.69221305847168,24.767984935801795,23.83477472930563,24.04813783867153,471941000
2022-03-18,26.374183654785156,26.489839164055603,24.55063450386545,24.725112338972878,730719000
2022-03-21,26.654346466064453,27.071102224698404,25.88963151138114,26.428023517702794,591727000
2022-03-22,26.44497299194336,27.156846357898804,25.99432004218782,26.64736727935604,547007000
2022-03-23,25.5576229095459,26.532707643825425,25.498798687970464,26.048155645819836,502120000
2022-03-24,28.066129684448242,28.235623263570396,25.829812434294954,26.08804154718275,877379000
2022-03-25,27.609495162963867,28.273511278243372,27.189749942659294,27.802917411678866,579016000
2022-03-28,28.134925842285156,28.165833619637276,27.124943427788132,27.67330593129394,425494000
2022-03-29,28.57062339782715,28.85975839254765,27.896636856560235,28.60950676132991,488984000
2022-03-30,27.60750389099121,28.411102336887122,27.421060745065915,28.21967492416321,463487000
2022-03-31,27.204700469970703,28.163834077665356,27.18874929829673,27.699222923511634,523440000
2022-04-01,26.632413864135742,27.41407840137785,26.188740006342908,27.29343862106805,517235000
2022-04-04,27.278486251831055,27.475896299662303,26.533712066907064,26.648369216228314,397120000
2022-04-05,25.853742599487305,27.237607768198263,25.743073244909805,27.17280089255996,436615000
2022-04-06,24.33428382873535,25.224622964462803,23.93148813508022,24.859714163923694,703833000
2022-04-07,24.135873794555664,24.64834229932388,23.40804924530621,24.368179386256767,557992000
2022-04-08,23.050121307373047,23.851726811207488,22.993291917921837,23.84574416968649,524781000
2022-04-11,21.85169792175293,22.2534970579757,21.59546368595663,22.147813889994346,575207000
2022-04-12,21.439931869506836,22.65729475827579,21.218593162457935,22.46985514903304,662258000
2022-04-13,22.13684844970703,22.432964462991524,21.39107781519928,21.663265165709976,516943000
2022-04-14,21.194665908813477,22.70914138808518,21.099949624918715,22.437950489268136,569097000
2022-04-18,21.71809959411621,22.02218926461033,21.016196654972152,21.136836430632233,525701000
2022-04-19,22.131864547729492,22.306342402426626,21.250497509099134,21.655288033662476,512781000
2022-04-20,21.41799545288086,22.6024555729677,21.13683607316311,22.449911553032234,468974000
2022-04-21,20.122867584228516,22.325285752038848,19.940412249254727,21.644320110833693,656209000
2022-04-22,19.456857681274414,20.424965416989473,19.441902979823055,20.24251007228569,624713000
2022-04-25,19.84270668029785,19.885577840769354,19.039108228053102,19.14479141968029,641566000
2022-04-26,18.732025146484375,19.72904585331805,18.614376672651343,19.659254708106264,653143000
2022-04-27,18.360136032104492,19.10989445940128,18.235508451875706,18.542589470786602,499460000
2022-04-28,19.723060607910156,19.977301919519842,18.434910207307524,18.910488306653104,570327000
2022-04-29,18.491743087768555,20.06803212955995,18.46183178332937,19.344195296792407,500435000
2022-05-02,19.474803924560547,19.515680231778166,18.33620622488366,18.48575893149055,572049000
2022-05-03,19.543598175048828,19.7659352569291,19.07599562451621,19.342200337321106,475751000
2022-05-04,20.273418426513672,20.339221777103816,18.695134485364377,19.863643621096067,648855000
2022-05-05,18.787858963012695,19.865637775003147,18.44488396034569,19.807811910008564,626331000
2022-05-06,18.619361877441406,19.453868144607874,17.936403191321382,18.680180965141894,633297000
2022-05-09,16.89950180053711,18.20061223010109,16.776867157808468,17.98027188540069,644455000
2022-05-10,17.542573928833008,18.14377789214046,16.97427258321848,17.636293713121535,761474000
2022-05-11,16.5804500579834,17.700105173473105,16.518636414884845,17.295314714048374,670167000
2022-05-12,16.126808166503906,16.73798268883239,15.520620763164581,16.170677698614824,708728000
2022-05-13,17.653247833251953,17.874586549641382,16.543564832253985,16.73798356385744,670437000
2022-05-16,17.212566375732422,17.73500542241008,17.055038053763205,17.456837299175664,521446000
2022-05-17,18.12284278869629,18.31626502100498,17.58146135414091,18.020149031920944,585830000
2022-05-18,16.88753890991211,18.064023819021532,16.813759960216448,17.652254100833233,545161000
2022-05-19,17.072982788085938,17.634305160902688,16.68414342710916,16.886539645818328,621310000
2022-05-20,16.64426040649414,17.358126686206212,15.708058031276178,17.28035996987774,739105000
2022-05-23,16.84765625,16.86460579941811,16.13079851441161,16.225514794885957,639889000
2022-05-24,16.10586929321289,16.547550187898246,15.732984010714674,16.460809506552845,588550000
2022-05-25,16.9244327545166,17.06002729824065,15.952336847536499,15.972277724995937,781132000
2022-05-26,17.797813415527344,18.038094588752674,15.974262384109384,15.988220610755953,996575000
2022-05-27,18.754959106445312,18.824750258238716,18.046076875849245,18.131821105909538,738379000
2022-05-31,18.616369247436523,19.14279599466487,18.295328116993222,18.923450248875827,664100000
2022-06-01,18.265419006347656,18.9962349851399,18.068008952451528,18.668216603337324,544514000
2022-06-02,19.53362464904785,19.560544628460704,18.14377897274522,18.237498762615502,648656000
2022-06-03,18.664228439331055,19.274406575530012,18.46681836923716,19.025151378896318,598779000
2022-06-06,18.73002815246582,19.27938709229923,18.508689459205605,19.081977060607624,422406000
2022-06-07,18.869613647460938,18.9433925831492,18.133811531545238,18.416965795176733,388914000
2022-06-08,18.596372604370117,19.12689931949138,18.4836845843309,18.74695362356912,363252000
2022-06-09,17.99803352355957,18.880583584037574,17.991052933850728,18.42983530392258,395574000
2022-06-10,16.9270076751709,17.648005592341615,16.822296926639886,17.551274019304014,465248000
2022-06-13,15.603682518005371,16.266841466800717,15.562795658882996,15.955704946447169,604153000
2022-06-14,15.792157173156738,16.021519942748558,15.369330314017972,15.68744737975274,469680000
2022-06-15,16.481246948242188,16.82130252550863,15.88190997775459,16.050441789659057,563936000
2022-06-16,15.557809829711914,15.89786635646443,15.358363702412253,15.816092635892538,545749000
2022-06-17,15.83603572845459,15.950717118320277,15.285563915858456,15.604677679322638,630334000
2022-06-21,16.5201358795166,16.960911609240924,16.361575686273117,16.429388214877477,483089000
2022-06-22,16.31471061706543,16.615874624972886,16.135208613375514,16.181080798165386,437135000
2022-06-23,16.18008041381836,16.539082437023865,15.809109627633456,16.473265177528255,463680000
2022-06-24,17.078580856323242,17.092542032153197,16.264840218394806,16.45431467756385,472153000
2022-06-27,16.822296142578125,17.282020263994987,16.579968879448046,17.26407044859053,427968000
2022-06-28,15.937752723693848,17.15437435755345,15.900854507260869,16.853210426478878,461149000
2022-06-29,15.498970985412598,15.776201206281394,15.128001145361374,15.770218251263673,482352000
2022-06-30,15.117033004760742,15.523903457243852,14.820855311845145,15.31847343700277,686070000
2022-07-01,14.48279094696045,15.021295848581772,14.35215407119524,14.857750345223227,577610000
2022-07-05,14.922572135925293,14.929552726095583,14.016089244404482,14.135756912052631,651397000
2022-07-06,15.088109970092773,15.27658681871812,14.748053534921276,14.968442325940817,529066000
2022-07-07,15.814093589782715,15.900852605446328,15.34639225199434,15.413207136407195,492903000
2022-07-08,15.794151306152344,15.99260071355022,15.3463940472355,15.387280900081658,467972000
2022-07-11,15.1100492477417,15.484010989302513,14.996364558759826,15.483013354753316,437321000
2022-07-12,15.040243148803711,15.388276870570849,14.83581079611465,15.22572805239749,458483000
2022-07-13,15.122016906738281,15.332433178961859,14.424952733218012,14.549606661502255,521918000
2022-07-14,15.32944107055664,15.430161276206992,14.687223985290593,15.066172037556123,456235000
2022-07-15,15.718361854553223,15.738305988579,15.40223910380052,15.615647329390558,385935000
2022-07-18,16.05642318725586,16.850218938777058,15.957698248928537,16.25686691896844,670517000
2022-07-19,16.944957733154297,17.062631077163257,16.127228231279975,16.440358091474902,702366000
2022-07-20,17.757699966430664,17.88335248572077,16.754486493931914,16.900082197018165,760538000
2022-07-21,18.00002670288086,18.093766321144624,17.496425663382336,17.835484504614854,557049000
2022-07-22,17.27105140686035,17.917256187628578,17.089554175506528,17.843461655137467,536671000
2022-07-25,16.97686767578125,17.076591197104143,16.602905897371375,16.971880453577725,480748000
2022-07-26,16.487228393554688,16.872159411075533,16.43238035984879,16.84224178303558,397865000
2022-07-27,17.740745544433594,17.886341221329417,16.866172897497414,16.984842903526864,569776000
2022-07-28,17.93421173095703,18.08977999214664,17.39171903743578,17.925237772890636,474646000
2022-07-29,18.112714767456055,18.193489890290078,17.64301808926749,17.763683382729887,435460000
2022-08-01,18.38994598388672,18.793825424102035,17.94019436661478,18.131662250640616,476469000
2022-08-02,18.474706649780273,18.885566611126666,18.041908238318054,18.071825862895118,489527000
2022-08-03,18.84069061279297,18.915483721167206,18.086783232155426,18.1336539858444,418146000
2022-08-04,19.161800384521484,19.22063704890321,18.708060200093033,18.796814489472666,409652000
2022-08-05,18.93642807006836,19.17576338661587,18.614322361680482,18.75792279078178,386068000
2022-08-08,17.743736267089844,18.188502488777342,17.19426311465401,17.453543487866224,981859000
2022-08-09,17.038698196411133,17.398698836090517,16.677700873007122,17.20423899397108,668263000
2022-08-10,18.046899795532227,18.067841567146683,17.26905848827763,17.649004232789324,597422000
2022-08-11,17.892322540283203,18.655205740612683,17.826505292941643,18.080800327074023,509327000
2022-08-12,18.657201766967773,18.666177625548745,17.903294316475968,18.109721945226894,478094000
2022-08-15,18.979307174682617,19.1109416861416,18.561468505502724,18.649224212452747,457666000
2022-08-16,18.82673454284668,19.089006932991676,18.449780750266285,18.867621402461417,451240000
2022-08-17,18.284236907958984,18.63626023321667,18.09476431039142,18.47171804037453,446799000
2022-08-18,18.721027374267578,18.812771727418596,18.13266064622917,18.25033399183685,415447000
2022-08-19,17.79958152770996,18.46872322543329,17.720799787166403,18.355038543269355,441588000
2022-08-22,16.986841201782227,17.509390657788362,16.91902867077679,17.441578126782925,409593000
2022-08-23,17.133434295654297,17.4166484395593,16.923018006184385,16.94196640912856,369986000
2022-08-24,17.174320220947266,17.357810823683003,16.84822587028311,16.96490062655106,522661000
2022-08-25,17.863407135009766,17.897313400062618,16.78639724119501,16.797366467637275,770691000
2022-08-26,16.214982986450195,17.874375614644485,16.192045948797936,17.807561673056387,769127000
2022-08-29,15.757253646850586,16.29276663412164,15.723348333249264,15.97564814658675,496132000
2022-08-30,15.425176620483398,15.994594931513266,15.139968172102677,15.915814125564097,530181000
2022-08-31,15.052210807800293,15.496976116815032,14.91758433882462,15.341407879469896,573710000
2022-09-01,13.898414611816406,14.340187972290808,13.233261435486058,14.169660919691056,1178865000
2022-09-02,13.60921573638916,14.13176414907431,13.553370076539666,14.060961579559567,743157000
2022-09-06,13.427721977233887,13.740852790055504,13.314037269416279,13.692985344440922,535751000
2022-09-07,13.680095672607422,13.803789664823167,13.313005420498245,13.529468955559182,512657000
2022-09-08,13.955413818359375,13.97336992015191,13.335949711141568,13.425726414837639,624873000
2022-09-09,14.351430892944336,14.438215695022928,14.091076486708564,14.121999030627672,486612000
2022-09-12,14.469138145446777,14.511034122553694,14.162897008334632,14.333474709676818,484159000
2022-09-13,13.09853744506836,13.887582320478687,13.06661696561573,13.767879095556324,714956000
2022-09-14,13.095545768737793,13.2571449823335,12.881077130493788,13.221233728873338,588507000
2022-09-15,12.8970365524292,13.200284898230091,12.758380252068209,12.982824382811994,523625000
2022-09-16,13.16537094116211,13.179336268504516,12.585807002502516,12.710497968812046,670751000
2022-09-19,13.348916053771973,13.429716127163072,12.97783599693244,12.979830907792524,569685000
2022-09-20,13.143425941467285,13.449667136036723,13.024720650726076,13.182330035591837,524818000
2022-09-21,13.228215217590332,13.996312044305188,13.07758850400222,13.180334501882477,807679000
2022-09-22,12.529947280883789,13.116493957539719,12.397276654319372,13.03768878499316,759162000
2022-09-23,12.48505687713623,12.579822277960686,12.22669736982,12.38929449653901,663309000
2022-09-26,12.197768211364746,12.627703351069655,12.18380288466906,12.460118479404896,547343000
2022-09-27,12.38231086730957,12.704512253671364,12.22769434741233,12.476078329732838,553854000
2022-09-28,12.704513549804688,12.791298357950701,12.323457977799615,12.379319288548018,542414000
2022-09-29,12.189787864685059,12.469095333793417,11.916465127536608,12.417223851541646,532763000
2022-09-30,12.108988761901855,12.601767882452046,12.045146859340639,12.057117275528151,565638000
2022-10-03,12.481067657470703,12.646657634128852,12.075073310975306,12.316475611950034,547478000
2022-10-04,13.13444995880127,13.18731938765851,12.847161810882275,12.847161810882275,584182000
2022-10-05,13.17634391784668,13.288067492068219,12.589798244962582,12.879081259534201,507131000
2022-10-06,13.097539901733398,13.622239538294219,13.07060622540916,13.187317554392024,644157000
2022-10-07,12.046146392822266,12.638677792000106,11.992279988471251,12.474085736672928,672478000
2022-10-10,11.641149520874023,12.094026663340596,11.379797153136787,12.00724185114814,698699000
2022-10-11,11.557356834411621,11.81671332375179,11.255105480239216,11.532418070127365,667482000
2022-10-12,11.471570014953613,11.705988711915621,11.316953468077253,11.550375185170276,492590000
2022-10-13,11.930432319641113,12.048140628446744,10.786267640804748,10.943877022867374,850103000
2022-10-14,11.199244499206543,12.081058872016744,11.176301596444594,12.027192471424224,713432000
2022-10-17,11.85860824584961,11.918460323463654,11.488526149600807,11.489523129293081,580774000
2022-10-18,11.937414169311523,12.4611158389974,11.589277019716143,12.313481973149718,659362000
2022-10-19,12.021206855773926,12.319468398644798,11.804743321043421,11.84963214701234,523131000
2022-10-20,12.16385269165039,12.737430913529549,12.07507202855851,12.083052622860917,652398000
2022-10-21,12.435178756713867,12.467100180494857,11.857610751557178,12.068088566789482,609494000
2022-10-24,12.567853927612305,12.678579584853372,12.034176655941128,12.477079284905395,517457000
2022-10-25,13.228215217590332,13.26711930987685,12.63269102706923,12.662617544617813,505482000
2022-10-26,12.864118576049805,13.354901886783574,12.676583621317251,12.837185850244591,532953000
2022-10-27,13.143425941467285,13.803789999892798,13.08955953917814,13.596304034739564,583113000
2022-10-28,13.799798011779785,13.815759201014696,13.028709325811903,13.071603238162181,521040000
2022-10-31,13.463631629943848,13.803789144395994,13.264126272475048,13.74393706149706,486341000
2022-11-01,13.509517669677734,13.890573215216364,13.4855768377865,13.77685473939127,432817000
2022-11-02,13.186319351196289,14.174869538553562,13.17833970749939,13.815759886644688,672628000
2022-11-03,13.387819290161133,13.74692988442399,12.92396969143258,13.01075449802835,500065000
2022-11-04,14.121004104614258,14.193823590572745,13.66313824443395,13.951424297335134,612576000
2022-11-07,14.265643119812012,14.3763687541529,13.919501841346959,14.192823644192917,410061000
2022-11-08,14.565901756286621,14.85418686064914,14.180855378354366,14.76440920283428,595292000
2022-11-09,13.741943359375,14.175868382440134,13.724985188452262,14.126988780724597,454414000
2022-11-10,15.711063385009766,15.734006289264514,14.51103733225041,14.76341213300267,700819000
2022-11-11,16.286630630493164,16.348477607470496,15.443720605223104,15.767916841966692,655487000
2022-11-14,16.254711151123047,16.499106232735553,15.882633238435714,16.177901866300843,527852000
2022-11-15,16.624797821044922,16.955975861509707,16.341499544736198,16.680659131421315,545876000
2022-11-16,15.870665550231934,16.321547735639033,15.833757322153295,16.12204333727618,649547000
2022-11-17,15.638243675231934,16.22578826120925,15.496594526959475,15.67614983892832,710894000
2022-11-18,15.370905876159668,15.962440257527843,15.082619839364542,15.926528055174298,492072000
2022-11-21,15.279131889343262,15.43873616621096,15.0427173645285,15.1095521073422,404739000
2022-11-22,15.998348236083984,16.018299245315394,15.0846125617215,15.290103580749188,472866000
2022-11-23,16.478160858154297,16.486142404800624,16.008326496462395,16.05820212549382,427241000
2022-11-25,16.22977638244629,16.44623895293213,16.13201909254946,16.277658047637875,167934000
2022-11-28,15.787872314453125,16.31656273871607,15.68612519322037,15.98637975502715,303741000
2022-11-29,15.600334167480469,15.892609976708865,15.481628899896846,15.787869083406857,298384000
2022-11-30,16.885480880737305,16.892465330806235,15.56242050073122,15.662198222921692,565298000
2022-12-01,17.09701156616211,17.22672251600334,16.59812007687738,16.961313400800822,470977000
2022-12-02,16.83858299255371,16.895457726979757,16.408538823613274,16.622065055941654,371389000
2022-12-05,16.57317543029785,16.95732209492753,16.435480895818028,16.64202269753776,352255000
2022-12-06,15.951555252075195,16.53625550550943,15.783927508680161,16.493351572776334,352694000
2022-12-07,16.084259033203125,16.150112680566554,15.632262419910722,15.737030105203344,372388000
2022-12-08,17.130939483642578,17.140917543492012,15.923620885545601,16.236925874832792,515456000
2022-12-09,16.963308334350586,17.544018774553155,16.93736690492108,17.121956228129644,465338000
2022-12-12,17.496126174926758,17.49911978299442,16.759763296368646,16.999231007459425,457328000
2022-12-13,18.031932830810547,18.748341354532826,17.67173314781312,18.48991481040543,656589000
2022-12-14,17.634815216064453,18.211534767204142,17.38137864220524,17.94712099776623,496888000
2022-12-15,16.91441535949707,17.281599496574888,16.662975165285864,17.107985485394817,478542000
2022-12-16,16.534259796142578,17.003218983176044,16.373617447522786,16.826611361927757,478232000
2022-12-19,16.21796226501465,16.572174722426883,16.109204679647327,16.535258005172167,354039000
2022-12-20,16.04933738708496,16.27383892516191,15.816855115740298,16.02838403707244,403260000
2022-12-21,16.464418411254883,16.59014043707696,16.066302786245483,16.078277218761983,325025000
2022-12-22,15.304991722106934,16.102221001275094,14.849005155476785,16.058317929250357,565045000
2022-12-23,15.172287940979004,15.304992495444772,14.850004092190744,15.162309883054668,349326000
2022-12-27,14.089693069458008,15.066522651056324,14.024836646016347,15.04058027199165,464902000
2022-12-28,14.0048828125,14.230381609035915,13.853219366158653,13.89612425706417,351066000
2022-12-29,14.570625305175781,14.650447871616409,14.195459433216843,14.370071654140734,354923000
2022-12-30,14.5816011428833,14.59656727894766,14.201445300640174,14.302221216588292,310490000
2023-01-03,14.28326416015625,14.96275513554216,14.06474980589438,14.81807613433421,401277000
2023-01-04,14.716300010681152,14.820069526606867,14.209426861493185,14.534704309371103,431324000
2023-01-05,14.23337459564209,14.531711494421922,14.116633408077806,14.458873382334806,389168000
2023-01-06,14.826058387756348,14.976723649540899,14.002887570575863,14.441911689218768,405044000
2023-01-09,15.593353271484375,16.020403900966134,15.107432477127848,15.250116050155102,504231000
2023-01-10,15.873730659484863,15.926612657782302,15.437699200244237,15.472621454131234,384101000
2023-01-11,15.965523719787598,15.992464284529852,15.528495081310508,15.804881372380587,353285000
2023-01-12,16.47439193725586,16.600112025362304,15.45765118323187,16.06430389569738,551409000
2023-01-13,16.861534118652344,16.884483841910928,16.129162184625386,16.241910621869895,447287000
2023-01-17,17.66275405883789,17.68869739083552,16.861534824609727,16.861534824609727,511102000
2023-01-18,17.33847427368164,17.83337297862017,17.243683680111356,17.627830325283927,439624000
2023-01-19,16.727827072143555,17.158870328406007,16.693903966162893,16.9982261040619,452932000
2023-01-20,17.799449920654297,17.816412427942808,16.787698117134013,16.973284656262667,564967000
2023-01-23,19.150449752807617,19.202334514054723,17.77849813911899,18.0239511412495,655163000
2023-01-24,19.222286224365234,19.451777728959655,18.778273155345232,18.7852576049282,496204000
2023-01-25,19.280162811279297,19.32705950006516,18.538809936927446,18.871071892196763,449537000
2023-01-26,19.758100509643555,20.12129386890338,19.235262010529773,19.65732458647775,489535000
2023-01-27,20.31985092163086,20.582268342414245,19.36198013839365,19.418852978689333,542142000
2023-01-30,19.11952018737793,20.095350783793005,19.107545755024255,19.90577336731511,488611000
2023-01-31,19.493684768676758,19.64335181995639,18.907986325068734,19.127497873404206,498017000
2023-02-01,20.896570205688477,21.145016818201913,19.567522516028927,19.647345080075983,660477000
2023-02-02,21.66086769104004,21.90033534849852,20.654105914331332,20.953440010374486,564276000
2023-02-03,21.0532169342041,21.69678728086083,20.742905669015506,20.953438276075058,429366000
2023-02-06,21.042247772216797,21.522180421955568,20.739918102623005,20.7598742206852,452197000
2023-02-07,22.123844146728516,22.209653931499272,21.10311135974189,21.33459738007037,664150000
2023-02-08,22.155773162841797,22.82728150904177,21.95920939412325,22.337368891274036,559651000
2023-02-09,22.287477493286133,22.96896380674192,22.07095953858251,22.555882109825383,523876000
2023-02-10,21.217851638793945,22.02904881959799,20.7648596572667,21.64191049076745,550737000
2023-02-13,21.73969268798828,21.99911645552033,20.91552384659178,21.49024697725974,474919000
2023-02-14,22.92007064819336,22.997896827890425,21.318627718423105,21.530157577256894,675474000
2023-02-15,22.713533401489258,22.804331263638748,22.056993110518953,22.49900989243005,420575000
2023-02-16,21.953224182128906,22.50000774301944,21.87838968971364,22.08393238042942,412026000
2023-02-17,21.34058380126953,21.691802710091036,20.928499305845392,21.583045106514625,465888000
2023-02-21,20.609209060668945,21.446347815635267,20.57229043408108,20.953443519073346,410015000
2023-02-22,20.707984924316406,21.05720930150761,20.375723053454355,20.661090150563847,513184000
2023-02-23,23.61153221130371,23.835036491709413,22.97394905021416,23.388029834017708,1117995000
2023-02-24,23.234371185302734,23.421955993730073,22.89612399551086,23.17350751127071,589716000
2023-02-27,23.448898315429688,23.8270577925176,23.40200353334105,23.61752427082776,452994000
2023-02-28,23.164527893066406,23.772178848920596,23.154549835484183,23.320182165733303,455963000
2023-03-01,22.64767837524414,23.204441849787724,22.458099073317108,23.140582657134395,460026000
2023-03-02,23.262313842773438,23.328167510652396,22.38226919901642,22.438146710867823,389415000
2023-03-03,23.8370361328125,23.847014191551843,23.078720796703625,23.26830010651087,412393000
2023-03-06,23.501781463623047,24.19424120106475,23.434928663312892,23.838034225602097,437429000
2023-03-07,23.24031639099121,24.07560247170694,23.193411743392723,23.551677824513874,515154000
2023-03-08,24.131486892700195,24.150448993437568,23.37603695159869,23.438907679098733,513573000
2023-03-09,23.388011932373047,24.403927067293445,23.335119057261018,24.12549713017086,501257000
2023-03-10,22.91797637939453,23.57862150456227,22.679465442665016,23.36106747628327,474866000
2023-03-13,22.918973922729492,23.250294843227117,22.25134506080111,22.705413316762304,421890000
2023-03-14,24.013731002807617,24.169411731602075,23.411964998999608,23.44789249237886,474910000
2023-03-15,24.178394317626953,24.2362742238191,23.312171498969583,23.71234953099833,524486000
2023-03-16,25.48870277404785,25.535605516897093,23.845073897032023,23.977802891862606,583253000
2023-03-17,25.672327041625977,26.34494677671912,25.615442640620632,25.928800789668877,848547000
2023-03-20,25.846965789794922,25.970712430849073,25.07854201438664,25.562549518958868,432747000
2023-03-21,26.145353317260742,26.337958914805075,25.329029397408142,26.126393120823032,547408000
2023-03-22,26.413806915283203,27.532511945846586,26.18327899167826,26.370893785694037,797295000
2023-03-23,27.13532257080078,27.442692460706514,26.635348987272323,27.059477978352234,564889000
2023-03-24,26.72416877746582,27.111374826778054,26.301037139360137,26.975653609349873,454920000
2023-03-27,26.4766788482666,26.944718450224425,26.311018361963345,26.782052080395054,361026000
2023-03-28,26.355924606323242,26.45871435039119,25.7970717555382,26.392849502534016,356104000
2023-03-29,26.928743362426758,27.022550738950102,26.542536701119406,26.770070458700065,393694000
2023-03-30,27.32693099975586,27.44269460926943,27.04650622795167,27.17324699449219,364516000
2023-03-31,27.72012710571289,27.777009606558664,27.04950214041425,27.084430325748205,433933000
2023-04-03,27.90774154663086,27.942669731519793,27.28002971948546,27.45267583533266,398716000
2023-04-04,27.396785736083984,27.94266656976958,27.251084780335454,27.908735793018696,368592000
2023-04-05,26.825958251953125,26.942717354778598,26.340953337844432,26.774064682882994,515015000
2023-04-06,26.981639862060547,27.02455108460632,26.372888285157632,26.529566401792227,397654000
2023-04-10,27.522533416748047,27.56444724045996,26.61439676276979,26.768080783046805,395279000
2023-04-11,27.113370895385742,27.7330996597478,27.070457767266205,27.66723481289394,314378000
2023-04-12,26.440750122070312,27.4117573972983,26.393845475280525,27.313958486817846,446259000
2023-04-13,26.408811569213867,26.831943139385213,26.275087085274208,26.67925655636213,353615000
2023-04-14,26.703210830688477,26.827954885781043,26.166312310977247,26.44973120006375,395660000
2023-04-17,26.946712493896484,26.950704014318593,26.378877313961777,26.510607005107396,321471000
2023-04-18,27.610353469848633,28.052447248564135,27.30098870725132,27.476628952799295,604812000
2023-04-19,27.873807907104492,27.94266686552096,27.176239781728775,27.304975350464428,358660000
2023-04-20,27.04850196838379,27.972606485594795,26.944714827313312,27.614340416338198,427713000
2023-04-21,27.063472747802734,27.127342787585114,26.66728625337911,26.896814866617028,345103000
2023-04-24,26.986629486083984,27.309965480209698,26.61638884445198,26.957689535565127,339282000
2023-04-25,26.187267303466797,27.191207903080986,26.171301222877446,27.02255332861515,378527000
2023-04-26,26.900800704956055,27.27403540128356,26.650315233944067,26.946707940661295,406337000
2023-04-27,27.170255661010742,27.438705899036655,26.57048635253724,27.30697619433551,377161000
2023-04-28,27.692184448242188,27.70116489389645,27.015571252856407,27.1692571711631,292216000
2023-05-01,28.850801467895508,28.998499127200773,27.72311618189631,27.782992788233905,570329000
2023-05-02,28.152236938476562,28.776956510510566,28.025498077141993,28.621275795478528,402730000
2023-05-03,27.745075225830078,28.308918916724693,27.415750979636734,27.782997527115576,383387000
2023-05-04,27.505563735961914,27.801954572191782,27.184222567509938,27.594380294690612,321850000
2023-05-05,28.621274948120117,28.696120235561477,27.67421872062941,27.76902351276572,361494000
2023-05-08,29.091310501098633,29.16016946274796,28.291951910306917,28.46359870886539,344979000
2023-05-09,28.51249885559082,28.913676170511692,28.3917482221622,28.839828282414175,314869000
2023-05-10,28.825855255126953,29.053389041510602,28.402723651406696,28.94560847700235,369350000
2023-05-11,28.519485473632812,28.89072544575844,28.18816641833993,28.83683515837139,322149000
2023-05-12,28.281972885131836,28.721072500751447,27.988574237391727,28.470585077894096,274222000
2023-05-15,28.893712997436523,28.909680980904948,28.094354488734744,28.44962451405931,293926000
2023-05-16,29.153181076049805,29.808837256233236,28.772962619924,28.78194306415263,449405000
2023-05-17,30.116207122802734,30.137164031905737,29.369739532230806,29.523423532319487,432535000
2023-05-18,31.613134384155273,31.76282685759254,30.25791527609372,30.34773114084469,748725000
2023-05-19,31.19998550415039,31.515338464823536,30.85269847604877,31.471427932457345,473908000
2023-05-22,31.112165451049805,31.455460948812917,30.617180758045432,30.837727010931786,372000000
2023-05-23,30.625167846679688,31.22393976257645,30.568285342667394,30.93652931908374,356253000
2023-05-24,30.47547149658203,30.544330458079507,29.744969965607368,30.14814207840876,721419000
2023-05-25,37.90224075317383,39.399169710914755,36.55999323619556,38.4441283049537,1543911000
2023-05-26,38.86625671386719,39.08979709643769,37.47311513309701,37.812419131021514,714397000
2023-05-30,40.028873443603516,41.852132355940626,39.867206384616175,40.51188361880298,923401000
2023-05-31,37.756534576416016,40.212494220771234,37.7445581109248,39.40714734389047,1002580000
2023-06-01,39.688568115234375,39.967993574032356,38.2614958531395,38.410189027460895,635873000
2023-06-02,39.2464714050293,40.4170698367897,38.97802122010776,40.014895164925456,482731000
2023-06-05,39.09079360961914,39.48398404045427,38.627743010740026,38.82932905392205,396094000
2023-06-06,38.574859619140625,39.07982415887529,38.06989507940597,38.75050177628396,388729000
2023-06-07,37.402137756347656,39.42220466810125,37.283369639735355,38.839340474852015,511998000
2023-06-08,38.43511962890625,38.788431404042456,37.43207648828261,37.650648624822814,417772000
2023-06-09,38.69462585449219,39.63379449273271,38.4920213997438,38.96110506142162,427717000
2023-06-12,39.40523147583008,39.45313848189554,38.542912981212005,39.12378209838564,388701000
2023-06-13,40.942237854003906,41.0210866253636,39.66273283742683,40.107864800357326,613208000
2023-06-14,42.91340255737305,42.91639507972652,40.47315286932789,40.744627187256896,740465000
2023-06-15,42.570072174072266,43.20483722073351,42.06505544214176,42.51917264005908,568622000
2023-06-16,42.60898971557617,43.635988226566326,42.578047952217986,43.36551525859182,655709000
2023-06-20,43.722816467285156,43.904465593885135,42.591022593471955,42.91439390339564,451153000
2023-06-21,42.96131134033203,43.530206665673255,41.9981911201456,43.41642607769267,551603000
2023-06-22,42.94134521484375,43.3415626918256,42.15188284213235,42.170843097037455,417737000
2023-06-23,42.12693405151367,42.725765968157205,41.9333109957247,42.38143932936339,358140000
2023-06-26,40.55299758911133,42.680852228000454,40.02203048498169,42.378439961624785,594322000
2023-06-27,41.794578552246094,41.858453292545065,40.369357466339395,40.71967293420545,462175000
2023-06-28,41.037052154541016,41.76363726159132,40.43921783251657,40.58094002022697,582639000
2023-06-29,40.74263381958008,41.51912113593417,40.52106530278883,41.47720297369155,380514000
2023-06-30,42.219757080078125,42.46727602955201,41.420315646901514,41.59896849845373,501148000
2023-07-03,42.33052444458008,42.81458195203503,42.11993620443262,42.43432230383558,198209000
2023-07-05,42.23472213745117,43.09304679541421,42.003170973529485,42.05307299440359,323618000
2023-07-06,42.02114486694336,42.09699732253943,41.265616640980895,41.76264953628558,303582000
2023-07-07,42.42036056518555,43.129980526432945,42.097990517388034,42.239712723775206,355881000
2023-07-10,42.097984313964844,42.72775789742395,41.56801476475212,42.57405800948138,353908000
2023-07-11,42.322547912597656,42.67486219078261,41.98520766702778,42.398400353937646,298244000
2023-07-12,43.81663513183594,43.84957190915323,42.693822639384614,42.94932537767914,481277000
2023-07-13,45.887611389160156,46.065262910266576,44.40549795947818,44.43144838419821,478204000
2023-07-14,45.3806037902832,47.99451157705396,44.97239854645831,46.492436437565786,772075000
2023-07-17,46.37066650390625,46.40559830268811,45.1740001632929,46.1990038397671,510488000
2023-07-18,47.40165710449219,47.8028759240553,45.645080740043866,46.61019966194242,569164000
2023-07-19,46.985469818115234,47.72503024968798,46.65112205838491,47.37171842574284,427502000
2023-07-20,45.431495666503906,46.99545027981004,44.974385975713794,46.41657614955658,537865000
2023-07-21,44.22285079956055,45.77682663388391,44.014257511133955,45.698975360580505,963769000
2023-07-24,44.52525329589844,45.021288544388135,43.95436692767747,44.64402138745575,382516000
2023-07-25,45.590187072753906,46.093204951452925,44.835656447425045,44.85362300335587,348081000
2023-07-26,45.363624572753906,45.96345774796509,44.54322423850326,45.93151847506049,364237000
2023-07-27,45.81075668334961,47.30284884094631,45.66104681024001,46.42855262404122,455976000
2023-07-28,46.65910720825195,46.93556908272483,46.2908251472219,46.577265904182916,331194000
2023-07-31,46.63814163208008,47.03836291442901,46.41557565297474,46.66309454574556,251055000
2023-08-01,46.41657638549805,46.8088138287661,45.93751010661882,46.369666884333206,237858000
2023-08-02,44.18292999267578,45.75087468728102,43.302644871740895,45.74189331269121,530142000
2023-08-03,44.42844772338867,45.03027593449394,43.71483776411609,43.71483776411609,324176000
2023-08-04,44.593135833740234,45.55326355445046,44.306695052607424,44.89754317360456,362666000
2023-08-07,45.32870101928711,45.45146298171195,44.47636125716046,45.02329618186399,322154000
2023-08-08,44.5771598815918,45.154035175235585,43.97034032891443,44.765791580742274,353843000
2023-08-09,42.47126007080078,44.2258412871121,42.05207472701769,44.18791316298273,586449000
2023-08-10,42.30558776855469,43.48928271463046,41.753661535765616,42.07803041712352,492705000
2023-08-11,40.77556228637695,41.93630299373014,40.55998266636193,41.669820039034846,533085000
2023-08-14,43.667930603027344,43.714840105511556,40.23262525589616,40.40728424676243,690286000
2023-08-15,43.85457229614258,45.17999337738196,43.625019909517064,44.4733696589914,676512000
2023-08-16,43.40144348144531,44.58813070182248,43.32159721036821,44.43343331071029,527451000
2023-08-17,43.25971984863281,43.97632221329704,42.91738449342878,43.88450205046222,452395000
2023-08-18,43.21480941772461,43.49326626137414,41.57899634242321,42.55209903416188,583768000
2023-08-21,46.87568664550781,46.97349568922654,44.13602449197177,44.40749503476182,692573000
2023-08-22,45.579200744628906,48.09330371430153,45.24485304459103,48.04140287567031,755293000
2023-08-23,47.02439498901367,47.108231304990525,45.120103708429646,45.77682532419549,779046000
2023-08-24,47.0713005065918,50.16826807045973,47.06731047667301,50.11836604551162,1156044000
2023-08-25,45.92852783203125,47.71205208326433,44.936457196698406,46.92059466008382,925341000
2023-08-28,46.74393844604492,46.88865698143186,44.800725372190506,46.3916241394205,685192000
2023-08-29,48.689151763916016,48.9855752028849,46.30080281747559,46.57526966972096,701397000
2023-08-30,49.168212890625,49.82992198159772,48.330843509784565,48.94863943193041,735206000
2023-08-31,49.259037017822266,49.64728061160453,48.86280955740575,49.283989932424504,528570000
2023-09-01,48.4146842956543,49.70317460901009,48.04839726391632,49.665250288293905,463830000
2023-09-05,48.45360565185547,48.75601791251672,47.76694364415611,48.1292368066892,382653000
2023-09-06,46.97336196899414,48.4585899209421,46.49325871140174,48.35079314460042,468670000
2023-09-07,46.15489959716797,46.257708449088824,45.067926633125616,45.44023319735737,433330000
2023-09-08,45.48713684082031,46.51921177692775,45.18669865684588,45.8564505879392,473069000
2023-09-11,45.093868255615234,46.07703073193703,44.22947984502411,46.06205927503978,473966000
2023-09-12,44.78644561767578,45.587951736657104,44.44807617569655,44.6546914479524,349256000
2023-09-13,45.40031051635742,45.84448165087657,44.42013668198633,44.51695619617833,398355000
2023-09-14,45.49612045288086,45.90136263395265,45.0469576802591,45.86443278415264,370097000
2023-09-15,43.8182487487793,45.514082288276775,43.726417212467545,45.25656332752661,506831000
2023-09-18,43.88412857055664,44.15961559349167,41.921789942113186,42.66839815481211,500271000
2023-09-19,43.438961029052734,43.8841296709857,42.921924053303314,43.7513779115944,373064000
2023-09-20,42.160343170166016,43.821246018935675,42.14437412203361,43.51880884841662,367108000
2023-09-21,40.94062042236328,42.021603947761406,40.903690569058845,41.505568360727295,450736000
2023-09-22,41.53252029418945,42.0365810200349,41.154224400495224,41.494589042058344,479236000
2023-09-25,42.14337921142578,42.4567936946112,41.1003231092512,41.51355366859355,419091000
2023-09-26,41.83295440673828,42.74026210135053,41.577430601284675,41.92278696484624,402282000
2023-09-27,42.388916015625,42.79216683776979,41.55148148041127,42.25117631483952,444935000
2023-09-28,43.008766174316406,43.36509986355093,42.03658080053992,42.38093579889095,424663000
2023-09-29,43.41800308227539,44.061802514667,43.226359256277895,43.74539144535937,397830000
2023-10-02,44.698604583740234,45.09087045109625,43.779318317844606,43.94800231209444,433298000
2023-10-03,43.43596649169922,45.045965740925496,43.16547120468859,44.7245629218231,470850000
2023-10-04,43.958988189697266,44.06079943552314,43.21138241263282,43.6605451941074,361821000
2023-10-05,44.60478210449219,44.816389117042256,43.80627261934712,43.96796969540584,393483000
2023-10-06,45.67678451538086,45.70373466330227,43.944017177662325,44.11070601288464,434436000
2023-10-09,45.188690185546875,45.52007265706839,44.285376719881796,44.7584930492937,409675000
2023-10-10,45.71272659301758,46.17286677038151,45.00404949375793,45.225636261945006,368582000
2023-10-11,46.71884536743164,46.77174808079545,45.96425254771436,46.109980599288626,378137000
2023-10-12,46.85758590698242,47.52035097000379,46.243733198035265,46.68989946190785,481325000
2023-10-13,45.37635040283203,47.02827139098628,45.19568766753486,46.87255982126832,474115000
2023-10-16,46.0091667175293,46.13892190023753,44.82836714020883,44.97908693457242,375099000
2023-10-17,43.8561897277832,44.670672271855,42.40090425613856,43.91807456153945,812333000
2023-10-18,42.1174201965332,43.13851774775219,41.74711270086322,42.51168506984707,627294000
2023-10-19,42.02260971069336,43.216381906827145,41.8040157217801,42.731286777485096,501233000
2023-10-20,41.3099365234375,42.39092011000652,41.00150997673177,41.81199826924351,477266000
2023-10-23,42.89497756958008,43.1674718539468,40.86875871685224,41.152230295210934,478530000
2023-10-24,43.58169174194336,43.615628825296106,42.611505424258,42.996784415979555,401463000
2023-10-25,41.70119857788086,43.56871659941446,41.47761668487891,43.317183162193714,398379000
2023-10-26,40.250911712646484,42.177318286010724,39.80574303401105,41.77506880872993,541001000
2023-10-27,40.424583435058594,41.1292700454015,39.94048596248548,41.053411354619094,416784000
2023-10-30,41.084354400634766,41.68822738791205,40.405620307517786,41.01049469201982,388028000
2023-10-31,40.70405578613281,40.802874255163,39.15694305189198,40.374672312145435,517969000
2023-11-01,42.24618148803711,42.3020769589568,40.792891628938285,40.807863086135576,437593000
2023-11-02,43.424991607666016,43.802286120371775,42.81413164942189,43.24732164549146,409172000
2023-11-03,44.92119598388672,45.22462694220357,43.64158173973637,43.93802957100558,424610000
2023-11-06,45.66581344604492,45.8494727665492,44.815398638194424,45.200681510034094,400733000
2023-11-07,45.86942672729492,46.131933661639785,45.07390997743288,45.63386613375853,343165000
2023-11-08,46.487274169921875,46.779727832903724,45.8823998221808,46.01415398971753,346719000
2023-11-09,46.86258316040039,48.14019867190769,46.662954784828734,47.37861883692437,540496000
2023-11-10,48.24500274658203,48.38174869797084,47.19496335402622,47.41155837114357,421245000
2023-11-13,48.52946090698242,49.02453947075824,48.009431181663935,48.23002031531456,384136000
2023-11-14,49.563533782958984,49.74120373030796,48.948683517262864,49.58749116388393,416954000
2023-11-15,48.79696273803711,49.86696509098912,48.11024418489581,49.8420139297863,475497000
2023-11-16,49.38786315917969,49.432781344923285,48.240006851203624,48.588356005845505,339756000
2023-11-17,49.20620346069336,49.62442196935827,48.915744960766254,49.43178055903223,325205000
2023-11-20,50.31513214111328,50.45387324372552,49.08941820057832,49.22017477900762,414120000
2023-11-21,49.85099792480469,50.42292897370047,49.130342262240724,50.03265822480747,565747000
2023-11-22,48.62528610229492,50.2412708632355,47.6011956303171,49.7591723537565,899420000
2023-11-24,47.68703842163086,48.829906801279186,47.656094105123046,48.37974638442562,294645000
2023-11-27,48.15217590332031,48.43963786164908,47.56327430743016,47.710997549377275,395662000
2023-11-28,47.73195266723633,48.233020614585215,47.38460109717888,48.146180818273855,401491000
2023-11-29,48.05035400390625,48.67119737228817,47.77087663297862,48.288911166313994,382005000
2023-11-30,46.68291091918945,48.02041588268528,46.335559349897565,47.934573676190574,526247000
2023-12-01,46.67791748046875,47.11210883022558,46.10099466756543,46.43836652084653,369317000
2023-12-04,45.425254821777344,45.99120035967438,44.926185864436995,45.99120035967438,437543000
2023-12-05,46.483375549316406,46.51731180808335,45.19067140687653,45.385325095795785,371718000
2023-12-06,45.42225646972656,47.302916124514056,45.33141833887503,47.13122044302318,380590000
2023-12-07,46.51332092285156,46.54626331215597,45.52308054469381,45.618910872891085,350823000
2023-12-08,47.42171096801758,47.65629461849747,46.467405912391875,46.51232804934258,359224000
2023-12-11,46.544273376464844,47.44666883134117,45.748690336704186,47.40674269328456,509728000
2023-12-12,47.57244873046875,47.581431635575925,45.96430689603469,45.96430689603469,372387000
2023-12-13,48.00267791748047,48.50778063121328,47.52353004634861,47.54449269431196,447792000
2023-12-14,48.26420593261719,48.58363781796952,47.33785498826681,48.30413587026834,391232000
2023-12-15,48.803253173828125,49.31634111544804,48.034618938742405,48.10848894942567,479948000
2023-12-18,49.98815155029297,50.343518919127504,49.062798119752,49.3123545622575,412587000
2023-12-19,49.515987396240234,49.61181773302037,48.80824574504592,49.33630646675969,464444000
2023-12-20,48.025638580322266,49.91028926259113,48.012661158302954,49.56689784156496,397894000
2023-12-21,48.903079986572266,49.00789323083867,48.33309014213933,48.72439672866285,300425000
2023-12-22,48.74335479736328,49.29537111268927,48.380996155276534,49.10770498591239,252507000
2023-12-26,49.191566467285156,49.51199608268566,48.87313220671744,48.881117433977685,244200000
2023-12-27,49.32931900024414,49.59185284551433,48.997907338293054,49.42315398247824,233648000
2023-12-28,49.43412780761719,49.795484989479434,49.324322381717465,49.55491529927827,246587000
2023-12-29,49.43412780761719,49.90828725509975,48.66449595698359,49.72461182444803,389293000
2024-01-02,48.08253479003906,49.20753405733888,47.510553413556266,49.156625856562634,411254000
2024-01-03,47.48460006713867,48.09850675959303,47.23604131164446,47.40074947125083,320896000
2024-01-04,47.912841796875,48.41395003873669,47.42370949212884,47.68224884044641,306535000
2024-01-05,49.0098876953125,49.459090025386296,48.22029079492016,48.37601604637922,415039000
2024-01-08,52.160282135009766,52.18224626703925,49.391205977221674,49.42414836733732,642510000
2024-01-09,53.04571533203125,54.22861420741035,51.598287244233845,52.30802809263291,773100000
2024-01-10,54.25356674194336,54.50312317370562,53.39409433002728,53.52087170860792,533796000
2024-01-11,54.724727630615234,55.247799966123495,53.46496957614301,54.9014155282273,596759000
2024-01-12,54.6129264831543,54.87246729450568,54.23360346337735,54.523086018906326,352994000
2024-01-16,56.28196334838867,56.734158722808395,54.80259436306696,54.920385030235444,449580000
2024-01-17,55.95354461669922,56.37080221365978,54.642874592370525,56.24702168282456,474394000
2024-01-18,57.005672454833984,57.497797746406825,56.00744677307047,57.15840086229008,491650000
2024-01-19,59.38544845581055,59.394431360297894,57.12346628511491,57.88611068736901,543501000
2024-01-22,59.54815673828125,60.223957503871716,58.96519328035112,59.94245635666948,452955000
2024-01-23,59.76676940917969,59.803702511682395,58.48105267598879,59.46430561582059,294654000
2024-01-24,61.25312805175781,62.73748925623283,59.83165479543139,60.197006547482026,560271000
2024-01-25,61.507667541503906,62.60771334377325,60.74202640224238,62.23936480631996,482777000
2024-01-26,60.922706604003906,61.67337498834804,60.4655228910145,60.85183343731232,390309000
2024-01-29,62.354164123535156,62.37811980223714,60.798929932553925,61.12335021592604,348733000
2024-01-30,62.66261672973633,63.38034275629544,62.14952879417416,62.788396424260334,410735000
2024-01-31,61.41783142089844,62.15851544921119,60.59229912426738,61.330983989988475,453795000
2024-02-01,62.91516876220703,63.07887923181449,61.5406131324354,61.98981163068563,369146000
2024-02-02,66.04261779785156,66.48183193924027,63.57699522405565,63.8604917267368,476578000
2024-02-05,69.208984375,69.37369252800232,67.08575942583846,68.10394628020288,680078000
2024-02-06,68.1019515991211,69.630233381063,66.18236704818828,69.50645284574946,683111000
2024-02-07,69.97462463378906,70.09541214076467,67.48005798042527,68.19778404882926,495575000
2024-02-08,69.51742553710938,70.66837949372972,69.33175856710787,69.9496558671256,414422000
2024-02-09,72.0050277709961,72.0569298484953,70.08743069197543,70.40786033375117,436637000
2024-02-12,72.11980438232422,74.4786104438433,71.12357413495056,72.47117717433613,613710000
2024-02-13,72.0000228881836,73.31967588505927,69.49647717607553,70.2750920169868,602580000
2024-02-14,73.76889038085938,74.10429279758857,71.81037331243682,73.0721307009838,504917000
2024-02-15,72.5290756225586,73.8437401296513,72.27153779440317,73.73793302512789,420122000
2024-02-16,72.4841537475586,74.2699807907232,72.37235296886776,73.96851471281462,495327000
2024-02-20,69.32878112792969,71.82833631589585,67.61382690331146,71.81934960299229,704833000
2024-02-21,67.352294921875,68.7657830962581,66.1304674517911,67.8853441158395,673755000
2024-02-22,78.3986587524414,78.43558804957509,74.08831901858908,74.89189108055353,865100000
2024-02-23,78.67715454101562,82.24780364536768,77.4323654765101,80.64665337566204,829388000
2024-02-26,78.95166015625,80.50290355503131,78.3656961376025,79.55857539682756,503973000
2024-02-27,78.56136322021484,79.338988045559,77.02509990421383,79.24015705268404,391705000
2024-02-28,77.52519226074219,78.79293534780788,76.98814490868608,77.48226929356848,393110000
2024-02-29,78.97163391113281,79.84807446200602,78.2109848648127,78.95366810218512,507289000
2024-03-01,82.13301849365234,82.15398495162512,79.29406260115205,79.8580626053772,479135000
2024-03-04,85.08576202392578,87.53940093463996,83.57045769196934,83.98072393894745,615616000
2024-03-05,85.81549835205078,85.94827183043155,83.27290109267872,85.12269695886387,520639000
2024-03-06,88.54676818847656,89.56900130568565,86.87965493223747,87.8699456446009,582520000
2024-03-07,92.50891876220703,92.60674904676837,89.44721547430589,90.00225477502153,608119000
2024-03-08,87.37679290771484,97.23174040772027,86.35655527181379,94.97364703765751,1142269000
2024-03-11,85.62582397460938,88.64359662209651,84.02060015441661,86.27969121669621,678364000
2024-03-12,91.75422668457031,91.80114256968415,86.0011815049168,87.8969031445505,668075000
2024-03-13,90.7309799194336,91.34591302025892,88.2822148639796,90.89769122292586,635713000
2024-03-14,87.79206848144531,90.48940398821422,86.45038860441925,89.42225054534444,602318000
2024-03-15,87.68527221679688,89.39131979974543,86.10800722766477,86.77984124405515,642086000
2024-03-18,88.30218505859375,92.24535790675833,86.93454915835915,90.23184422557269,668976000
2024-03-19,89.24357604980469,90.38759254394184,84.86315541638959,86.5502309225731,672171000
2024-03-20,90.21588897705078,90.25382534481801,88.07059918494765,89.64187768825083,479063000
2024-03-21,91.27703094482422,92.4879403765992,90.24881163098036,92.14054202127372,480372000
2024-03-22,94.12611389160156,94.61426754269417,90.67708069798141,90.9835495525749,586719000
2024-03-25,94.83788299560547,96.59883562555477,93.34846365413705,93.77871885813295,552136000
2024-03-26,92.4011001586914,96.20851455285562,92.34220396856466,95.68541767838448,513648000
2024-03-27,90.09410095214844,93.07893385392306,88.96904884364167,92.95115660792449,586067000
2024-03-28,90.19990539550781,91.14227480173439,89.03891256279711,89.8445176119648,435212000
2024-04-01,90.20689392089844,92.0656767674512,89.04989954343785,90.14300911365386,452441000
2024-04-02,89.29747009277344,89.93835929549583,87.46863424504667,88.295199136712,433064000
2024-04-03,88.8103256225586,90.21789372586332,88.24730447420946,88.33115901188768,370067000
2024-04-04,85.75658416748047,90.4774179638533,85.73162583573242,90.24980742241583,434965000
2024-04-05,87.8559799194336,88.32816244191248,85.7775755946387,86.71594667786945,399678000
2024-04-08,86.98246765136719,88.67653442305598,86.5821594652945,88.54675414355297,283220000
2024-04-09,85.20654296875,87.4836082761363,82.87857850073121,87.29094090122678,501700000
2024-04-10,86.88863372802734,87.24901012884979,83.56438477591776,83.78101275251376,431929000
2024-04-11,90.45945739746094,90.58224601063488,86.77583708331596,87.2689793680449,431637000
2024-04-12,88.03366088867188,90.01923104025528,87.37879585703206,89.54404775764081,426805000
2024-04-15,85.85243225097656,90.45646450816476,85.78055803275619,88.94408228829708,443077000
2024-04-16,87.26399230957031,87.965773191981,85.91532822119116,86.28368645109244,370453000
2024-04-17,83.88983154296875,88.62164096734257,83.80497167986917,88.18738725935935,495400000
2024-04-18,84.52472686767578,86.0411075798554,82.25964941091485,84.82321393436638,447260000
2024-04-19,76.06836700439453,84.17833393456459,75.47539894537725,83.00636595540483,875198000
2024-04-22,79.38063049316406,79.93467203595871,76.26802061217705,77.96907171420484,596341000
2024-04-23,82.2806167602539,82.62601974052421,80.1253496885507,80.62947459576492,438559000
2024-04-24,79.53936767578125,83.93675724779338,79.04621772256601,83.80498148732187,512208000
2024-04-25,82.4892578125,83.1790583894206,78.08787011237102,78.73175253009703,424641000
2024-04-26,87.58345031738281,88.17842147858853,83.2429613231266,83.67321658546781,551011000
2024-04-29,87.60540771484375,87.8399947565515,85.11870586410434,87.44368500312586,388971000
2024-04-30,86.25274658203125,88.66557118869024,86.15092540038592,87.08929643239856,363709000
2024-05-01,82.89752960205078,85.85141694267458,81.11461218464028,84.93001509196907,559863000
2024-05-02,85.66875457763672,86.08802721004574,83.05627099401435,84.30311392551386,377898000
2024-05-03,88.63561248779297,89.12675929539812,86.8896334546632,87.6373400551101,398341000
2024-05-06,91.98082733154297,92.06069095925291,88.90115758999175,89.23557796278553,376203000
2024-05-07,90.39756774902344,91.62244547206083,88.85723403089521,90.94062670307744,437342000
2024-05-08,90.25582122802734,91.03646805439529,89.26553046184982,89.32842516703573,325721000
2024-05-09,88.59368896484375,90.91466942223298,88.07858152551931,90.37260819958134,378013000
2024-05-10,89.72272491455078,91.24309639621146,89.07284860877868,90.14898917811553,335325000
2024-05-13,90.24284362792969,90.84080791917694,88.37607119051684,90.32170192056742,289680000
2024-05-14,91.19818115234375,91.49266969851776,88.78036057605543,89.44421267221655,296507000
2024-05-15,94.4665298461914,94.69813133508781,91.44076747625896,92.31226052004403,417735000
2024-05-16,94.19601440429688,95.65349162534687,93.94045226831416,94.7460651574725,323952000
2024-05-17,92.31925201416016,94.57634804363961,91.64741799856931,94.20599431591704,359691000
2024-05-20,94.61627197265625,95.03554461976276,93.27859039868353,93.58805245494568,318764000
2024-05-21,95.22122192382812,95.23519767784772,93.01903151729087,93.43730641374981,328946000
2024-05-22,94.78596496582031,95.85411617010452,93.0879071432018,95.29408831779949,548648000
2024-05-23,103.61970520019531,106.13634662239213,101.34463491102811,101.85176064066984,835065000
2024-05-24,106.28507995605469,106.29106630104066,102.82207077624999,104.26856517672162,429494000
2024-05-28,113.70423126220703,114.74044007562202,109.69317481392171,110.05355122917427,652728000
2024-05-29,114.62663269042969,115.29248024146612,110.70941556106891,112.8547051589029,557442000
2024-05-30,110.3091049194336,115.61891628592592,109.47355289556607,114.45193707992216,484553000
2024-05-31,109.44361877441406,112.52229098316289,106.75526997887016,112.3256250740568,613263000
2024-06-03,114.80133819580078,114.80133819580078,111.80951385006522,113.42472260342709,438392000
2024-06-04,116.23583984375,116.39856025554492,113.84797397023767,115.51609238971567,403324000
2024-06-05,122.22848510742188,122.2374646244509,117.26507420610801,118.16651413530396,528402000
2024-06-06,120.78897857666016,125.3700480295792,118.11560338652608,123.83370517037008,664696000
2024-06-07,120.67918395996094,121.4817960193161,117.81813724115803,119.56311130461327,412386000
2024-06-10,121.57959747314453,122.8873318903164,116.80785658193525,120.16205248180556,313434100
2024-06-11,120.71104431152344,122.66781818606155,118.54460929253459,121.56962216023484,222551200
2024-06-12,124.99397277832031,126.67120854134929,122.3683033445049,122.85749488714337,299595000
2024-06-13,129.39671325683594,129.58640302855855,126.95074804505506,129.17707407207072,260704500
2024-06-14,131.6630096435547,132.6214215295718,128.10886970168357,129.74617063783822,309320400
2024-06-17,130.7644805908203,133.5099557271365,129.3667902512595,132.77118307637525,288504400
2024-06-18,135.35690307617188,136.10566894087242,130.47495024767164,130.92420671975586,294335100
2024-06-20,130.5648193359375,140.5283944338281,129.30689796657785,139.56998250489207,517768400
2024-06-21,126.36173248291016,130.4150570517715,124.09547105255645,126.91083052082259,649445800
2024-06-24,117.91564178466797,124.2551908621237,117.8457572795687,123.03719724453093,476060900
2024-06-25,125.88250732421875,126.29183629953359,119.12365113611966,121.00055473590018,414192600
2024-06-26,126.19202423095703,127.90918776205926,122.39827366611266,125.92246422081828,362975900
2024-06-27,123.78597259521484,126.2019962793405,122.71773358253314,123.8957921998042,252571700
2024-06-28,123.33671569824219,127.49985213027985,122.54801473015355,124.3750052910358,315516700
2024-07-01,124.09546661376953,124.63457133754859,118.63446631453066,123.26683055595603,284885500
2024-07-02,122.4681396484375,123.20692743216773,120.8308389451457,120.93067286767031,218374000
2024-07-03,128.0689239501953,128.0689239501953,121.16031210370706,121.45982152361671,215749000
2024-07-05,125.62295532226562,128.63799033992214,125.4732006158399,127.17040031042268,214176700
2024-07-08,127.98902893066406,130.55480700867955,126.83094180644568,127.28019823232947,237677300
2024-07-09,131.16383361816406,133.59982130546845,128.4383145629174,130.13552958791902,285366600
2024-07-10,134.68800354003906,134.87769332438475,132.20209545632153,133.8094467425138,248978600
2024-07-11,127.19036865234375,135.92596317348227,126.84094609019272,135.52662745493282,374782700
2024-07-12,129.02734375,131.70292655352904,127.01066335258953,128.04894535138322,252680500
2024-07-15,128.2286376953125,131.1737800395054,126.97070905664152,130.34514408452472,208326200
2024-07-16,126.1520767211914,128.82765950066548,124.37500690887067,128.22865593379024,214769500
2024-07-17,117.79585266113281,121.64950188056783,116.52794571855017,121.15032459946838,390086200
2024-07-18,120.89073944091797,122.19858897958201,116.36819489836525,121.64949097287113,320979500
2024-07-19,117.73595428466797,121.3999137142076,117.17687816504188,120.15197050658449,217223800
2024-07-22,123.33671569824219,123.86584236392231,119.66277083791101,120.15196240961751,258068900
2024-07-23,122.38827514648438,124.48482570104972,121.89908357161131,122.57796493987696,173911000
2024-07-24,114.06200408935547,119.75262181556741,113.25333936427286,118.9739065074374,327776900
2024-07-25,112.09525299072266,116.43809396656145,106.1250967629909,112.85400461755249,460067000
2024-07-26,112.87395477294922,116.00878722251285,111.3963944118867,115.99880916186419,293399100
2024-07-29,111.40637969970703,116.0886649396649,111.11686358531041,113.50293033164324,248152100
2024-07-30,103.5593032836914,111.80570498592243,102.37125913301429,111.33647720819822,486833300
2024-07-31,116.82743835449219,118.14526596856572,110.6975424326974,112.71422275560462,473174200
2024-08-01,109.03028869628906,119.96227450650746,106.63423649015627,117.3365974252001,523462300
2024-08-02,107.09347534179688,108.54109382170915,101.20319035397925,103.58925680976456,482027500
2024-08-05,100.28470611572266,103.239842127859,90.5407717150732,91.90851250035082,552842400
2024-08-06,104.0784683227539,107.53277436697496,100.38455930431832,103.66913927566458,409012100
2024-08-07,98.74723815917969,108.6209626457341,98.52759897070796,107.6325862976113,411440400
2024-08-08,104.7972640991211,105.32639072006307,97.35951914167633,101.83215026963444,391910000
2024-08-09,104.57763671875,106.42459107060563,103.2598090475883,105.46617163856445,290844200
2024-08-12,108.84060668945312,110.88723650727509,106.08515369153115,106.14505252549102,325559900
2024-08-13,115.94889831542969,116.03875418683985,111.39640394640423,112.25498947976828,312646700
2024-08-14,117.88570404052734,118.40484504167927,113.88230026594151,118.33496052966188,339246400
2024-08-15,122.65784454345703,123.03721654252207,117.27671395628101,118.56459228097263,318086700
2024-08-16,124.375,124.79430704362497,120.98059332504539,121.73934484458584,302589900
2024-08-19,129.78610229492188,129.78610229492188,123.21692698149081,124.07551257525068,318333600
2024-08-20,127.04061889648438,129.66629628755138,125.6828560733908,128.18872055728244,300087400
2024-08-21,128.28855895996094,129.13716641620366,126.45159025428316,127.11050029285343,257883600
2024-08-22,123.53638458251953,130.5348518103843,122.89743830728821,129.80605728559254,376189100
2024-08-23,129.15711975097656,129.38675225949072,125.01395457447234,125.65290085977209,323230300
2024-08-26,126.25189971923828,131.04399639094717,124.16534262628207,129.3567902083498,331964700
2024-08-27,128.08889770507812,128.98741074794592,123.67616460225028,124.84424526829238,303134600
2024-08-28,125.40331268310547,128.118838213882,122.43819852070378,127.90917706049713,448101100
2024-08-29,117.39649963378906,124.22524823697073,116.51795043355128,121.16030028839229,453023300
2024-08-30,119.17357635498047,121.54965726206557,117.02711271158417,119.33330911013266,333751600
2024-09-03,107.82229614257812,116.01878644458095,107.11346529492099,115.81911857253483,477155100
2024-09-04,106.03524017333984,113.08362114689852,103.94868273468121,105.23656107081584,372470300
2024-09-05,107.03359985351562,109.46958760825204,104.58763403652246,104.81725133789038,306850700
2024-09-06,102.66079711914062,107.97204286084109,100.78388574677186,107.86222325429438,413638100
2024-09-09,106.2947998046875,106.37466998895037,103.5193756446925,104.7074122640328,273912000
2024-09-10,107.922119140625,109.21998302790867,104.77730096516093,107.63259542371279,268283700
2024-09-11,116.7176284790039,116.99716652085532,107.24323877137772,109.20999835891277,441422400
2024-09-12,118.9541244506836,120.60155174511642,115.19998843977761,116.65770972299038,366052700
2024-09-13,118.9141845703125,119.77284345041441,117.41652479583126,118.8942191250157,238358300
2024-09-16,116.59780883789062,117.99562620382233,114.1815861384539,116.60779536966285,248772300
2024-09-17,115.40967559814453,118.61467469194447,114.65086668501063,117.98565261863203,231925900
2024-09-18,113.19313049316406,117.51636932909096,113.04336298957726,115.70919560695407,310318900
2024-09-19,117.68611907958984,119.47332749554481,117.06708357128667,117.16692604230532,293506400
2024-09-20,115.81903076171875,118.43494609535816,115.2099818009,116.87737463970251,382462400
2024-09-23,116.07862091064453,116.80747774675662,114.68080357526898,116.36816938577523,206228500
2024-09-24,120.68144226074219,121.6099917401929,115.20000132519814,116.33822228484836,354966800
2024-09-25,123.31732177734375,124.74509122698359,121.42028432700172,121.8296407501193,284692900
2024-09-26,123.84648895263672,127.47082313052574,121.609985658202,126.6021852727835,302582900
2024-09-27,121.21060943603516,123.83650371853182,119.07394858799772,123.7765997601264,271009200
2024-09-30,121.25053405761719,121.3104380091603,117.96566613899036,118.12541254893574,226553700
2024-10-01,116.81746673583984,122.24898215671047,115.60935538711523,121.58002164337385,302094500
2024-10-02,118.66458129882812,119.19375323018366,114.96037016184738,116.25834508658102,221845900
2024-10-03,122.6583480834961,124.16599456239773,120.15226164035356,120.73135864781146,277118000
2024-10-04,124.72511291503906,124.84492844767553,121.63993722019764,124.7450859792245,243678100
2024-10-07,127.52074432373047,130.43618698242878,124.7550615549546,124.79500006476454,346250200
2024-10-08,132.6826629638672,133.27173878303944,129.21807567689768,130.0567614433445,285722500
2024-10-09,132.44305419921875,134.31014727855833,131.1750464230449,133.9007832398008,246191600
2024-10-10,134.59967041015625,134.78937641455914,130.79561711338704,131.70420101079952,242311300
2024-10-11,134.58970642089844,135.5681732923908,133.4514855032485,133.80093033986074,170209500
2024-10-14,137.8546142578125,139.38222619629536,136.08737124143596,136.25710420849128,232347700
2024-10-15,131.39471435546875,138.35384259997033,128.53917525345673,137.65492238931424,377831000
2024-10-16,135.50823974609375,136.40682939830356,131.37469992296278,133.77094915217629,264879700
2024-10-17,136.71636962890625,140.6701983777905,136.65646567187503,139.12261346955344,306435900
2024-10-18,137.78469848632812,138.68328825202838,137.06582057977474,138.45365135367973,176090200
2024-10-21,143.48580932617188,143.48580932617188,137.78471061125512,137.91451267760561,264554500
2024-10-22,143.36598205566406,144.194689003585,141.55880826832362,142.68705023422552,226311600
2024-10-23,139.34226989746094,142.20778753302577,137.24555525009052,141.80841766733155,285930000
2024-10-24,140.1909637451172,141.1294997806309,138.24400879643727,140.6003278006047,172354900
2024-10-25,141.31918334960938,143.90515439009727,140.5803475394567,140.71013437273555,205122100
2024-10-28,140.30076599121094,142.91667341121004,139.83149806296922,142.77689244758375,173586700
2024-10-29,141.02964782714844,142.03806672701694,138.6833077693045,140.0711387385227,157593600
2024-10-30,139.1226043701172,140.1110653014331,136.59655278062618,139.32228929215535,179418100
2024-10-31,132.55288696289062,137.39532698555524,131.9039070664443,137.38534807029694,270039600
2024-11-01,135.1887664794922,137.09579048755296,134.36007470728345,134.4898615442038,207127800
2024-11-04,135.83775329589844,138.74321710094807,135.3585064031532,136.9959472521015,187528200
2024-11-05,139.6917266845703,140.151000495864,137.11574997671616,137.23555788662173,160537400
2024-11-06,145.38284301757812,146.2614750565614,141.73854326176877,142.73698322061895,242043900
2024-11-07,148.6477508544922,148.69766066609404,145.9419717733186,146.1616297903136,207323300
2024-11-08,147.399658203125,149.53631855776948,146.03178545046896,148.53787885494532,175665800
2024-11-11,145.0333709716797,148.6177817068004,143.3460203778287,148.44803352101476,182325600
2024-11-12,148.0586395263672,149.41651833977537,145.78219787373922,146.55100082856893,198634700
2024-11-13,146.04180908203125,149.09703275189045,145.6723759576151,148.83744386134128,191903300
2024-11-14,146.53103637695312,148.7675472701728,145.32293261192063,147.40966837696516,194463300
2024-11-15,141.75848388671875,145.0134075079149,139.86145428913719,144.6439744081883,250132900
2024-11-18,139.93133544921875,141.32916034590224,136.93601597273187,139.28235565663965,221205300
2024-11-19,146.7806396484375,146.90046279249913,140.77004260660007,141.09952959154865,227834900
2024-11-20,145.6623992919922,147.32979212988033,142.50732548898966,147.18003223590216,309871700
2024-11-21,146.44117736816406,152.65147472524168,140.4804899844899,149.11700420524105,400946600
2024-11-22,141.72853088378906,146.93040910376754,140.87986616890575,145.70231714314025,236406200
2024-11-25,135.80780029296875,141.82839170792872,135.60811535874635,141.76848775116036,344941900
2024-11-26,136.70639038085938,139.08268223719327,135.45834049580736,137.4851722903331,190287700
2024-11-27,135.12884521484375,137.00591700209634,131.59437486042492,134.7993582371888,226370900
2024-11-29,138.03431701660156,139.1326070072914,135.83775227020575,136.56660913585418,141863200
2024-12-02,138.41372680664062,140.23087948399635,137.60499293345052,138.6134117376161,171682800
2024-12-03,140.0411834716797,140.32074544201365,137.73478959893222,138.04430354930304,164414000
2024-12-04,144.91355895996094,145.56253876730494,140.07111960214385,141.77845844597738,231224300
2024-12-05,144.8436737060547,146.32146235801875,143.73532840807314,144.89360218968224,172621200
2024-12-06,142.2275848388672,145.4827177885172,141.09926510716357,144.38436733563313,188505600
2024-12-09,138.6029815673828,139.74128080496888,136.92549436926976,138.76274660606958,189308600
2024-12-10,134.8685760498047,141.60850970621567,133.5904709096604,138.80268748950093,210020900
2024-12-11,139.1022491455078,139.96096726526153,135.00837248215075,137.155160163518,184905200
2024-12-12,137.13516235351562,138.2335278669699,135.5974658707112,136.87555561216806,159211400
2024-12-13,134.04978942871094,139.39181692680097,132.34233289302693,138.7327975455873,231514900
2024-12-16,131.80311584472656,134.19953003840055,130.22547066007974,133.97985695977695,237951100
2024-12-17,130.19552612304688,131.39373330729236,126.67079224440896,128.897461991768,259410300
2024-12-18,128.71775817871094,136.49613412730267,128.08869283192976,133.6603731199009,277444500
2024-12-19,130.48509216308594,133.8301019554315,129.35678784338916,131.56348324328064,209719200
2024-12-20,134.49911499023438,135.07825184796977,128.02878306565836,129.61640819653473,306528600
2024-12-23,139.46168518066406,139.58150132927014,134.9184683016336,136.0767418582626,176053500
2024-12-24,140.01087951660156,141.68836668012935,138.44321367436993,139.7912064019445,105157000
2024-12-26,139.72132873535156,140.6399702368576,137.52461242783102,139.4916759779926,116205600
2024-12-27,136.8056640625,138.81267619141968,134.50910636621433,138.34337590905767,170582600
2024-12-30,137.2849578857422,140.06081067569033,133.82013169900247,134.628921256616,167734700
2024-12-31,134.08973693847656,137.8641141320975,133.63043143330796,137.82416524884428,155659200
2025-01-02,138.1037139892578,138.67287117142274,134.42920986844504,135.7971616952867,198247200
2025-01-03,144.25453186035156,144.68388322481542,139.52159583450282,139.80117701044009,229322500
2025-01-06,149.20716857910156,151.93310868099036,147.5995839740372,148.3684248105369,265377400
2025-01-07,139.93101501464844,152.90164910642062,139.80120400217487,152.80179213743568,351782200
2025-01-08,139.90106201171875,143.73533196712347,137.3548616440079,142.36737985085435,227349900
2025-01-10,135.7073211669922,139.71133557177419,134.0198390250661,137.24501786219508,207602500
2025-01-13,133.0313262939453,133.29094833912805,129.31687225149923,129.7961674567433,204808900
2025-01-14,131.56349182128906,136.1766120600162,129.85605059334506,135.84710238324766,195590500
2025-01-15,136.03683471679688,136.2465130176968,131.09420431967888,133.45068552943664,185217300
2025-01-16,133.37081909179688,138.5430870275282,133.2909365646461,138.43325045720013,209235600
2025-01-17,137.504638671875,138.29345383465838,135.25799411499426,136.4861555399997,201188800
2025-01-21,140.61997985839844,141.6184885428412,136.88555189361048,138.95247218370304,197749000
2025-01-22,146.85069274902344,147.56960504936464,143.45575377479585,144.4442829463215,237651400
2025-01-23,147.0004425048828,147.01042210626386,143.50566228140096,144.83368059464797,155915500
2025-01-24,142.40731811523438,148.74785499769604,141.66843136501245,148.14874363197046,234657600
2025-01-27,118.24340057373047,128.20851331467108,116.52596435964819,124.61389107098998,818830900
2025-01-28,128.79763793945312,128.8076175411123,116.0766320864675,121.62833781559046,579666400
2025-01-29,123.5155258178711,126.70077107762197,119.8709750783515,126.31135328562937,467120600
2025-01-30,124.46410369873047,124.81358019968631,117.92386904906036,122.91641225704781,392925500
2025-01-31,119.89094543457031,127.65934229890306,119.01226047612725,123.59541198682592,388161100
2025-02-03,116.48603057861328,118.39317826666118,112.84147223806173,114.57887527254843,371235700
2025-02-04,118.47306060791016,121.01925326141507,116.52596404203554,116.78557844108887,256550000
2025-02-05,124.64383697509766,124.81358161777388,120.5799070623436,121.57841571528579,262230800
2025-02-06,128.4880828857422,128.57796024161053,125.02326434711814,127.22996749994309,251483600
2025-02-07,129.64634704589844,130.17555536084487,124.81356929927793,129.02727661770408,228186300
2025-02-10,133.37081909179688,134.79867927002743,129.76620194780145,129.89599772289156,216989100
2025-02-11,132.6019744873047,134.27946199343057,130.8246300046561,132.38230132778313,178902400
2025-02-12,130.94442749023438,132.04279313100764,128.88750205027108,129.8261026458349,160278600
2025-02-13,135.08822631835938,136.29642846871295,130.97437562399168,131.36379338160384,197430000
2025-02-14,138.64292907714844,139.04232643389201,135.29791907929888,136.27645326854343,195479600
2025-02-18,139.19210815429688,143.226091877041,137.72429913092634,141.05932980350207,219176600
2025-02-19,139.02236938476562,141.14919790373787,137.01537227663152,139.30195061666387,167536000
2025-02-20,139.90106201171875,140.45024487315197,136.5860056380014,139.8211794831435,143903600
2025-02-21,134.22952270507812,141.24905316966826,133.83012530319377,139.83115735009994,228217600
2025-02-24,130.0857391357422,138.38334571199945,129.88604040162528,136.35637385044112,251381100
2025-02-25,126.44115447998047,130.00583024952502,124.25442559786755,129.78615711570163,271428700
2025-02-26,131.08421325683594,133.53055638167015,128.29838085048883,129.79614381296275,322553800
2025-02-27,119.9708251953125,134.80865788512716,119.83103458283094,134.7986782828192,443175800
2025-02-28,124.73371124267578,124.90345590188022,116.22642004317107,117.8439993429124,389091100
2025-03-03,113.88990020751953,123.51552349340123,112.11255593535711,123.32581202011416,411381400
2025-03-04,115.81703186035156,119.132080722439,109.94580294596078,110.4849986041218,398163300
2025-03-05,117.12507629394531,118.10361057672029,114.3392360416895,117.40465751759531,284337900
2025-03-06,110.40510559082031,115.17797591196373,110.05562907278994,113.3606904001891,321181900
2025-03-07,112.5219497680664,113.31077256873955,107.39959517379882,111.08409477767312,341755500
2025-03-10,106.8204574584961,111.6831896506324,105.30272006245755,109.73610085349598,366487400
2025-03-11,108.59780883789062,112.0726148635708,104.6137536218378,106.83044416478043,354865700
2025-03-12,115.57803344726562,116.59661034457649,112.72203506897391,113.96030532134075,323857500
2025-03-13,115.41825103759766,117.59520049683546,113.63075517539951,116.86621875800482,299033100
2025-03-14,121.49972534179688,121.70943054003341,117.98465480860956,118.44401014075397,277593500
2025-03-17,119.36272430419922,122.71802281178023,117.86482345684047,122.56823120330081,255501500
2025-03-18,115.26846313476562,118.85343549406599,114.37970924440411,117.83486627342975,299686900
2025-03-19,117.35552978515625,120.2814296141779,115.51810848491796,117.10587965509883,273426200
2025-03-20,118.36412048339844,120.03178155242583,116.30700581426807,116.3868956857552,248829700
2025-03-21,117.5352783203125,117.82487338576216,115.25847035053427,116.77634740953133,266498500
2025-03-24,121.24009704589844,122.04896105750126,119.17298658297102,119.71223179694545,228452500
2025-03-25,120.5210952758789,121.12025404464302,118.75356814650013,120.38129181712452,167447200
2025-03-26,113.60079956054688,118.6736845133834,112.55226594608844,118.5638454632065,293463300
2025-03-27,111.27405548095703,114.28982567832341,110.50513643809545,111.19416561141583,236902100
2025-03-28,109.51651763916016,112.71204388720727,108.9173588485005,111.33397028810096,229872500
2025-03-31,108.22832489013672,110.80471613819729,103.50494855407659,104.98287310192077,299212700
2025-04-01,109.99585723876953,110.04578269736857,106.32100673854832,108.36813339033893,222614000
2025-04-02,110.26546478271484,111.82328673498283,106.64054773013802,107.1398479774266,220601200
2025-04-03,101.65753936767578,105.48217369637304,101.45781468579652,103.36514539947606,338769400
2025-04-04,94.17801666259766,99.98987163475934,91.98109847139008,98.7715853475697,532273800
2025-04-07,97.50335693359375,101.60760579690213,86.49878224276449,87.33760304641297,611041300
2025-04-08,96.16523742675781,105.70186824827938,94.3278084260022,103.66472218207363,476243400
2025-04-09,114.17000579833984,114.9389248904037,97.39351305704149,98.75161045127601,612918300
2025-04-10,107.4194564819336,110.70485307181585,99.01124202201945,109.21694044618194,437812400
2025-04-11,110.77476501464844,111.39390013023589,107.32959598741144,108.34816524857224,313417300
2025-04-14,110.55506896972656,114.13006086401796,108.91736463288024,113.95031245540225,264705000
2025-04-15,112.04297637939453,113.46099492172469,110.3453585264742,110.81470199440513,228966900
2025-04-16,104.3437728881836,106.64055727885454,100.30942561460589,104.40369410395131,397016900
2025-04-17,101.34796905517578,104.32380208660638,99.90998942448081,104.30382580885471,292517500
2025-04-21,96.77438354492188,99.3008417327631,94.90699776234818,98.63177356997639,288501100
2025-04-22,98.75159454345703,99.67030509782194,97.14384726396014,98.64174788818333,241004800
2025-04-23,102.5662612915039,104.6533403969428,101.87722447592722,104.37372584399631,247526000
2025-04-24,106.28105163574219,106.39089830035945,102.96569827687256,103.33518320501399,220815000
2025-04-25,110.85465240478516,111.76337496991529,105.58204256681438,106.70047033928225,251064700
2025-04-28,108.57784271240234,110.21554702841466,105.8716284785824,109.53649833991803,207708500
2025-04-29,108.867431640625,110.04578062718967,107.2896485179105,107.51932238432487,170444300
2025-04-30,108.76756286621094,108.76756286621094,103.93434018163836,104.32379376082015,235044600
2025-05-01,111.45381164550781,114.77915341441685,111.14424790285813,112.92175572108304,236121500
2025-05-02,114.33976745605469,115.23850951002053,113.21135153306962,114.02021557227994,190194800
2025-05-05,113.66072082519531,114.50952981770942,112.50234808238875,112.75199823422925,133163200
2025-05-06,113.38111114501953,114.57942879752297,110.66491633937942,111.32399638135878,158525600
2025-05-07,116.89617919921875,117.51531428959993,112.12286973799952,112.89179643623137,206758800
2025-05-08,117.20574951171875,118.51391379663416,115.68787240644632,118.08451525459601,198428100
2025-05-09,116.48676300048828,118.06455379711826,115.0487756801452,117.1857803819228,132972200
2025-05-12,122.82787322998047,122.82787322998047,120.11167839159091,121.79931583574867,225023300
2025-05-13,129.7481689453125,131.03637225526788,124.29581818961599,124.8051066300396,330430100
2025-05-14,135.15060424804688,135.2504704050171,131.4957223220182,133.01359953083553,281180800
2025-05-15,134.6413116455078,136.1092556474961,132.47435031815246,134.10205882491402,226632600
2025-05-16,135.21051025390625,136.15919297953724,133.27323795943153,136.02937003025397,226542500
2025-05-19,135.38027954101562,135.67984750647184,132.20472197026768,132.20472197026768,193154600
2025-05-20,134.1919403076172,134.39165736048994,132.4343936724944,134.10205468200522,161514200
2025-05-21,131.6155548095703,137.2077087161811,130.40724144628157,132.87378601013486,270608700
2025-05-22,132.6440887451172,134.06209943956145,131.3658814927327,132.0449224291853,187344000
2025-05-23,131.10626220703125,132.49431639064062,128.97925335315108,129.81807417545411,198821300
2025-05-27,135.31036376953125,135.47014350181522,133.1234263008756,133.96224703921547,192953600
2025-05-28,134.62132263183594,137.0579101389624,134.60134635659116,135.83961638539918,304021100
2025-05-29,138.99520874023438,143.28919402135628,137.71700129433316,142.0509238917618,369241900
2025-05-30,134.94090270996094,139.42460961066672,132.73398869983464,138.5258751739265,333170900
2025-06-02,137.187744140625,137.9266987725352,135.21050414256473,135.30038976970178,197663100
2025-06-03,141.02236938476562,141.801276586457,137.75694135463795,138.5857816307834,225578800
2025-06-04,141.7213897705078,142.19073325311263,139.34471555965237,141.99101618842522,167120800
2025-06-05,139.79409790039062,143.79848066110154,138.63571759363617,141.97103980754113,231397900
2025-06-06,141.52166748046875,143.0695013401578,141.31195466595716,142.31055518995854,153986200
2025-06-09,142.430419921875,144.7970986584505,141.74138301440692,142.98963386491081,185114500
2025-06-10,143.758544921875,144.088069701399,141.33193761060437,142.49031793007975,155881900
2025-06-11,142.6400146484375,144.79714515361243,141.6812848999734,144.41764573923192,167694000
2025-06-12,144.80712890625,144.80712890625,141.6613249598906,141.78116046611606,162365000
2025-06-13,141.78115844726562,143.38901749969733,140.6626531024409,142.2904745799642,180820600
2025-06-16,144.49752807617188,145.98553624599697,143.0095046678558,143.15931427294294,183133700
2025-06-17,143.92828369140625,145.0268265438421,143.58873962374116,144.2978018718573,139108000
2025-06-18,145.28648376464844,145.4562558084884,142.92962233744194,143.81843788371728,161494100
2025-06-20,143.6586456298828,146.00551033389334,142.46022977248353,145.25650804226413,242956200
2025-06-23,143.9782257080078,144.58741490600102,141.84107290887454,142.31044894200824,154308900
2025-06-24,147.70326232910156,147.76319531946535,145.3064608232896,145.36637857516104,187566100
2025-06-25,154.10475158691406,154.24456476496755,149.06146548674553,149.0714619384952,269146500
2025-06-26,154.8137969970703,156.5115326130379,153.795149532093,155.77251147358507,198145700
2025-06-27,157.5401611328125,158.49889084686143,155.05346784206984,155.83242906789442,263234500
2025-06-30,157.7798614501953,158.4489684480595,155.7525627920192,158.1893045239527,194580300
2025-07-01,153.0961151123047,156.9909220439906,151.2885248378942,156.08212868043222,213143600
2025-07-02,157.04083251953125,157.39037305932783,152.7665268185242,152.77650803107835,171224100
2025-07-03,159.12806701660156,160.7658851337161,157.56016311083363,158.1593559409033,143716100
2025-07-07,158.02952575683594,159.09809459400483,157.1307137305003,157.98957042846925,140139000
2025-07-08,159.78717041015625,160.00687898854957,158.17931139836438,159.11806346268276,138133000
2025-07-09,162.66336059570312,164.20130555952733,160.94564712320184,161.0055648799297,183656400
2025-07-10,163.88174438476562,164.28120626813552,161.39505073108006,164.10145299216728,167704100
2025-07-11,164.7006378173828,167.66668863474402,163.25256951238498,163.50223698698784,193633300
2025-07-14,163.85177612304688,165.2698855378492,161.80449980139463,165.15003478890583,136975800
2025-07-15,170.47293090820312,172.17066651150088,168.97492621614776,170.96228459346491,230627400
2025-07-16,171.14205932617188,171.52155877211666,168.67534340451815,170.83247408910898,158831500
2025-07-17,172.7698974609375,173.92835823409905,170.60278554683865,171.79120519874627,160841100
2025-07-18,172.18067932128906,174.01822826089457,171.03219980516573,173.40903901870553,146456400
2025-07-21,171.1520538330078,173.1493936504508,170.77255439137573,172.52022673163836,123126100
2025-07-22,166.80783081054688,171.1620321483939,164.3610926233022,171.1120956061046,193114300
2025-07-23,170.55284118652344,171.03219846298632,167.74658125695927,169.30450383433347,154082200
2025-07-24,173.5089111328125,173.59878776513457,171.07215417768242,172.21063723590794,128984600
2025-07-25,173.26922607421875,174.4876045602178,172.72995103806022,173.37908037175941,122316800
2025-07-28,176.51490783691406,176.7645753161742,173.73860668662087,173.78854323017163,140023500
2025-07-29,175.2765350341797,179.14139760883538,174.7871965738649,177.72328828972238,154077500
2025-07-30,179.03155517578125,179.65072563032518,175.80584046425426,176.27521653092245,174312200
2025-07-31,177.63340759277344,183.05619299307685,175.69598557745124,182.65671589592668,221685400
2025-08-01,173.4889373779297,176.3051785902702,170.66269971388826,173.85844036702034,204529000
2025-08-04,179.7605743408203,179.96030526461158,174.28786778877773,174.9270158880054,148174600
2025-08-05,178.0229034423828,180.02024338323596,175.66604170263633,179.38109521170273,156407600
2025-08-06,179.18133544921875,179.66069269115442,176.01555398070957,176.09544939411415,137192300
2025-08-07,180.52957153320312,183.6354356942093,178.5621905082108,181.32851054269395,151878400
2025-08-08,182.4569854736328,183.05619350177665,180.16004168373897,181.30852119793246,123396700
2025-08-11,181.81784057617188,183.59547178906817,180.01025048518693,181.80785936297346,138323200
2025-08-12,182.9163818359375,184.234618174838,179.22130626788388,182.7166509044063,145485700
2025-08-13,181.34848022460938,183.72531968234077,179.1114691947396,182.37710909748589,179871700
2025-08-14,181.77789306640625,182.7765629312542,179.22130065055427,179.51090820642335,129554000
2025-08-15,180.20997619628906,181.658044469753,177.8031781362909,181.6380820439347,156602200
2025-08-18,181.76788330078125,182.69665413107447,180.34977402519155,180.3597704757432,132008000
2025-08-19,175.4063720703125,182.25724785967336,175.25657768801665,182.1873336556069,185229200
2025-08-20,175.1667022705078,175.76591033294957,168.57548977611862,174.93701244991922,215142700
2025-08-21,174.74725341796875,176.6646977817985,173.57881147306438,174.61743669419707,140040900
2025-08-22,177.7532501220703,178.35244288234992,170.97227338198675,172.38040151215634,172789400
2025-08-25,179.57083129882812,181.6680441727565,176.33515059315872,178.11278178635797,163012800
2025-08-26,181.52822875976562,182.14739921043056,178.57215920342722,179.82049655621498,168688200
2025-08-27,181.35845947265625,182.24727507184866,178.86178472902657,181.7379436715125,235518900
2025-08-28,179.93035888671875,184.22464261974775,176.17536544772958,180.57950348224864,281787800
2025-08-29,173.9483184814453,177.91303926310266,172.91968968806756,177.87309917143955,243257900
2025-09-02,170.55284118652344,172.15071909272382,166.99757884564528,169.77387989783634,231164900
2025-09-03,170.39306640625,172.18069419661035,168.65539040087648,170.83248363379096,164424900
2025-09-04,171.4316864013672,171.6314173426514,169.18467902530818,170.34313981864827,141670100
2025-09-05,166.7978515625,168.80517258283567,163.8517783946414,167.8065026792569,224441400
2025-09-08,168.0861358642578,170.73262035939155,167.12742125141602,167.32715219255022,163769100
2025-09-09,170.53286743164062,170.75257602974241,166.51822538667548,168.86509051949957,157548400
2025-09-10,177.09413146972656,179.05151589898875,175.2366048852674,176.4050468150653,226852000
2025-09-11,176.94432067871094,180.050359799309,176.2551971559751,179.4511179779685,151159300
2025-09-12,177.59349060058594,178.37249577533527,176.22522541777622,177.5435512454145,124911000
2025-09-15,177.52357482910156,178.62217970015598,174.28769658655634,175.44622258887705,147061600
2025-09-16,174.65724182128906,177.27389957504343,174.15787872389456,176.77453647764895,140737800
2025-09-17,170.07308959960938,172.97938669910795,168.1954945771254,172.4201024269062,211843800
2025-09-18,176.01551818847656,176.87442336525442,172.73969733735942,173.7583871307785,191763300
2025-09-19,176.4449462890625,177.8531538116004,174.95683884616588,175.54609885389235,237182100
2025-09-22,183.37612915039062,184.31493427279133,174.48747153493287,175.07671637070237,269637000
2025-09-23,178.2027130126953,182.18763613663097,175.9855548133895,181.73821238324945,192559600
2025-09-24,176.74456787109375,179.5509859124944,175.17656050171237,179.54100413716742,143564100
2025-09-25,177.4636688232422,180.03038734713982,172.90947958662534,174.2577508730865,191586700
2025-09-26,177.96302795410156,179.54101721374016,174.70717071687335,177.94304916264082,148573700
2025-09-29,181.61837768554688,183.7656330630971,180.09032771672483,180.20017297627672,193063500
2025-09-30,186.3423309326172,187.11135435179565,181.2488213615314,181.848063160254,236981000
2025-10-01,187.0015106201172,187.9003581593927,183.665753326035,185.00405809785752,173844900
2025-10-02,188.64939880371094,190.80665113886596,187.82045419605362,189.35850113919957,136805800
2025-10-03,187.38099670410156,190.11751186051177,185.1438598655547,188.94900408551683,137596900
2025-10-06,185.30364990234375,186.9914995955013,183.09647356463947,185.2637075602064,157678100
2025-10-07,184.80429077148438,188.8191743935438,183.76562222076905,185.99277739696944,140088000
2025-10-08,188.86911010742188,189.35849142592937,186.30237648821537,186.33235229407293,130168900
2025-10-09,192.32470703125,195.05122522476873,190.816620752273,191.9851285494953,182997200
2025-10-10,182.92669677734375,195.37081685366852,181.81811007166195,193.26350393527704,268774400
2025-10-13,188.0801239013672,189.8678370807686,185.72312947730666,187.73056363822363,153482800
2025-10-14,179.80067443847656,184.56460262310264,179.47109296765566,184.5346420566055,205641400
2025-10-15,179.60093688964844,184.63451030281777,177.06416377208902,184.56460739230218,214450500
2025-10-16,181.5784149169922,183.0465437061986,179.5410200965125,181.99787810828644,179723300
2025-10-17,182.9866180419922,183.86550198639478,179.52103686227596,179.9504818191574,173135200
2025-10-20,182.40736389160156,184.96410068415813,181.49851933568945,182.89674524617425,128544700
2025-10-21,180.9292449951172,182.55715836486127,179.5709767314294,182.55715836486127,124240200
2025-10-22,180.05035400390625,183.20633238125785,176.53483359319367,180.9092591258601,162249600
2025-10-23,181.92796325683594,182.7968501503985,179.5609718650331,180.19017423035882,111363700
2025-10-24,186.02272033691406,187.23118563906056,183.26624175096782,183.60580497197222,131296700
2025-10-27,191.24607849121094,191.75542334831323,188.18996363054165,189.74798924630224,153452700
2025-10-28,200.77394104003906,202.89123585796654,191.66556232510956,192.80410966447576,297986200
2025-10-29,206.77627563476562,211.9197249544373,204.51915980095313,207.715080745974,308829600
2025-10-30,202.63156127929688,205.89740027142088,201.1534507471854,204.88867704045037,178864400
2025-10-31,202.23207092285156,207.70508615602077,201.81260775338424,206.18701808603035,179802200
2025-11-03,206.61647033691406,211.07078042213968,205.29814450690722,207.81493866642379,180267300
2025-11-04,198.43690490722656,203.71017785907821,197.67786326579136,202.7414122562426,188919300
2025-11-05,194.9613494873047,202.66152000582164,194.40205001057666,198.51681234435117,171350300
2025-11-06,187.84043884277344,197.3682807609907,186.14260723026618,196.16981228388872,223029800
2025-11-07,187.9103240966797,188.08012095739036,178.68210397488247,184.66446402160466,264942300
2025-11-10,198.7964630126953,199.68532876518447,193.5431531870904,194.8614791513322,198897100
2025-11-11,192.91395568847656,195.17107140540628,191.05632435423007,194.91140808059743,176483300
2025-11-12,193.55313110351562,195.64046510157328,190.8865341091802,195.47068348463264,154935300
2025-11-13,186.62197875976562,191.1961465947379,183.61581837719615,190.8066439854392,207423100
2025-11-14,189.92774963378906,190.76667594021126,180.34996953708986,182.62706393415107,186591900
2025-11-17,186.36231994628906,188.75925679396335,184.08522536919267,185.73311754704963,173628900
2025-11-18,181.1289825439453,184.5646030780414,179.42115405263684,183.14641371605563,213598900
2025-11-19,186.28240966796875,187.62069907956393,182.5971076589588,184.5546024199349,247246400
2025-11-20,180.40989685058594,195.7503316108911,179.62090987236718,195.70039225393623,343504800
2025-11-21,178.65213012695312,184.32488707538113,172.70969762442783,181.00912433889104,346926200
2025-11-24,182.3174591064453,183.26624588741998,176.25518414830518,179.26135956972516,256618300
2025-11-25,177.59349060058594,177.93305383278917,169.33402110596253,174.68719385821646,320600300
2025-11-26,180.03036499023438,182.67699835309762,178.01294919921247,181.39863013804072,183852000
2025-11-28,176.7745361328125,179.0616124091028,176.27517303639212,178.7819702942556,121332800
2025-12-01,179.69082641601562,180.07034727044882,173.45876908321011,174.53739527000454,188131000
2025-12-02,181.22886657714844,185.4235136530611,179.7707195907086,181.52847225165078,182632200
2025-12-03,179.36123657226562,182.21759414523953,178.88185225801445,180.8493441127912,165138000
2025-12-04,183.15660095214844,184.29521152983364,179.7407692190929,181.39873533031871,167364900
2025-12-05,182.1877899169922,184.43504894381925,180.6896172324408,183.66598269849337,143971100
2025-12-08,185.323974609375,187.7709870845105,182.17780264974235,182.41751577930148,204378100
2025-12-09,184.7446746826172,185.4937610485011,183.09669077375298,185.33395229946427,144719700
2025-12-10,183.55612182617188,185.2540478736652,181.8182359713298,184.74467463147755,162785400
2025-12-11,180.70957946777344,181.09911899111663,176.40483245042134,180.060377409269,182136600
2025-12-12,174.80679321289062,182.59729422559735,174.40727135263347,180.88937065842447,204274900
2025-12-15,176.07522583007812,178.20263580820242,174.81676632707214,177.72322484137152,164775600
2025-12-16,177.5034942626953,178.27256047932946,174.686922405521,176.04526619844617,148588100
2025-12-17,170.73175048828125,175.91543007880585,170.10251312474713,175.88546784627562,222775500
2025-12-18,173.9278564453125,175.93540231223645,171.6106906687844,174.3173807251694,176096000
2025-12-19,180.76953125,181.22896236326454,176.12518653595592,176.4547863729682,324925900
2025-12-22,183.4662322998047,183.935660967629,182.1278683380167,183.6959478478248,129064400
2025-12-23,188.97952270507812,189.09937165158402,182.67719635774475,182.74711840334103,174873600
2025-12-24,188.38023376464844,188.67987134928,186.36269028434322,187.71105179508496,65528500
2025-12-26,190.2978973388672,192.45526970950266,187.7709805748158,189.68863982420257,139740300
2025-12-29,187.99070739746094,188.53004285167208,185.68352392965699,187.4813341773615,120006100
2025-12-30,187.31153869628906,188.75978454971104,186.70228116711607,188.01069817319677,97687300
2025-12-31,186.27279663085938,190.32784810299728,186.26281429981768,189.33906392286715,120100500
2026-01-02,188.6199493408203,192.69496568024334,188.03065649528438,189.60873357074172,148240500
2026-01-05,187.89083862304688,193.39413642527967,185.9232371396652,191.52640398377517,183529700
2026-01-06,187.0119171142578,191.935904267691,186.5924305704924,190.2879203285983,176862600
2026-01-07,188.87962341308594,191.13686475404677,186.3327268208183,188.34028795646717,153543200
2026-01-08,184.8145751953125,189.31909080925226,183.4862088297309,188.87962438445808,172457000
2026-01-09,184.63479614257812,186.1129888751533,183.44624341374129,184.8545293482555,131327500
2026-01-12,184.71470642089844,186.89204340473577,182.79704721562317,182.99680052530172,137968500
2026-01-13,185.58364868164062,187.88084992986475,183.17658082293008,184.7746378408776,160128900
2026-01-14,182.91690063476562,184.2352999433054,180.57975484984624,184.0954710990846,159586100
2026-01-15,186.82212829589844,189.46889382188115,186.10300422087673,186.2727952885624,206188600
2026-01-16,186.0031280517578,190.20800608356458,185.85331687968656,188.84966224271636,187967200
2026-01-20,177.85308837890625,182.15783564218773,177.39364202987932,181.67840938923754,223345300
2026-01-21,183.09669494628906,185.15418310637224,178.18267486272933,178.8318922054109,200381000
2026-01-22,184.6148223876953,185.94320399708803,183.70592730123704,184.52493568425237,139636600
2026-01-23,187.44137573242188,189.3690325020707,186.59242035942677,187.27158465782284,142748100
2026-01-26,186.2428436279297,188.88960930416175,185.76343263076708,186.93200550896393,124799600
2026-01-27,188.29034423828125,189.76853699604698,185.47377232125424,187.01190478720812,143711600
2026-01-28,191.28668212890625,192.1156727976695,189.60872088942648,191.0369866951896,148552700
2026-01-29,192.27548217773438,193.244301759811,185.83334250366076,191.10690928022157,171764400
2026-01-30,190.8971710205078,194.25307849059112,189.23918956869622,190.97707539362895,179489500
2026-02-02,185.38388061523438,190.06816944570554,184.65477420739685,186.97193993484487,165794100
2026-02-03,180.12030029296875,186.04308409913696,176.01530661894333,186.01312186532803,204019600
2026-02-04,173.97781372070312,179.36124730830178,171.70059231104517,179.241398362594,207014100
2026-02-05,171.67062377929688,176.60460839935587,170.8216531377948,174.7168961324724,206312900
2026-02-06,185.18414306640625,186.77220252110314,174.38731390455436,176.4747642750831,231346200
2026-02-09,189.80848693847656,193.42408742490235,183.7259094221984,184.03552934237337,196387400
2026-02-10,188.31031799316406,192.24552080983682,187.89083145679504,191.1468699498802,136764800
2026-02-11,189.81849670410156,193.02457795983298,188.54005713468442,192.21556708670826,144192700
2026-02-12,186.7122802734375,193.3741533411549,186.28279615580217,192.79485804306626,189932500
2026-02-13,182.58729553222656,187.27158453858374,181.36878053627944,187.25160463564347,161888000
2026-02-17,184.7446746826172,186.92201173748992,178.9617194034806,181.5285959992061,162276900
2026-02-18,187.75099182128906,190.13807962880853,186.53247684939709,188.52005804720127,164749100
2026-02-19,187.6710968017578,188.20044994409497,185.43383529156333,186.8321237354349,126554500
2026-02-20,189.58877563476562,190.09814888521723,185.71349722992974,186.342734664171,178422300
2026-02-23,191.316650390625,193.71372053376285,189.34904909171755,191.1668239815537,171584800
2026-02-24,192.61508178710938,193.53395924081437,187.171708627792,191.2567378902843,175123600
2026-02-25,195.32176208496094,197.38924768090467,193.5539140704845,194.2131137016724,250637100
2026-02-26,184.66476440429688,194.0533071271398,184.09546670933034,194.03334246429932,360807900
2026-02-27,176.97415161132812,182.36756729714082,176.1651407824763,181.0292033274304,311636500
2026-03-02,182.25770568847656,183.2365228635074,174.42725972943845,174.79680413295333,209095300
2026-03-03,179.83065795898438,180.67961330625172,176.70446619030554,178.27256086028186,178099400
2026-03-04,182.8170166015625,184.47499807110998,179.84065106191534,180.22019302825058,177731200
2026-03-05,183.11663818359375,183.83576224630102,177.6632984882966,180.94928366467312,198779700
2026-03-06,177.6033935546875,182.53736302725528,176.6046117177772,179.62092189230134,189021900
2026-03-09,182.427490234375,182.68718325690133,175.34613090826778,176.61458806542097,177213600
2026-03-10,184.54490661621094,186.21287029543888,181.78825925636124,182.17778352587916,179118500
2026-03-11,185.8134307861328,187.40157611978597,184.23526832414757,185.6935753620157,145280400
2026-03-12,182.9268035888672,184.72471123223085,181.53842231669145,183.83574790315467,155762700
2026-03-13,180.0401611328125,185.87335881208497,179.73052445930352,184.70472270189353,160988400
2026-03-16,183.0067138671875,188.66012868968363,181.19882333613754,182.7570048934839,217307400
2026-03-17,181.71820068359375,185.1841623368753,181.4684917186082,184.8445618023411,182497800
2026-03-18,180.1899871826172,183.16652908726184,180.12007659614625,182.26756764801692,156683100
2026-03-19,178.3521270751953,179.77047215436778,175.5853475010711,177.80276430906588,170968500
2026-03-20,172.4989471435547,178.05247199547227,171.52009228430225,177.79278016290237,241323500
2026-03-23,175.43553161621094,178.16234927411983,174.55655117338722,177.0536408486584,182836300
2026-03-24,174.99603271484375,176.01484951930743,173.777451794472,174.6264683383626,147667800
2026-03-25,178.47198486328125,181.00903649280792,176.64412864426953,176.89383761026875,162602100
2026-03-26,171.04066467285156,176.30451888215924,170.9407749866337,175.86504388946904,186152200
2026-03-27,167.32498168945312,170.77096223786808,166.81556566439232,169.80209026823204,196212700
2026-03-30,164.97772216796875,169.25273855906806,164.07877596313077,168.58352034150624,185627000
2026-03-31,174.1969757080078,174.41672082635512,166.7656493784466,166.77563225072552,226181300
2026-04-01,175.54541015625,177.16351944386196,174.54657425208924,175.79511913229018,168132000
2026-04-02,177.18348693847656,177.28337661769746,171.170490985778,171.97954556798163,143143200
2026-04-06,177.43319702148438,177.58301630024127,175.55538077559635,176.953760088437,107564300
2026-04-07,177.89266967773438,178.0225079733855,173.4578360976707,175.52541836668527,132534900
2026-04-08,181.8680419921875,185.0443328296099,180.09011531444295,184.28522303450282,147732700
2026-04-09,183.69590759277344,183.86570786090292,180.40972906189933,181.6283100364998,116428500
2026-04-10,188.41041564941406,189.77881591864653,184.08545448929232,184.09543736125556,160459500
2026-04-13,189.08961486816406,189.43921351677633,185.52377876103736,185.81343445538195,133648200
2026-04-14,196.28123474121094,196.28123474121094,190.54792650193752,190.61783708872017,161307000
2026-04-15,198.63848876953125,200.166706463506,195.5121427945441,196.31119931453722,185338400
2026-04-16,198.1190948486328,199.6173486077875,195.58204328148997,197.20015246424893,134012900
2026-04-17,201.44520568847656,201.46518667284232,199.03802288778024,199.66727910555997,160324400
2026-04-20,201.82476806640625,201.9346406188145,197.6096795882359,199.7471876833392,119381400
2026-04-21,199.64732360839844,202.51397775047528,198.76834314349978,201.89470437258373,107945300
2026-04-22,202.26426696777344,202.26426696777344,198.76834136586132,200.75603026628932,107501000
2026-04-23,199.4075927734375,203.59271751351986,196.99041179336916,202.22431724671497,113561800
2026-04-24,208.0275421142578,210.70441481695215,199.57738430538978,199.72721882416832,214134400
2026-04-27,216.3578338623047,216.5775789683675,207.13858324348888,209.4059296471886,187172400
2026-04-28,212.92184448242188,214.4800260296235,207.95762889823203,209.24613572912838,180275400
2026-04-29,209.00640869140625,212.47237042757808,207.33835459433345,212.4523894424142,123711800
2026-04-30,199.33767700195312,210.05518135667162,198.46867945247158,209.68560172993963,225239200
2026-05-01,198.21897888183594,202.76368521944246,196.89052532216473,201.0456862731779,128647000
2026-05-04,198.24893188476562,201.49514834231712,194.51329562325486,199.26774870200734,125368100
2026-05-05,196.271240234375,200.00689171848026,195.80178617585554,199.06798360144137,113406600
2026-05-06,207.5880584716797,208.0275486883452,198.37879062945476,199.65729931010404,188362800
2026-05-07,211.2537841796875,213.95063795079753,206.25960488465944,208.0974592073836,168307900
2026-05-08,214.94947814941406,217.5464575316693,212.642169707093,212.7820061205359,136421400
2026-05-11,219.18453979492188,222.04121091513153,213.64099781886503,213.79081709888328,160685800
2026-05-12,220.52297973632812,223.48952345691538,214.6698009927987,218.29558003818886,159176600
2026-05-13,225.56710815429688,227.57476278227756,221.3120728008497,224.6681467194947,150405400
2026-05-14,235.465576171875,236.26463268418732,229.03307065698914,229.58243343997336,180782900
2026-05-15,225.05770874023438,231.23050718880455,223.97896415639156,229.49252726355346,180977600
2026-05-18,222.0612030029297,229.7322553439391,218.1157890335498,229.60240180074675,146280900
2026-05-19,220.35317993164062,224.21866983705235,217.6563261548179,219.36432694236115,140948200
2026-05-20,223.20985412597656,225.8667612103758,220.2433103590018,222.9201831873553,184201600
2026-05-21,219.25445556640625,227.13526994336974,217.6762930684293,222.03121805596584,203381800
2026-05-22,215.07933044433594,220.75271088945502,214.54994865072538,220.64283833374193,169275700
2026-05-26,214.60987854003906,217.92600574795006,211.75320730356688,216.28791550863897,187202600
2026-05-27,212.35250854492188,213.90069192498567,208.53694826896,213.87072806866348,167601200
2026-05-28,214.00057983398438,215.2691056248748,210.97410844231206,211.03403615445995,143996000
2026-05-29,210.8942108154297,217.6063892667686,210.88422794322287,214.33020874183248,289410600
2026-06-01,224.09881591796875,224.60821672379726,215.44889364463796,215.47885750139108,212850700
2026-06-02,222.56060791015625,232.00958636747916,221.09231801448135,226.91551751623658,193362900
2026-06-03,214.5,222.56061267075634,214.2602739078757,221.46188713313538,160907000
2026-06-04,218.66000366210938,221.60000610351562,210.97000122070312,213.91000366210938,169022200
2026-06-05,205.10000610351562,214.8699951171875,204.3300018310547,214.52999877929688,219655500
2026-06-08,208.63999938964844,210.47000122070312,206.0,210.17999267578125,138372800
2026-06-09,208.19000244140625,211.39999389648438,199.33999633789062,210.6199951171875,180962500
2026-06-10,200.4199981689453,207.22000122070312,199.9199981689453,204.42999267578125,161746600
2026-06-11,204.8699951171875,205.66000366210938,199.5399932861328,201.49000549316406,158643200
2026-06-12,205.19000244140625,207.07000732421875,203.44000244140625,204.86000061035156,112001800
2026-06-15,212.4499969482422,212.7100067138672,208.33999633789062,208.9199981689453,149936700
2026-06-16,207.41000366210938,211.49000549316406,207.2899932861328,211.17999267578125,125694100
2026-06-17,204.64999389648438,209.2100067138672,203.0800018310547,208.52999877929688,128363500
2026-06-18,210.69000244140625,211.38999938964844,206.5,207.3300018310547,241272000
2026-06-22,208.64999389648438,213.99000549316406,207.72000122070312,211.44000244140625,122041400
2026-06-23,200.0399932861328,203.77000427246094,200.0,202.1699981689453,153496200
2026-06-24,199.0,201.6699981689453,196.5800018310547,200.1199951171875,151810700
2026-06-25,195.74000549316406,200.8000030517578,192.1300048828125,200.0800018310547,149550000
2026-06-26,192.52999877929688,195.5500030517578,191.22000122070312,193.1199951171875,179304100
2026-06-29,194.97000122070312,196.17999267578125,189.8000030517578,193.85000610351562,148835700
2026-06-30,200.08999633789062,200.6300048828125,195.11000061035156,197.24000549316406,166476700
2026-07-01,197.5800018310547,199.85000610351562,193.4499969482422,196.1999969482422,146147600
2026-07-02,194.8300018310547,200.05999755859375,192.35000610351562,197.13999938964844,142068700
2026-07-06,195.5500030517578,197.5500030517578,193.99000549316406,194.4199981689453,108999000
2026-07-07,196.92999267578125,198.41000366210938,191.13999938964844,192.3699951171875,124154600
2026-07-08,204.1199951171875,205.16000366210938,195.05999755859375,195.17999267578125,147419100
2026-07-09,202.77999877929688,204.58999633789062,198.9600067138672,204.4600067138672,132037400
2026-07-10,210.9600067138672,211.0,201.9199981689453,202.0,148421000
2026-07-13,203.52999877929688,210.57000732421875,203.0,208.5399932861328,121411000
2026-07-14,211.8000030517578,212.5500030517578,203.8000030517578,208.1999969482422,124379600
2026-07-15,212.5,213.80999755859375,206.0399932861328,211.9600067138672,124797200
2026-07-16,207.39999389648438,211.0800018310547,205.85000610351562,210.1699981689453,122986100
2026-07-17,202.80999755859375,206.64999389648438,197.97000122070312,202.63999938964844,144281900
2026-07-20,203.27999877929688,207.74000549316406,202.27999877929688,205.8699951171875,88701500
2026-07-21,207.2899932861328,208.64999389648438,204.00999450683594,207.5399932861328,108685600
2026-07-22,212.05999755859375,214.38999938964844,204.9499969482422,205.80999755859375,137645600
2026-07-23,208.75999450683594,210.8699951171875,205.9600067138672,209.4600067138672,110505300
2026-07-24,206.83999633789062,211.91000366210938,204.80999755859375,207.4499969482422,114836800
2026-07-27,196.50999450683594,208.75,195.44000244140625,208.1999969482422,154353700
2026-07-28,197.00999450683594,198.6999969482422,192.74000549316406,195.0,134111500
2026-07-29,190.00999450683594,197.07000732421875,190.00999450683594,195.85000610351562,147680800
2026-07-30,195.0399932861328,197.25,191.52000427246094,193.4499969482422,129010200
2026-07-31,200.75,202.0,194.9499969482422,198.44000244140625,139961200
2026-08-03,206.63999938964844,208.74000549316406,196.85000610351562,197.69000244140625,128406900
2026-08-04,211.94000244140625,213.05999755859375,209.0500030517578,211.3000030517578,134922000
2026-08-05,219.22000122070312,222.22000122070312,216.39999389648438,216.86000061035156,158187400
2026-08-06,218.99000549316406,223.6300048828125,217.0,221.52999877929688,113940600
2026-08-07,223.9600067138672,224.75999450683594,220.66000366210938,221.5399932861328,105669400
2026-08-10,217.5500030517578,224.13999938964844,216.77000427246094,223.39999389648438,115846600
2026-08-11,217.5,222.1999969482422,216.1999969482422,222.1699981689453,101273100
2026-08-12,224.08999633789062,225.10000610351562,220.1999969482422,221.0399932861328,108783600
2026-08-13,225.3000030517578,227.22999572753906,223.7100067138672,225.05999755859375,98867200
2026-08-14,225.16000366210938,227.49000549316406,224.5,226.77000427246094,75504000
