Date,Close,High,Low,Open,Volume
2015-01-02,27.52903175354004,27.831581318802193,27.270975769790905,27.674374624388243,663000
2015-01-05,27.009950637817383,27.463774974848917,27.001051921727758,27.413351180016445,619500
2015-01-06,26.40781593322754,27.054441766673698,26.33069599711457,27.02774562082395,1123800
2015-01-07,26.668842315673828,26.78748904014628,26.401887609924966,26.559094307693886,721200
2015-01-08,27.460813522338867,27.505305411451737,26.938766191561257,26.938766191561257,633000
2015-01-09,27.475637435913086,27.585385426703514,27.14639176628544,27.570554800624414,420900
2015-01-12,26.947668075561523,27.357000631980668,26.81715750047289,27.357000631980668,572400
2015-01-13,26.68366813659668,27.47563504154789,26.547222315144268,27.143422596752544,520800
2015-01-14,26.532394409179688,26.796382256156832,26.259506150280387,26.42561153044544,1241700
2015-01-15,26.321800231933594,26.88537258407125,26.30103769211658,26.740029713582388,663000
2015-01-16,26.609521865844727,26.645115037318682,26.11713749678159,26.229852318086504,876900
2015-01-20,26.885374069213867,26.98325825645101,26.541299406059085,26.745964800048856,395400
2015-01-21,27.190889358520508,27.309536081936614,26.719267572156106,26.83494918827219,433500
2015-01-22,27.35403060913086,27.37775995610632,26.662912741999207,27.167162638170378,1371300
2015-01-23,27.282838821411133,27.40741745160955,27.149361475161896,27.23241332954199,564600
2015-01-26,27.333261489868164,27.395550798533144,27.021813249286886,27.223511801415746,353700
2015-01-27,26.846817016601562,27.098941129311903,26.680711579041834,26.983261193196988,1060800
2015-01-28,26.719268798828125,27.434115976699765,26.70147136518448,27.21758506005329,945900
2015-01-29,26.737064361572266,26.820116217336643,26.238748135216284,26.630281464439125,658200
2015-01-30,26.212051391601562,26.787487548945535,26.173491420451644,26.434514199760475,1456200
2015-02-02,26.2802677154541,26.363321251096508,25.731527808466186,26.259505180171605,927300
2015-02-03,26.74596405029297,26.757827874152166,26.354429009576783,26.392988983004116,631200
2015-02-04,26.846817016601562,27.036651802384114,26.66588094855968,26.674779666300346,1008000
2015-02-05,27.10783576965332,27.119701290608422,26.811218112855116,26.956560985329595,699000
2015-02-06,26.95952796936035,27.37182554761838,26.89130504224171,27.146395923280195,1006200
2015-02-09,26.674779891967773,26.92097039676252,26.606556954464466,26.92097039676252,1523400
2015-02-10,27.57648277282715,27.585381486654867,26.929857045147173,27.004011862207424,1259100
2015-02-11,27.665475845336914,27.76336002718695,27.48750491420169,27.579457184282305,965700
2015-02-12,28.10743522644043,28.11633394289857,27.748528249826254,27.748528249826254,935400
2015-02-13,28.306171417236328,28.38922498064338,28.06294603398444,28.234983375997473,737100
2015-02-17,28.395156860351562,28.427784924705506,28.208288888786377,28.29430755969369,2393400
2015-02-18,28.321001052856445,28.404052911114125,28.20828624062559,28.362526133356972,458700
2015-02-19,28.398117065429688,28.48117060943916,28.23794358573741,28.279470357742145,651600
2015-02-20,28.56719207763672,28.5879563155487,28.25277867689137,28.321001605378374,1902900
2015-02-23,28.389223098754883,28.534564279197557,28.288373804665884,28.534564279197557,673200
2015-02-24,28.76889419555664,28.7807580196286,28.196421404039572,28.38922297189059,842400
2015-02-25,28.620582580566406,28.774822466623128,28.534562224200297,28.706599542419422,387900
2015-02-26,28.816349029541016,28.87864174257443,28.665075940138742,28.757026515619597,295500
2015-02-27,28.730331420898438,28.87270748783453,28.64134765200583,28.810418170707063,350100
2015-03-02,29.519330978393555,29.534161606179353,28.970590961292707,28.97355776575249,865800
2015-03-03,28.97355842590332,29.415517254113634,28.93499675607376,29.415517254113634,1192200
2015-03-04,28.93500328063965,28.943903696228745,28.608725993832426,28.893478191432386,569700
2015-03-05,28.95279312133789,29.118896829102432,28.831181296304226,29.035846672476694,733500
2015-03-06,28.653207778930664,28.905331819445152,28.57312103945442,28.857873136589333,642600
2015-03-09,28.74219512939453,28.81041805531353,28.599819063028693,28.629480319207428,519900
2015-03-10,28.211246490478516,28.623545695228646,28.205314579607897,28.555322779819374,1150500
2015-03-11,28.273540496826172,28.564224544874186,28.26464178041311,28.35362724728711,356100
2015-03-12,28.264644622802734,28.27354334011068,27.95616480816342,27.976927350377444,1173300
2015-03-13,28.45448112487793,28.504904926664008,28.14896472027646,28.332867584557555,539100
2015-03-16,28.88753890991211,28.89347251913997,28.570158706487298,28.60872037744182,657600
2015-03-17,28.67694091796875,28.727366414636364,28.516767408324988,28.67694091796875,439800
2015-03-18,28.8905086517334,29.02991793214185,28.303206875457676,28.668045806257542,466500
2015-03-19,28.955760955810547,29.026947291809673,28.81931510383302,28.86084357813626,283200
2015-03-20,29.365095138549805,29.457045722396508,29.127801666761417,29.16636334102672,462300
2015-03-23,29.121868133544922,29.4066203004392,29.11000430855272,29.373992235825465,401100
2015-03-24,28.872703552246094,29.142625021176976,28.85490612199087,29.142625021176976,580200
2015-03-25,27.53110122680664,28.884309501521702,27.49838611447453,28.851594389189593,1159200
2015-03-26,27.15338897705078,27.328859996856874,26.55262494434835,26.89166980716426,1420500
2015-03-27,27.92367935180664,28.027772421251335,27.10283197362395,27.165287474933812,1165500
2015-03-30,28.280567169189453,28.354919842676182,27.941522313587893,28.10509615311711,1275300
2015-03-31,27.962329864501953,28.215126478009463,27.917719298042048,28.15861873942317,408900
2015-04-01,27.780925750732422,27.90286204373078,27.5638171361529,27.885017127072757,625500
2015-04-02,27.718469619750977,27.971266360166428,27.694676965337933,27.893938956985384,643800
2015-04-06,27.840402603149414,27.902858100842142,27.308041811167747,27.456745458140176,1060800
2015-04-07,27.852296829223633,28.09022331988798,27.798763794270283,27.846347390618654,1043700
2015-04-08,28.0158748626709,28.108070753486246,27.78092305600838,27.795793251186034,876300
2015-04-09,28.381689071655273,28.417378903976527,27.879070313481648,27.879070313481648,597600
2015-04-10,28.4976749420166,28.4976749420166,28.360866775467468,28.40250263772557,264900
2015-04-13,28.328153610229492,28.640431107497157,28.289490763033722,28.536339742931087,436500
2015-04-14,28.0396671295166,28.331126694914882,27.953418977602045,28.331126694914882,664200
2015-04-15,28.506595611572266,28.58986733086795,28.21810910264141,28.253798927236137,444300
2015-04-16,28.384662628173828,28.426300196913683,28.232984250595273,28.232984250595273,523200
2015-04-17,27.980182647705078,28.155653648026995,27.846347507085188,28.155653648026995,497700
2015-04-20,28.218109130859375,28.33112293802518,28.116989095596203,28.122938534224275,398100
2015-04-21,28.41143226623535,28.610695978255716,28.313288621241917,28.533370269646333,454500
2015-04-22,28.81292724609375,28.8188766854627,28.363843277251515,28.586899603615112,450900
2015-04-23,28.366817474365234,28.464962806616246,28.14673585853728,28.301387252864558,588900
2015-04-24,27.899885177612305,28.33112592547307,27.724414158840286,28.313282713060843,630600
2015-04-27,27.97125816345215,28.262717669156213,27.902853238444525,27.93854306049796,595200
2015-04-28,27.99802589416504,28.057508368048477,27.608421050849707,27.986130420459055,1202700
2015-04-29,27.84337615966797,27.92664958585147,27.55488963305756,27.78686840178631,784500
2015-04-30,27.60247230529785,27.896906541067544,27.429976030373208,27.79281349191386,2324100
2015-05-01,28.36979103088379,28.43522124970153,27.84932570181275,27.858248159086504,1523700
2015-05-04,28.313278198242188,28.494696925556024,28.23892553546775,28.435216156764003,662400
2015-05-05,27.697649002075195,28.1824245312863,27.670881628639677,28.11104657057641,748200
2015-05-06,27.664926528930664,27.929620367629582,27.46268987829448,27.80173467599889,1397400
2015-05-07,27.968290328979492,28.009927897696475,27.77200136472059,27.77200136472059,928500
2015-05-08,28.247844696044922,28.366807921536367,28.170519024921536,28.19728468704198,657000
2015-05-11,28.26569938659668,28.369792457645893,28.14970913798922,28.247854471151715,495000
2015-05-12,28.009931564331055,28.179453177652064,27.88204582339256,28.143765043926336,996000
2015-05-13,28.182416915893555,28.384655267482234,28.105091238132157,28.15862426875279,393900
2015-05-14,28.518495559692383,28.622590330497577,28.27462129324198,28.378714362262404,876300
2015-05-15,28.56608009338379,28.673146177503593,28.444142112561774,28.57202953277856,379200
2015-05-18,28.845643997192383,28.86051419113707,28.524440660491734,28.604742771005355,625500
2015-05-19,28.741548538208008,29.05680072646462,28.64042849898379,28.917019545350538,457200
2015-05-20,28.804000854492188,29.00921222616438,28.676115161638773,28.777235189708048,858600
2015-05-21,28.94973373413086,28.99434431346752,28.655301187653674,28.780212171223937,460200
2015-05-22,29.00922203063965,29.11034209288527,28.914051408609627,28.914051408609627,411000
2015-05-26,28.786161422729492,28.991372833462517,28.65530438943454,28.964607163583683,785400
2015-05-27,29.91629981994629,30.01444510355681,28.860502850469466,28.87537303857095,1316100
2015-05-28,29.94605255126953,30.088808458082624,29.746790587071153,29.94605255126953,1225800
2015-05-29,30.059072494506836,30.181012189480587,29.91929128667819,30.041227578082147,1813800
2015-06-01,30.076906204223633,30.2761715270779,29.91630541981135,30.160181315320468,1315800
2015-06-02,29.74083709716797,29.98471301442894,29.696226520534196,29.98471301442894,938700
2015-06-03,29.538610458374023,29.916318233628235,29.51779082079017,29.889552559284702,3604800
2015-06-04,29.270936965942383,29.514812911434074,29.181715802346734,29.413692869836957,1787400
2015-06-05,29.27391242980957,29.3601588760979,29.009216844653952,29.235247882460104,1308000
2015-06-08,28.72369956970215,29.30067252927918,28.646373893270866,29.30067252927918,1367700
2015-06-09,28.70585823059082,28.780212600830854,28.414398697314702,28.74154805602051,1645500
2015-06-10,29.062755584716797,29.163875642797077,28.82482903944241,28.83969923579895,1308900
2015-06-11,29.053823471069336,29.199554078324436,29.027057805668814,29.18468388603872,1614300
2015-06-12,28.7921085357666,28.931889716773618,28.75344399033721,28.931889716773618,657000
2015-06-15,28.73262596130371,28.756416908101126,28.357889618908548,28.494697773700462,828300
2015-06-16,28.81292724609375,28.884306904243427,28.61069055395205,28.67909549241725,679200
2015-06-17,28.836715698242188,28.949731198136334,28.729649636499378,28.845639855469187,727200
2015-06-18,29.244165420532227,29.380971857932803,28.91403969371965,28.91403969371965,796800
2015-06-19,29.09844207763672,29.398824093846276,29.003271470450137,29.31554896166567,1072500
2015-06-22,29.34528350830078,29.41963446674654,29.199552906892126,29.339334070197637,899700
2015-06-23,29.199560165405273,29.44343613472697,29.101418237287945,29.401800268361118,976500
2015-06-24,28.89094352722168,29.227890565467366,28.884982006922964,29.15632843485242,742200
2015-06-25,28.870071411132812,29.063890764461217,28.79850587224054,28.968468908460615,973200
2015-06-26,28.151439666748047,28.610642055274077,28.03812987566917,28.610642055274077,1826700
2015-06-29,27.36125946044922,27.97849847479765,27.340387319431237,27.781698396203915,1572300
2015-06-30,27.459667205810547,27.671376253140185,27.337411676210444,27.61174057465383,4370400
2015-07-01,27.5252628326416,27.892027648808963,27.468607924609163,27.850281657698297,1442400
2015-07-02,27.65348243713379,27.73995518173498,27.537190151533107,27.57893614395941,1002300
2015-07-06,27.250930786132812,27.653478320648684,27.131657758538474,27.403004109592587,3059400
2015-07-07,27.16445541381836,27.26583705086451,26.34147075030963,27.262856291849385,2893200
2015-07-08,26.43093490600586,26.875226828062885,26.365334298395723,26.800680527940788,1993500
2015-07-09,26.093984603881836,26.97362435120498,26.08503891249358,26.91100451148719,3779700
2015-07-10,26.57703971862793,26.669477391200044,26.377258869162866,26.404094236832062,1492200
2015-07-13,26.800676345825195,26.85435049252138,26.609841191475642,26.809622036941224,1103700
2015-07-14,27.080974578857422,27.14657519117103,26.8990833679832,26.931883674140003,1011300
2015-07-15,26.91995620727539,27.14061266289793,26.797702378872017,27.14061266289793,1074900
2015-07-16,26.970640182495117,27.119732754597912,26.72314842376647,27.119732754597912,1657500
2015-07-17,26.91398811340332,26.955734106238566,26.702279095665535,26.955734106238566,1542000
2015-07-20,26.729110717773438,27.057113682486833,26.71420180232574,27.01238522992773,1096800
2015-07-21,26.735078811645508,26.970642433531587,26.696313579436417,26.741042037286828,678600
2015-07-22,26.070133209228516,26.141697042940002,25.780895408146776,26.03435043926458,3495300
2015-07-23,26.4577693939209,26.77086007011312,26.216240838387286,26.216240838387286,1139700
2015-07-24,25.9270076751709,26.58897361802514,25.9001705954897,26.53530116487926,2122800
2015-07-27,25.736162185668945,25.915070871888467,25.464815837745245,25.76896248115598,1569000
2015-07-28,26.27289581298828,26.4309323844511,25.664602429938114,25.867367459693575,2151900
2015-07-29,26.305696487426758,26.35638646592368,26.019439468935246,26.25202233671296,1403400
2015-07-30,26.410051345825195,26.49652577291214,26.096959047871643,26.168522855442532,3404700
2015-07-31,26.102924346923828,26.448816941510813,26.055215141202577,26.448816941510813,1690800
2015-08-03,26.01943588256836,26.12678246298368,25.876308246158604,26.076090785257556,1101900
2015-08-04,25.73019790649414,25.986635345913623,25.56619813112047,25.935945374871725,2780100
2015-08-05,26.055217742919922,26.237108894617787,25.867363366465394,25.879289815978723,1431300
2015-08-06,25.590059280395508,26.102934290377593,25.393259158381735,26.102934290377593,2950500
2015-08-07,25.736162185668945,25.762997550183098,25.461833372258805,25.48568797750247,946800
2015-08-10,26.37428092956543,26.419007687500677,25.9299889916961,25.96278759045208,1439100
2015-08-11,25.78089714050293,26.114861720264066,25.67653299605051,26.111880960044367,2166000
2015-08-12,25.929988861083984,26.055225147645004,25.265040484587423,25.467803833665606,2565600
2015-08-13,25.721256256103516,26.031367887052625,25.664603051255018,25.927003756798193,903300
2015-08-14,25.509546279907227,25.625838563709596,25.354490470242798,25.625838563709596,1231500
2015-08-17,25.72721290588379,25.77492210971458,25.273973763275524,25.402194168063463,794400
2015-08-18,25.24118995666504,25.69144519160043,25.20242471291769,25.688464431000668,1221600
2015-08-19,25.014562606811523,25.30081790989579,24.8505628125839,25.29485468430225,1461000
2015-08-20,24.07529067993164,24.755146270474135,24.066344987132865,24.743219817553396,2677500
2015-08-21,23.41629981994629,24.13193971342573,23.41629981994629,23.765174929176226,4139700
2015-08-24,22.891498565673828,23.90830265337208,21.725603614975444,22.059568103576716,5372700
2015-08-25,22.66487693786621,23.84269994014564,22.66487693786621,23.79200826637197,2749500
2015-08-26,23.79499626159668,23.824814097232682,22.924302152538456,23.371576511943598,3394800
2015-08-27,24.680599212646484,24.713399514231824,24.182633169217024,24.20947024493674,3912300
2015-08-28,24.82372283935547,24.874414516521643,24.59114000620478,24.59114000620478,2056200
2015-08-31,24.755138397216797,25.005612597271014,24.510629127942273,24.632884615687484,1644000
2015-09-01,23.8814640045166,24.498702968899163,23.765173446174106,24.012663477553062,2040000
2015-09-02,24.45098876953125,24.45098876953125,24.018625182822706,24.284008264897096,1447200
2015-09-03,24.64183807373047,24.966856948830753,24.561328544983798,24.63587484728683,952500
2015-09-04,24.215431213378906,24.51063219391132,24.12001278355898,24.301905658342314,998100
2015-09-08,25.288888931274414,25.297834621878767,24.746196213527828,24.74917867913462,2252400
2015-09-09,24.82372283935547,25.688453579441063,24.773031162189294,25.512525648353748,2599800
2015-09-10,24.934053421020508,25.160673058749712,24.579216753352764,24.811799616754787,1707600
2015-09-11,24.948959350585938,24.963869972306703,24.606049175328515,24.71637651503652,1901100
2015-09-14,25.005617141723633,25.136818343266633,24.9340533153046,25.071217742495133,1593000
2015-09-15,25.324670791625977,25.39325385303177,25.10997932895234,25.12190577932617,1239600
2015-09-16,25.378347396850586,25.40816523189145,25.115946694815275,25.265037576235823,1427100
2015-09-17,25.175580978393555,25.58409177957702,25.121906830816528,25.33361754286601,1956300
2015-09-18,24.737253189086914,25.056308794760326,24.641834753977715,24.7998713238503,1840500
2015-09-21,24.662704467773438,24.97579681696981,24.54343143563425,24.895287306998856,2055600
2015-09-22,24.120014190673828,24.310851061446733,24.02161328935047,24.2422697008438,2840700
2015-09-23,23.941102981567383,24.257177818022083,23.91128514804665,24.137904777722994,1437900
2015-09-24,23.893396377563477,24.042488973898813,23.261248341761437,23.714487650663948,4153500
2015-09-25,24.024730682373047,24.378564796701763,23.79383942418823,24.21963799600495,1764900
2015-09-28,23.359039306640625,24.00373552624421,23.356040073151775,23.87179842148155,5704500
2015-09-29,23.514965057373047,23.736862008011734,23.26308435098403,23.422009409216837,1279800
2015-09-30,24.42654037475586,24.450529097350884,23.892790010159946,23.928773951956877,1386600
2015-10-01,24.135683059692383,24.414551821523737,23.715879441754943,24.414551821523737,2105100
2015-10-02,24.639434814453125,24.654429264468437,23.80282720556576,23.81482242241632,2045700
2015-10-05,25.11921501159668,25.23916034475137,24.801364854582403,24.879329492713836,2508300
2015-10-06,25.200176239013672,25.266145655074755,24.750387261591786,25.065239888948863,3105900
2015-10-07,25.533023834228516,25.69194892553238,25.1072235294129,25.41308020722475,1994100
2015-10-08,25.700950622558594,25.74593056505977,25.296141434904218,25.518036765212127,1840500
2015-10-09,25.542022705078125,25.781909986175073,25.389094348902677,25.748925270548096,1390800
2015-10-12,25.542022705078125,25.595996914372645,25.407086323937243,25.518033976968432,1982400
2015-10-13,25.227169036865234,25.503040257441995,25.20318030967635,25.362105412826587,1438200
2015-10-14,26.14473533630371,26.37262906935868,25.284138801183644,25.353105738392983,3415800
2015-10-15,26.390625,26.591530818664452,26.165730452477238,26.33665078902112,2243400
2015-10-16,26.450593948364258,26.48357866036705,26.234695419098777,26.405614015719998,1426500
2015-10-19,26.441598892211914,26.621513481692478,26.24369061323153,26.366633479039734,1389000
2015-10-20,26.41761016845703,26.50456908689213,26.267681057907172,26.43260290793111,996900
2015-10-21,26.456594467163086,26.957360255101676,26.44759847935356,26.678491496243236,1579800
2015-10-22,27.374162673950195,27.419140893968027,26.837412973206416,26.888389661873912,2399100
2015-10-23,27.707002639770508,27.781968047545814,27.338175784707346,27.617046209410848,3199500
2015-10-26,27.2092342376709,27.58105856099829,27.074296178633222,27.58105856099829,3103200
2015-10-27,26.97234535217285,27.161255895207677,26.897379952211594,26.9663486006024,3168900
2015-10-28,27.371166229248047,27.44313241809671,27.050316756154924,27.164263650784296,3307800
2015-10-29,26.63650894165039,26.918375199661675,26.558544291319393,26.84640901799322,1950600
2015-10-30,26.84940528869629,26.945360186996098,26.690480202863352,26.738457652013253,1505400
2015-11-02,27.086292266845703,27.122274492151274,26.894382489726,26.921368729752988,1122300
2015-11-03,27.22723388671875,27.33818154686092,26.999340097165643,26.999340097165643,1026300
2015-11-04,27.305192947387695,27.36816313928355,27.11328313749212,27.251218742306826,1472100
2015-11-05,26.732460021972656,27.22123048361301,26.69347684448569,27.182249021934915,2101800
2015-11-06,27.440126419067383,27.452121638823137,26.91237621341806,26.954355193041042,1913700
2015-11-09,27.17326545715332,27.37117208991021,27.032330568100512,27.37117208991021,1821900
2015-11-10,26.67848777770996,26.882391086941123,26.597525614518208,26.882391086941123,2517900
2015-11-11,26.699472427368164,26.98134033036373,26.675483706172983,26.741453118411904,1607400
2015-11-12,26.354644775390625,26.720472489438922,26.354644775390625,26.55854812833876,2419200
2015-11-13,26.11775016784668,26.444598064497033,26.015798510186162,26.34564392523859,1488300
2015-11-16,26.438596725463867,26.456588697158995,26.096757842300722,26.102754594262812,1824000
2015-11-17,26.61551856994629,26.822422850082738,26.438601486638227,26.474585436508622,2051700
2015-11-18,26.87938690185547,26.906374856551423,26.471578642699107,26.654492426815214,2264700
2015-11-19,26.9423770904541,27.188261220011377,26.7984446659606,26.9423770904541,1168200
2015-11-20,27.029327392578125,27.176257289811012,26.96035872221538,27.056315356956066,598200
2015-11-23,26.705474853515625,26.98734281640694,26.66949262198112,26.98134606378603,1169400
2015-11-24,27.020326614379883,27.0743008177581,26.534555352357923,26.648500511532166,1676700
2015-11-25,27.059310913085938,27.173257800004325,26.93936727312163,27.041318938139,462300
2015-11-27,27.176252365112305,27.27820573485857,27.07430071117502,27.07430071117502,588600
2015-11-30,27.47011375427246,27.54807667776173,27.206237792162803,27.215232062265596,1134900
2015-12-01,27.89591407775879,27.89891159586177,27.584060667472055,27.647030853149996,1731600
2015-12-02,27.76397705078125,28.06983372901694,27.71000284750701,27.99786755271495,996900
2015-12-03,27.596057891845703,28.16279307096896,27.45512476354849,28.132805875234336,1847700
2015-12-04,28.072834014892578,28.14779942811081,27.521091593430288,27.56607152768485,1254900
2015-12-07,27.844940185546875,28.048845216757794,27.784969227773043,28.048845216757794,1502100
2015-12-08,27.608062744140625,27.69202246038253,27.34718417351785,27.473126321595263,1609200
2015-12-09,27.24822235107422,27.638038739597715,27.116283493408627,27.608053259513397,1364700
2015-12-10,27.38016128540039,27.605055832373964,27.206243430554693,27.224233690297567,1127400
2015-12-11,26.867403030395508,27.197248493082,26.825422324422473,27.101293574177515,2222100
2015-12-14,26.6934871673584,26.957364946872982,26.423614349339704,26.85541154449343,2588100
2015-12-15,27.09529685974121,27.200247766920384,26.810429621452233,26.900387787007137,1524000
2015-12-16,27.299196243286133,27.35317216427195,26.870398404467217,27.260214777557966,1255200
2015-12-17,26.92436981201172,27.527087140587714,26.900381088224748,27.458118487319627,1064700
2015-12-18,26.612516403198242,26.843409385870764,26.552545447767756,26.759449705106285,1937700
2015-12-21,27.06830406188965,27.092292787366798,26.756450630686704,26.774440887937825,953100
2015-12-22,27.11029052734375,27.20024869597126,26.897389471064994,27.15526875375283,796500
2015-12-23,27.299196243286133,27.323184969565705,27.101289680431947,27.143268664564406,1291200
2015-12-24,27.408279418945312,27.510447676879046,27.255026172317535,27.273054651161594,506700
2015-12-28,27.30010414123535,27.30010414123535,27.029658003042723,27.27907005295979,342900
2015-12-29,27.618627548217773,27.744835499230387,27.387244012088818,27.46837818615532,596400
2015-12-30,27.369213104248047,27.66670447627447,27.34817730130974,27.609609998869985,1165800
2015-12-31,26.996604919433594,27.27306056902729,26.981580324076244,27.2610415805233,776700
2016-01-04,26.6840763092041,26.6840763092041,26.293431855366972,26.452692835105413,1023000
2016-01-05,26.431663513183594,26.789254968828224,26.374569035741487,26.735166097366204,1329000
2016-01-06,25.51815414428711,25.977913829292838,25.4580540636175,25.86372487963848,1541100
2016-01-07,24.8029727935791,25.385936562222028,24.748883921262557,25.025341214354665,2026800
2016-01-08,24.445384979248047,25.067413078024824,24.382281003327318,24.974258197821623,1465200
2016-01-11,24.52952766418457,24.751896144407635,24.198981410408415,24.60164847249291,1000800
2016-01-12,24.73386001586914,24.968247428345734,24.391294855759845,24.79996959467485,1073700
2016-01-13,23.946557998657227,24.92918135281328,23.94054850632201,24.739867728893493,1756200
2016-01-14,24.439376831054688,24.568588676816763,23.73921840595954,24.06676072864586,1294200
2016-01-15,23.3365478515625,23.646058162482706,23.024031935111953,23.474776475240656,1663800
2016-01-19,23.375612258911133,23.883451270821958,23.171274068037047,23.685122571588707,986100
2016-01-20,23.52886199951172,23.76324933345005,22.879788853389034,23.081121409000474,1718700
2016-01-21,23.87744903564453,24.168929242527767,23.549906709594936,23.763260062496297,1162200
2016-01-22,24.313169479370117,24.484452953724016,24.165927419847478,24.331199680766243,1642800
2016-01-25,23.976604461669922,24.310156180546713,23.931530695084344,24.25907120285321,1261500
2016-01-26,24.198978424072266,24.38829208360951,23.96759659081963,24.042721277233394,1683300
2016-01-27,23.92251968383789,24.37927379717702,23.826360923134914,24.120846697924208,1650000
2016-01-28,23.868431091308594,24.15390177070506,23.67310796153988,24.021684332911782,525000
2016-01-29,24.950214385986328,24.95321999175457,24.06675543007478,24.06675543007478,1774500
2016-02-01,25.061397552490234,25.190611088358924,24.69178714045982,24.75489110552051,1923600
2016-02-02,24.235029220581055,24.790947553067983,24.16591577447402,24.790947553067983,1210200
2016-02-03,24.292129516601562,24.553562215264087,23.80232062681241,24.553562215264087,1507800
2016-02-04,24.71282386779785,24.866075377571118,24.271092656912703,24.292128459023893,1115400
2016-02-05,23.86542510986328,24.604646009692246,23.76626074348721,24.604646009692246,2381400
2016-02-08,23.26443862915039,23.471780792596224,22.894828087545317,23.46276569164797,3249300
2016-02-09,23.13221549987793,23.54089026299166,22.93088286488275,22.981967855067367,859200
2016-02-10,22.95191764831543,23.522860779298405,22.92787795563672,23.318524251256594,2616000
2016-02-11,22.774621963500977,22.90383723051005,22.477130587413807,22.58831565721657,1256100
2016-02-12,23.273452758789062,23.300496341050486,22.708519065610016,23.02704459503298,1213500
2016-02-16,24.09079360961914,24.21399764659211,23.50783164722707,23.58295459218889,1281300
2016-02-17,24.664749145507812,24.71282853161531,24.214004470886422,24.250063150739805,1126200
2016-02-18,24.54755210876465,24.872088792215003,24.523512418118486,24.851054707694974,1015200
2016-02-19,24.655733108520508,24.799971261360525,24.484449657227582,24.589623525271897,545400
2016-02-22,25.04337501525879,25.172586862315224,24.902140742362086,24.902140742362086,1787400
2016-02-23,24.649715423583984,24.965236944869993,24.601637771382208,24.920163178737976,764100
2016-02-24,24.977258682250977,25.031347547740946,24.20498309824218,24.355230711027218,1031700
2016-02-25,25.28076171875,25.304801407670787,24.781937743780112,25.05839502609626,1239000
2016-02-26,25.44302749633789,25.53618235621934,25.334848047320015,25.5031275723376,921300
2016-02-29,25.382936477661133,25.827669946918675,25.382936477661133,25.491114238497747,1171200
2016-03-01,26.068063735961914,26.10111680377626,25.557219055712263,25.569238040471262,1164900
2016-03-02,26.230331420898438,26.245356012189443,26.022989309955744,26.02899880258129,1033200
2016-03-03,26.260379791259766,26.32648936645886,26.068063997010565,26.23934570799378,869400
2016-03-04,26.53083038330078,26.750191495850807,26.2453579691232,26.440681109378684,1378500
2016-03-07,26.651033401489258,26.747192184935784,26.275413368583106,26.368566545251422,1113600
2016-03-08,26.04702377319336,26.458704025883396,26.01096338576759,26.44067383217051,1032900
2016-03-09,26.230331420898438,26.29644099814227,26.035008295206843,26.119148069781588,578700
2016-03-10,26.362552642822266,26.617974153708857,26.007966758293136,26.395607434036446,2480700
2016-03-11,26.86437225341797,26.89141754316753,26.593926233737772,26.64801509378304,656100
2016-03-14,26.8012752532959,26.88842063640144,26.68107680007793,26.762210970931847,752400
2016-03-15,26.732158660888672,26.73516426666295,26.515801470401534,26.71112285937694,2064300
2016-03-16,26.972557067871094,27.005611855445096,26.563882351567184,26.563882351567184,1463400
2016-03-17,27.15886688232422,27.22798034852629,26.849354788850654,26.89142467758224,940200
2016-03-18,27.516456604003906,27.549511393719833,27.128815945830947,27.19492724471711,1722300
2016-03-21,27.552515029907227,27.585569817259795,27.318127631968935,27.426305372891722,672000
2016-03-22,27.546510696411133,27.65168285110603,27.351187541640154,27.417297128726272,653100
2016-03-23,27.186626434326172,27.530226043747984,27.180597069953826,27.506113760198268,735600
2016-03-24,27.168550491333008,27.183620457796973,26.873173629768516,27.017847377399125,602400
2016-03-28,27.153472900390625,27.25896436066434,27.03893911784812,27.225809753894318,476100
2016-03-29,27.527217864990234,27.54831719598515,26.909340668633337,27.03592975601494,1197600
2016-03-30,27.76833724975586,27.94013793567686,27.656818141659453,27.67188810495391,688800
2016-03-31,27.614625930786133,27.75327029799832,27.605583606898914,27.72915973382832,536700
2016-04-01,27.804506301879883,27.81656158255291,27.346372868016868,27.37651279434617,453000
2016-04-04,27.557357788085938,27.807521264228264,27.503105571853077,27.786423659206278,653700
2016-04-05,27.40364646911621,27.590515437806303,27.283083285001013,27.39158946084583,541500
2016-04-06,27.665863037109375,27.68997532555197,27.14744797327008,27.37350089300029,5235600
2016-04-07,27.243898391723633,27.560372838966302,27.14142159224727,27.560372838966302,1107300
2016-04-08,27.370485305786133,27.623663447791003,27.274036161280137,27.551326589411506,1175400
2016-04-11,27.36445426940918,27.768335468521556,27.355411947083184,27.500087379652467,789300
2016-04-12,27.32527732849121,27.4307688099168,26.97564827079667,27.40062887940862,1233000
2016-04-13,27.937122344970703,27.961232904252228,27.49707186979776,27.512141831672007,1008600
2016-04-14,27.72313690185547,27.76533384839171,27.445844652785716,27.692996964892732,725700
2016-04-15,27.485023498535156,27.7020341084339,27.454881842563957,27.66285012813604,1100100
2016-04-18,27.488037109375,27.554346339579826,27.334321041467017,27.38556030565203,980100
2016-04-19,27.153472900390625,27.57543874148548,27.03893911784812,27.54831177467911,1293000
2016-04-20,27.412689208984375,27.536263628904653,27.081144759268327,27.084157717896147,1105500
2016-04-21,27.249923706054688,27.40363974473808,27.120319953348165,27.40363974473808,825300
2016-04-22,27.29814910888672,27.539271975994524,27.078123845908305,27.271022139594546,731400
2016-04-25,27.135393142700195,27.370488390087452,27.05401395227203,27.2137576502803,1796100
2016-04-26,27.49707794189453,27.747243158472724,27.337334241175906,27.340348924075116,1356300
2016-04-27,27.77737808227539,27.822589694379708,27.1986832445134,27.22581021177599,1516800
2016-04-28,27.051000595092773,27.780396890693307,26.978662004981835,27.629695518804983,1489500
2016-04-29,26.336668014526367,26.94550276307972,26.13472741755492,26.94550276307972,2604000
2016-05-02,26.535593032836914,26.571762320456145,26.201035745591838,26.405989293278942,1144200
2016-05-03,26.23419189453125,26.393937301887874,26.113630461859024,26.270361186656302,3286800
2016-05-04,25.93580436706543,26.22816651322071,25.845382853611113,26.044310528139988,2537100
2016-05-05,25.99909782409668,26.249264748227333,25.905663356369473,26.086506375731172,1178100
2016-05-06,26.03526496887207,26.0533496142449,25.676595367093388,25.887576572738475,1242000
2016-05-09,26.00211524963379,26.222140543982384,25.926763696176785,26.083494444466186,975000
2016-05-10,26.309545516967773,26.321602523511718,25.917721260963514,26.074450273506454,830100
2016-05-11,26.246252059936523,26.48134731311243,26.21008448810399,26.21008448810399,2676300
2016-05-12,25.77605628967285,26.35475284263649,25.56808805132726,26.306526548963443,1212000
2016-05-13,25.869497299194336,26.08349321745377,25.794145749281995,25.848397968402466,1603500
2016-05-16,26.285425186157227,26.463253474581453,25.794137243907286,25.88455872905707,712800
2016-05-17,26.113632202148438,26.390924378097512,26.03526769685074,26.246250649249358,624000
2016-05-18,26.520524978637695,26.749590826330458,26.005124665520633,26.005124665520633,2003400
2016-05-19,26.37284278869629,26.571768744757033,26.143775177449935,26.34872877468901,1394700
2016-05-20,27.171554565429688,27.198681530983265,26.689308897676405,26.69232357984232,1679400
2016-05-23,27.36144256591797,27.60558010597063,27.35240024317749,27.35240024317749,735900
2016-05-24,28.021512985229492,28.054667589447142,27.554337293402323,27.587491897619973,1587600
2016-05-25,28.18729019165039,28.26264173745719,27.970279602345403,28.19331955706067,1248600
2016-05-26,28.280719757080078,28.347028963879392,28.160158346829714,28.229480510981254,912300
2016-05-27,28.458553314208984,28.506777887224906,28.256612699123952,28.256612699123952,861600
2016-05-31,28.62432861328125,28.651453859831992,28.434443264191522,28.51280777034441,2144400
2016-06-01,28.775026321411133,28.81119388709007,28.48869185515554,28.60021095924841,1314300
2016-06-02,28.78105926513672,28.78105926513672,28.597203271159703,28.723792361332894,740700
2016-06-03,28.865453720092773,29.046296770180632,28.69666940282658,29.031226803447833,1316100
2016-06-06,28.799135208129883,29.037245075616166,28.750910643151204,28.883527334519332,1886100
2016-06-07,29.073415756225586,29.130684376906437,28.91970143881178,28.922716121367646,1399200
2016-06-08,29.061365127563477,29.136714957054767,28.970945332173923,29.073420410423264,418800
2016-06-09,29.094518661499023,29.10958862683741,28.7750312571724,28.87449337333517,1087200
2016-06-10,28.6182918548584,28.799134833499213,28.515815086773383,28.799134833499213,1038900
2016-06-13,28.470603942871094,28.787076554499556,28.410322377779814,28.43443465888705,1664400
2016-06-14,28.461572647094727,28.53692247683927,28.190308086073223,28.377178768204377,1265700
2016-06-15,28.458553314208984,28.654466288828715,28.41032874119306,28.60624171581279,706500
2016-06-16,28.455533981323242,28.473618624410435,27.96726069049449,28.17824359412109,4066500
2016-06-17,28.21441650390625,28.410329483645814,28.009462925555866,28.410329483645814,1817700
2016-06-20,28.52787971496582,28.868466459060016,28.512809749247957,28.624330599924793,1106100
2016-06-21,28.618282318115234,28.70294363326054,28.515480775535043,28.648517760619,966600
2016-06-22,28.5910701751709,28.893428050526953,28.55781049746153,28.66061203667361,918900
2016-06-23,29.30463409423828,29.33789376789202,28.878306808394594,28.965990616158066,1099200
2016-06-24,27.714229583740234,28.51548092507815,27.60840380430977,28.064966601005114,2657100
2016-06-27,26.589458465576172,27.33930829167477,26.408042320012154,27.33628578498667,5307000
2016-06-28,27.284881591796875,27.339305738338137,26.931122044110026,27.00368814953585,2741700
2016-06-29,27.83517837524414,27.916815470039364,27.505607489289897,27.605384815063122,2353800
2016-06-30,28.312904357910156,28.343141534970396,27.817036799562846,27.8714609500912,1577400
2016-07-01,28.08008575439453,28.176840559938242,28.022637372338906,28.098227712962075,1338000
2016-07-05,27.56607437133789,27.859363022508433,27.399777699193827,27.859363022508433,2583300
2016-07-06,27.602354049682617,27.647707208726935,27.100438143765537,27.366513816405515,1725300
2016-07-07,27.93797492980957,28.143579748384397,27.6446880186105,27.6446880186105,1184100
2016-07-08,28.71504020690918,28.7392271779667,28.210099988667256,28.225217710634396,1075200
2016-07-11,29.03856086730957,29.162530332435665,28.911570626147103,28.93273681974903,960900
2016-07-12,29.41651725769043,29.5162963148077,29.250218829161646,29.30464471310524,3075300
2016-07-13,29.452787399291992,29.63117923181874,29.40743078711547,29.52232751486352,1431000
2016-07-14,29.66747283935547,29.74910646343225,29.480008238999087,29.718871018909407,1401300
2016-07-15,29.658403396606445,29.709805042046874,29.54048238179902,29.67352112053302,1151100
2016-07-18,30.093791961669922,30.148217829269047,29.9486597749632,30.033321082264855,1426200
2016-07-19,29.99100112915039,30.07263823427383,29.897270535178293,30.04542701930792,845400
2016-07-20,30.465702056884766,30.54129067760394,30.06356505829836,30.160319876909,1967100
2016-07-21,30.251020431518555,30.51407362558644,30.127054425222006,30.495931668041287,1458000
2016-07-22,30.402202606201172,30.420344564642594,29.963781747836975,30.148222108470794,1398900
2016-07-25,30.57756805419922,30.635018161828214,30.396151943081914,30.396151943081914,710100
2016-07-26,31.762828826904297,31.90493684465273,30.870869093891503,30.870869093891503,4409700
2016-07-27,31.759790420532227,32.05912750969726,31.575353541553696,32.04703402554976,3430500
2016-07-28,31.584430694580078,31.796082291143236,31.44534694151297,31.617690379478226,2495700
2016-07-29,31.445348739624023,31.68118732402145,31.303237281355578,31.578384026598624,1017000
2016-08-01,31.469533920288086,31.584430699022832,31.36068561525394,31.514887092366877,1479300
2016-08-02,30.985761642456055,31.412089097415738,30.79830046948112,31.412089097415738,4523400
2016-08-03,31.025062561035156,31.031107573452807,30.813411001475657,30.81945601389331,1248900
2016-08-04,31.315330505371094,31.32742399179871,31.046228805950292,31.103678921875247,1218600
2016-08-05,31.714435577392578,31.747695252202078,31.454406650781632,31.499759809097085,1239000
2016-08-08,31.678163528442383,31.89888785125249,31.62071686511025,31.823295765530663,695700
2016-08-09,31.935157775878906,32.03795756944358,31.799094849407123,31.853520712040627,1128000
2016-08-10,31.71744728088379,31.998642287690352,31.584408634213037,31.96235839128509,2446800
2016-08-11,31.838396072387695,31.880728447686714,31.672101187272812,31.853517249439903,1129500
2016-08-12,31.986555099487305,32.056098678759845,31.865613354899097,31.898873026705626,575100
2016-08-15,32.42196273803711,32.500579051275054,32.05308544610353,32.05308544610353,683100
2016-08-16,32.195186614990234,32.37055770408573,32.15890616297243,32.37055770408573,1883100
2016-08-17,32.18913650512695,32.2133234693082,32.016789679384544,32.20727845837477,1782300
2016-08-18,32.42196273803711,32.42498697473473,32.17100645573539,32.198217665563874,693000
2016-08-19,32.700130462646484,32.7787433078997,32.45219844151512,32.45219844151512,1472400
2016-08-22,32.715248107910156,32.79386095297953,32.576164375898905,32.64872874818421,770700
2016-08-23,32.875492095947266,33.020624274526504,32.8603743769426,32.8603743769426,825600
2016-08-24,32.60337448120117,32.948064753526076,32.51871316620872,32.92085008714215,917700
2016-08-25,32.73641586303711,32.88759654782356,32.50359809289745,32.50359809289745,940200
2016-08-26,32.881553649902344,33.12948918453626,32.660832788483724,32.7908472997859,932100
2016-08-29,33.01155090332031,33.13854111118517,32.97224276268421,33.02062014950052,810900
2016-08-30,32.948062896728516,33.19901913104875,32.83014190964252,33.017606486577236,3181200
2016-08-31,32.92689514160156,32.97527253654314,32.74245826976293,32.9389886252809,1447200
2016-09-01,33.18693542480469,33.21112586066286,32.76061143241769,33.02063699148419,1393800
2016-09-02,33.15367889404297,33.359285507620186,33.00249817115838,33.33509506945933,1664400
2016-09-06,33.07808303833008,33.256474937486615,32.908760388862014,33.211121768594275,1085400
2016-09-07,32.827125549316406,33.1325111866044,32.766654653317886,33.12646271291446,3814200
2016-09-08,32.7696647644043,32.85734683376069,32.57615521244349,32.7212873764141,1353300
2016-09-09,31.60559844970703,32.512675776753504,31.508843627094752,32.512675776753504,2546400
2016-09-12,32.195186614990234,32.23147052723236,31.242756410092547,31.348583910761356,2162700
2016-09-13,31.91097068786621,32.3070625657534,31.75072077916776,32.034936684347265,1202100
2016-09-14,32.19215774536133,32.270770561971446,31.78699326089847,31.82932563461246,1094100
2016-09-15,32.93598175048828,32.99645265463155,32.1347284296873,32.17705737054244,1795500
2016-09-16,32.945030212402344,33.28064767088039,32.694070582212156,33.17784789075271,1916100
2016-09-19,32.984352111816406,33.468126161954,32.87550035536674,33.15064706264655,1180500
2016-09-20,32.83619689941406,33.196004944103414,32.75455980910829,33.174838747290785,1076100
2016-09-21,33.289730072021484,33.341131707166994,32.85735425773388,32.99946567849633,1295700
2016-09-22,33.398590087890625,33.60721747776628,33.301835256057686,33.507438408646244,1056600
2016-09-23,33.056907653808594,33.3653139608689,33.01457873331954,33.35019624210681,818100
2016-09-26,32.73112487792969,32.9315171515368,32.59449078136853,32.82221195913752,1149300
2016-09-27,33.295875549316406,33.301949411866474,32.637003927373144,32.655218565523874,1034700
2016-09-28,33.362674713134766,33.532704645218836,33.159242011199595,33.41732905277775,840600
2016-09-29,33.77257537841797,33.982078479454074,33.01350234450455,33.37785767876299,2580900
2016-09-30,34.30695343017578,34.52860073575046,33.97296053163942,33.97296053163942,1372500
2016-10-03,34.076194763183594,34.53771095172958,34.00939618459146,34.38893261529701,3632100
2016-10-04,33.98813247680664,34.325162214624605,33.85757228371457,34.21889051223658,1019400
2016-10-05,34.23711395263672,34.47697934077061,34.01546667274384,34.09744642245402,3852600
2016-10-06,34.43751525878906,34.464840688211915,34.00029101427637,34.212831011924834,2603700
2016-10-07,34.385894775390625,34.49216650206818,34.076193862264695,34.49216650206818,1383900
2016-10-10,34.21284103393555,34.67739084395225,34.20069330641191,34.546830571076576,1210500
2016-10-11,33.49626159667969,34.17031420465488,33.20174189395899,34.17031420465488,1871400
2016-10-12,33.3839225769043,33.48411696590692,33.08636591632339,33.47500964863361,1567500
2016-10-13,32.98920822143555,33.08636916405033,32.45785649327707,33.08636916405033,2082000
2016-10-14,33.238182067871094,33.62682581059463,33.20781970981446,33.28979599171788,1365000
2016-10-17,33.06510925292969,33.38392093782744,33.04689114452848,33.2047802590893,701100
2016-10-18,33.44769287109375,33.58432351401818,33.38393120944569,33.47198137326922,891600
2016-10-19,33.30801773071289,33.35052781642335,32.992246392718435,33.15620592388845,1192200
2016-10-20,33.54180908203125,33.663261988857904,33.043860155964985,33.24728934459448,2059800
2016-10-21,33.4567985534668,33.490197848386096,33.141023717388855,33.27462089706605,1095900
2016-10-24,34.07012939453125,34.091384440676954,33.63290506864148,33.63290506864148,711000
2016-10-25,34.03976058959961,34.19157586595899,33.97599893797354,34.08834106106468,823500
2016-10-26,33.991172790527344,34.19156849515173,33.751307415892754,33.77863283934202,1119900
2016-10-27,33.833282470703125,34.40106674701199,33.787738946351794,34.32212394318672,1385700
2016-10-28,33.62985610961914,34.17335199711014,33.59342336822077,33.969919352579005,1798500
2016-10-31,33.81203079223633,33.972953345766186,33.74826915686595,33.74826915686595,913200
2016-11-01,33.51145935058594,34.085314387919915,33.14406703567588,33.818123451826686,1674000
2016-11-02,33.2897834777832,33.71790020989685,33.1804783349183,33.53268572567623,2461200
2016-11-03,33.23211669921875,33.523599580753284,33.11066376120434,33.30498568222736,1512600
2016-11-04,33.0225944519043,33.31407716446467,32.79183643577367,33.03777562601173,1259100
2016-11-07,33.951698303222656,33.972949863001816,33.502326496741375,33.63592361420198,4797900
2016-11-08,34.021541595458984,34.240155448752596,33.75131381580722,33.9425987657208,1226100
2016-11-09,33.860626220703125,33.969931433267966,33.0954827832491,33.2594423394714,3111000
2016-11-10,33.12887954711914,34.279629809466606,32.82221550423101,34.057982469738,6669000
2016-11-11,34.398033142089844,34.45268746144335,33.505366774473764,33.505366774473764,2595300
2016-11-14,34.218894958496094,34.57110591745598,34.12780789439801,34.56806898703629,1340100
2016-11-15,34.859561920166016,34.95064901080751,34.27659620066098,34.35857597213824,1415100
2016-11-16,35.26034927368164,35.290711636617466,34.7897256986769,34.79883649240747,1212300
2016-11-17,35.639869689941406,35.815973400414265,35.18139057188826,35.393930491354986,1084500
2016-11-18,35.897953033447266,35.94349655718888,35.53359789401807,35.53359789401807,1064400
2016-11-21,36.137840270996094,36.19249461745521,35.88279360368734,36.007280005635614,1140300
2016-11-22,36.523441314697266,36.55683713065181,36.295720141625104,36.32911595757964,1418700
2016-11-23,36.56898880004883,36.64489470767979,36.34430453366139,36.53862643699644,1044000
2016-11-25,36.63273620605469,36.65095431174861,36.47484711495678,36.6357731361284,411900
2016-11-28,36.523441314697266,36.690434293467334,36.46271312039517,36.54469288169113,661500
2016-11-29,36.45664596557617,36.67221943405129,36.28357563485714,36.496115646885144,1172700
2016-11-30,36.24713134765625,36.53254374592458,36.231953644547666,36.43841974825852,591900
2016-12-01,34.47698211669922,36.21980856492775,34.27051599792535,36.21980856492775,3488400
2016-12-02,34.902069091796875,34.962793819861375,34.30999604366831,34.42840856844413,2997000
2016-12-05,35.3271369934082,35.43947909160784,34.97492952201196,35.20568757902962,1120500
2016-12-06,35.81599044799805,35.85546360565441,35.427346633072986,35.427346633072986,1454700
2016-12-07,36.553802490234375,36.64185263578342,35.67631711707763,35.7947296214194,1300500
2016-12-08,36.87260437011719,37.088181250047846,36.605413573994184,36.650957104324945,1262700
2016-12-09,36.748130798339844,37.24607982424522,36.490047228680055,37.170173913977585,1004400
2016-12-12,36.459686279296875,36.66615244808612,36.16820340285912,36.60239078603724,2093700
2016-12-13,36.8847541809082,37.124623064716985,36.53862051837883,36.587200986343404,1004100
2016-12-14,36.85135269165039,37.088181133475175,36.72382594247699,36.899929677384954,1989300
2016-12-15,37.47986602783203,37.64078860438812,36.939407040205545,37.0031686846995,2221200
2016-12-16,37.10033416748047,37.77742384432468,36.933337709155865,37.7015179426996,1474200
2016-12-19,37.46772003173828,37.61042798051396,37.151948725360434,37.19749226284772,1245600
2016-12-20,37.82600402832031,37.89887299168185,37.66204451732048,37.84421866309887,2156700
2016-12-21,37.82600402832031,37.99643413806922,37.765137624634285,37.90513104968348,787200
2016-12-22,38.00859832763672,38.25206737146482,37.865557434567265,38.2429353232148,869400
2016-12-23,38.2033805847168,38.22468521836016,37.90817366177888,37.972084079852394,480000
2016-12-27,38.67509841918945,38.73292079838219,38.261199267226715,38.27945988246027,1408500
2016-12-28,37.94165802001953,38.9277071436325,37.92035338236649,38.89727393718943,1738500
2016-12-29,37.93556213378906,37.93556213378906,37.53688303247367,37.76817953299656,1046700
2016-12-30,37.348182678222656,38.24293176643179,37.226449909058324,38.07250519303061,3403800
2017-01-03,37.348182678222656,37.88381452482805,37.028630676310684,37.476003478987444,2654100
2017-01-04,37.451663970947266,37.63426663510993,37.2781933555636,37.53383499567766,1354200
2017-01-05,37.13211441040039,37.670790440751816,37.06211943945045,37.47297114632903,942000
2017-01-06,37.42732620239258,37.53384590530532,36.98908177073526,37.223422330857574,875100
2017-01-09,37.82296371459961,37.975133221569436,37.53384478592828,37.55818995664351,883800
2017-01-10,38.00556564331055,38.0938212389061,37.79861776506697,37.85035560534211,690900
2017-01-11,38.136417388916016,38.142505420803104,37.859471146601514,38.045114324888516,1630200
2017-01-12,37.816864013671875,38.02685933130487,37.24471088409355,37.929468229918804,1354500
2017-01-13,38.06337356567383,38.15467662641024,37.82599257347043,37.87164236241082,849600
2017-01-17,37.451663970947266,37.94773065273316,37.32688368429377,37.923385488368076,1092600
2017-01-18,37.962947845458984,37.990337023999714,37.46078968650646,37.497310913131344,1156500
2017-01-19,37.79253387451172,38.21860574567551,37.768188701629,37.90513813552335,2727600
2017-01-20,38.279457092285156,38.51379757403587,38.130331647794335,38.175981441122715,1929900
2017-01-23,38.045127868652344,38.218602010632125,37.749924391298016,38.136430965183024,1053900
2017-01-24,38.7816162109375,38.85465867488437,38.154684648723304,38.2064224802096,3734100
2017-01-25,39.356815338134766,39.448118422507704,38.99465398297796,39.30507750413285,2025600
2017-01-26,39.134639739990234,39.43288710972299,38.964209686266756,39.43288710972299,1262400
2017-01-27,39.62158966064453,39.63376224446039,39.33551130240397,39.33551130240397,977400
2017-01-30,39.42375946044922,39.442020072547436,38.93073338236416,39.442020072547436,1517400
2017-01-31,38.9124755859375,39.222899048357945,38.67205056114932,39.19855388570248,1455000
2017-02-01,39.53029251098633,39.548553130880535,39.134657356135534,39.33247667498949,1792200
2017-02-02,39.51203918457031,39.63377201846237,39.070747213139214,39.25943798167235,1416000
2017-02-03,39.71593475341797,39.78897722473572,39.58202587790659,39.73419537124741,869400
2017-02-06,39.85592269897461,39.88635937974275,39.54549920427454,39.79505630315082,923100
2017-02-07,40.00200653076172,40.15113199573261,39.79505868287173,40.08722157972458,594900
2017-02-08,40.078086853027344,40.23329684437525,39.8680950208682,40.12069262953212,771600
2017-02-09,39.72811508178711,40.18766418531261,39.67942125236909,40.0567993010731,1358100
2017-02-10,39.70376968383789,39.998976676049935,39.31725958519783,39.995932658692766,1551600
2017-02-13,39.785945892333984,40.05071971098973,39.725075985877346,39.813335086381876,929400
2017-02-14,39.67635726928711,39.80113404503528,39.429844250510804,39.80113404503528,608400
2017-02-15,39.98373794555664,40.02330318703644,39.585058929099645,39.788966202662714,703800
2017-02-16,40.04764938354492,40.11460379866038,39.79200430323438,40.02634475613849,930600
2017-02-17,40.254608154296875,40.260696187460404,39.70984412042558,39.8437529871712,996300
2017-02-21,40.82372283935547,40.838939441451984,40.3915664638147,40.3915664638147,2010900
2017-02-22,40.832847595214844,40.884585430655406,40.668505521630294,40.74459200786621,674700
2017-02-23,40.16939926147461,40.787202373722906,39.90462898683751,40.78415835667455,1778100
2017-02-24,40.14200973510742,40.148094286295766,39.381165690861465,39.52724716223671,1569600
2017-02-27,40.52546691894531,40.540683519184405,40.07504997929754,40.163309046969545,3659400
2017-02-28,40.008094787597656,40.5985086176942,39.92592375471972,40.5985086176942,1295400
2017-03-01,40.63197326660156,40.68675161633947,40.0993819844791,40.488935878161435,1316700
2017-03-02,40.21503448486328,40.826752824035545,40.1724287102082,40.7263211950031,1290300
2017-03-03,40.193756103515625,40.2911437717611,39.959415503049684,40.26071056079161,1290000
2017-03-06,40.21503448486328,40.2850329201627,39.749401048178775,40.08112912900913,1598400
2017-03-07,40.30330276489258,40.56807648701733,40.02331244241578,40.145048728088696,1624500
2017-03-08,40.397647857666016,40.7324200433392,40.315476819624116,40.467646311553445,1757100
2017-03-09,40.47677230834961,40.54372674123209,40.15417621017508,40.37330012532289,1020600
2017-03-10,40.93935775756836,41.024572791240416,40.717193349677196,40.717193349677196,2136300
2017-03-13,41.246761322021484,41.26197792805627,40.985031518793726,41.06415856674619,1147500
2017-03-14,41.1250114440918,41.16762071323978,40.787198721967385,41.137187511195066,1066800
2017-03-15,41.450645446777344,41.526728434235125,40.978920475971336,41.17673972621749,1108200
2017-03-16,41.408050537109375,41.5936972702677,41.328923506161324,41.58456521889458,932700
2017-03-17,41.493255615234375,41.551077995251596,41.36239077324142,41.551077995251596,1832100
2017-03-20,41.800628662109375,41.94366606479495,41.45672800276593,41.5997654054515,1138200
2017-03-21,40.820655822753906,41.98626639060517,40.74152883986321,41.907139407714475,1962600
2017-03-22,41.252830505371094,41.29848030261387,40.71719855543876,40.860235979941955,1676400
2017-03-23,41.161521911621094,41.34108054299683,41.042833151267644,41.24673694476764,1530900
2017-03-24,41.46147537231445,41.97715211760436,41.30280721621164,41.684224679274315,1596000
2017-03-27,41.52250671386719,41.620149198420286,40.89393103707495,41.06480713102821,1449900
2017-03-28,41.653717041015625,41.81543719953474,41.40350684671674,41.604895795199084,851400
2017-03-29,41.55301284790039,41.672015697985444,41.42790952599696,41.672015697985444,1064400
2017-03-30,41.76662063598633,41.85815917266522,41.51030993970838,41.574387613777866,831000
2017-03-31,41.769657135009766,41.97714650308216,41.635397870739965,41.809322422744906,616500
2017-04-03,41.50421142578125,41.88867752070146,41.23569276242989,41.7879865139165,2164800
2017-04-04,41.29670715332031,41.56522222846747,41.177704289077646,41.24483393085707,1366800
2017-04-05,41.009883880615234,41.6964332876299,40.98242302176532,41.415710258153396,1259400
2017-04-06,41.07395935058594,41.16550136181099,40.65592855723198,40.98242083133155,1165500
2017-04-07,41.25093460083008,41.376041430186206,40.97326357758194,41.08921446012221,757200
2017-04-10,40.9335823059082,41.29363925010132,40.835939863142926,41.2539704799914,810300
2017-04-11,40.604061126708984,40.744420907987944,39.999897734297505,40.732216468740035,1602000
2017-04-12,39.905303955078125,40.54608061282032,39.81071344769436,40.49115889471149,1704600
2017-04-13,39.63983154296875,40.24094281543338,39.62457512439678,39.66729239800423,1309200
2017-04-17,40.134151458740234,40.15551184343095,39.795451253951725,39.795451253951725,1329900
2017-04-18,40.32027816772461,40.34469053339536,39.88393899559062,39.911399851496036,1325700
2017-04-19,40.530818939208984,40.900028433390275,40.469789777186435,40.64981829741717,1701600
2017-04-20,41.171607971191406,41.244841591086896,40.62847026353719,40.829859226278586,1669800
2017-04-21,40.9976806640625,41.080066735037946,40.65287995901495,41.037349454224035,1922400
2017-04-24,41.58657455444336,41.72083381198801,41.43705888053863,41.59877898913746,1482300
2017-04-25,42.01071548461914,42.07479314128864,41.68727521915018,41.78796967733664,1269900
2017-04-26,41.665916442871094,42.032077488218825,41.51030026837915,41.95274340985327,3504000
2017-04-27,42.25177001953125,42.309747204376706,41.88256049529497,41.964946553360306,1099200
2017-04-28,41.53166961669922,42.1510895021514,41.421822666936734,42.1510895021514,3133800
2017-05-01,41.94358825683594,41.955792694053,41.42486300941956,41.632352409991995,2065500
2017-05-02,41.50114822387695,41.83374447980789,41.28755484266905,41.83374447980789,3398700
2017-05-03,41.644561767578125,41.70559094481531,41.26924821603749,41.28145614666753,1144800
2017-05-04,41.61404037475586,41.78796843078793,41.43706382866364,41.78796843078793,1219500
2017-05-05,41.77881622314453,41.77881622314453,41.388246295586484,41.72389450956331,902100
2017-05-08,41.61404037475586,41.833737685333624,41.534706301815916,41.75745559442412,801900
2017-05-09,42.02597427368164,42.14802562966184,41.614043963307296,41.67202115097436,1281000
2017-05-10,42.916954040527344,42.99629159933043,42.532488141574,42.544692576786005,2503500
2017-05-11,43.07257843017578,43.27091536509656,42.53554481000604,42.883397441650345,2091000
2017-05-12,43.194637298583984,43.2465070317783,42.947479102424005,43.130559635724445,573300
2017-05-15,43.86287307739258,43.89033393194264,43.25260586938992,43.377709197862785,1123200
2017-05-16,44.4914436340332,44.50975203374818,43.862871539680064,44.067308934551896,1067400
2017-05-17,42.572166442871094,44.05816414037637,42.535549637075164,43.96967410836467,3091200
2017-05-18,43.36551284790039,43.487567709048385,42.462318049712295,42.59047687610753,2103600
2017-05-19,43.84456253051758,43.99712670607135,43.73166364381972,43.77132893267565,2681100
2017-05-22,44.32362365722656,44.34193205863947,44.027647728301034,44.12834219008676,2000100
2017-05-23,44.14664077758789,44.366338071110896,43.80794412987786,44.36328608931738,760200
2017-05-24,44.433475494384766,44.515861557406566,44.2290345820093,44.44262794940024,1018800
2017-05-25,44.65927505493164,44.81794322255599,44.37244806825756,44.56773653329546,1013400
2017-05-26,44.86370086669922,44.8850612463384,44.36633610744003,44.622646695230785,789600
2017-05-30,45.16276168823242,45.272612147808346,44.80880840819125,44.860681654328964,1176900
2017-05-31,45.15663528442383,45.57771799510039,44.93998996528989,45.48617599801627,1605300
2017-06-01,45.20240783691406,45.330563150217486,44.946093718336826,45.330563150217486,1063200
2017-06-02,45.66315460205078,45.71807980278587,45.14748138103525,45.489230037678446,1297500
2017-06-05,45.773014068603516,46.01712030026392,45.629602312247584,45.64791071611849,986700
2017-06-06,45.922523498535156,46.236807828008736,45.53500207164097,45.602131712646724,1240800
2017-06-07,46.26427459716797,46.44735512840379,46.029320841352074,46.15137569283286,1262700
2017-06-08,47.109493255615234,47.1278016583716,46.23681134807258,46.639589224771086,1617600
2017-06-09,45.12916946411133,47.58549101604821,44.21682245681192,47.45428373449171,5103600
2017-06-12,44.869815826416016,45.03458795665416,43.5760511517913,44.56468393322017,5277300
2017-06-13,45.17494583129883,45.61738897852258,44.622655765831496,45.5533113185496,3216600
2017-06-14,44.701988220214844,45.36107668965823,44.204623377934865,45.36107668965823,2112300
2017-06-15,44.34803771972656,44.48534898959123,43.89644210749986,43.95441580421654,3531900
2017-06-16,44.17106246948242,44.68063528555779,44.033751195532325,44.46398992806993,1588800
2017-06-19,45.01017379760742,45.08340740456274,44.62265585471883,44.659272658196485,1455600
2017-06-20,44.503658294677734,45.30310657933715,44.494502347449966,45.24818137188272,1193100
2017-06-21,45.01932907104492,45.03153350803139,44.53111667188093,44.71114521232081,1386900
2017-06-22,44.91558074951172,45.11696966523888,44.70198739730817,45.0071227530106,1299900
2017-06-23,45.04985046386719,45.303112658258065,44.78133184735359,44.991876758195126,973200
2017-06-26,44.66232681274414,45.55026164245554,44.42432107053393,45.306155427349395,1882800
2017-06-27,43.469364166259766,44.50325692978941,43.451010626010145,44.50325692978941,1921500
2017-06-28,44.22185134887695,44.27079296656897,43.301139135122526,43.72020064267896,2285400
2017-06-29,43.12065887451172,44.04443042806225,42.53030006189559,44.04443042806225,2949300
2017-06-30,42.8851318359375,43.48160624504001,42.69854039480792,43.25525171027986,1492800
2017-07-03,42.29784393310547,43.28891104375796,42.28254989285172,43.23079439091,1771800
2017-07-05,43.163490295410156,43.23078545885515,42.43548152765475,42.43548152765475,1918200
2017-07-06,42.97383499145508,43.34395482226609,42.56088906413365,42.76277101703963,2063100
2017-07-07,43.69878005981445,43.87313694944219,43.181835405965955,43.181835405965955,3374400
2017-07-10,44.20349884033203,44.316676115110205,43.591730355138786,43.867026523533816,978300
2017-07-11,44.570552825927734,44.58890636648568,44.05972369890129,44.08725225944824,965400
2017-07-12,45.28327560424805,45.38115883790781,44.85809158867163,45.01715446880416,1678200
2017-07-13,45.14256286621094,45.625863483848974,45.00797255492589,45.332213804998126,1532700
2017-07-14,45.74821472167969,45.77268727798187,45.283271157740394,45.39032940253937,1234500
2017-07-17,45.56163787841797,45.919523284618904,45.4086939909192,45.904229245927134,693300
2017-07-18,45.702335357666016,45.71151037896695,45.12115149216136,45.28938938751539,1017000
2017-07-19,46.12446212768555,46.13670015839391,45.809399347981845,45.96540273428559,1410600
2017-07-20,46.259037017822266,46.32021314861768,45.76044595091209,46.14280026896315,1527000
2017-07-21,45.86444854736328,45.95621625188782,45.63809404383609,45.95621625188782,984000
2017-07-24,45.72682571411133,45.93176727502083,45.63505796248023,45.93176727502083,1212600
2017-07-25,45.687034606933594,45.79715234926241,45.21597206975706,45.63197398547923,1203600
2017-07-26,46.18867874145508,46.38750465151294,45.92867670540385,46.09385504604948,2004600
2017-07-27,45.48515319824219,46.38751526543131,44.94373595792871,46.32633912544024,2827800
2017-07-28,45.310794830322266,45.49738623752996,45.08749634291309,45.277147256900875,1205700
2017-07-31,44.95903396606445,45.55245237804424,44.83362216788378,45.31691931745169,1517400
2017-08-01,45.23738098144531,45.24044048824648,44.87338018544339,45.09361566700927,1002000
2017-08-02,44.91008377075195,45.59526977052171,44.59808058801264,45.49738655635173,1741200
2017-08-03,44.741844177246094,45.026315266125515,44.52160522079737,44.88254996846371,1347300
2017-08-04,44.76021194458008,45.12115330641003,44.62867762972143,44.77244647366673,1283700
2017-08-07,45.53104782104492,45.55245737393373,44.8764496912953,44.8764496912953,949200
2017-08-08,45.399497985839844,45.93174012899548,45.25267317058651,45.57079535392525,818700
2017-08-09,45.24656677246094,45.28938937281878,44.83973981702991,45.04162179080881,706500
2017-08-10,43.98325729370117,44.97432406456881,43.94655020944453,44.95903002955858,1627500
2017-08-11,44.231014251708984,44.307484408416954,43.67430310948447,43.77830532307081,1044300
2017-08-14,45.3566780090332,45.40867912379211,44.760203694181975,44.766319207307774,1610100
2017-08-15,45.46985626220703,45.56162396691896,45.14867804716531,45.55550495307816,531300
2017-08-16,45.543277740478516,45.73598470045335,45.32609822179007,45.56468729119979,777900
2017-08-17,44.393150329589844,45.44539689743648,44.36867776958886,45.326100606165774,1209000
2017-08-18,44.46043014526367,44.79078683745657,44.240191183608566,44.6561965553662,1026900
2017-08-21,44.130088806152344,44.59809194919325,43.85479263374118,44.52468127015462,945900
2017-08-22,44.85809326171875,44.94680147703541,44.46044479800796,44.51856143865699,1046700
2017-08-23,45.04774856567383,45.176219889459276,44.39009440764736,44.435976523202015,1983900
2017-08-24,45.05385971069336,45.298567784816946,44.80303262199902,45.23432863356536,1294200
2017-08-25,44.83668518066406,45.30163232342741,44.76633050760836,45.2220991274962,684900
2017-08-28,44.97127914428711,44.98351367519529,44.726571023218135,44.900924465548194,552600
2017-08-29,45.0416145324707,45.15785128680267,44.39007960731565,44.4053736407346,1068900
2017-08-30,45.81245040893555,45.88280507021341,45.12420833288235,45.283271197535775,1998900
2017-08-31,46.26515579223633,46.32633192271585,45.89809200819982,45.96844665859908,1072200
2017-09-01,46.467041015625,46.708693049186195,46.34774825285268,46.34774825285268,1591200
2017-09-05,45.83080291748047,46.359985617526604,45.43927002977285,46.301868986011314,2806500
2017-09-06,45.90422058105469,46.115281075626235,45.68704107192902,46.08774901071314,1044000
2017-09-07,45.98374557495117,46.1642179794967,45.7849196291966,45.992920595265666,873300
2017-09-08,45.44232940673828,45.98680613986567,45.2740915256017,45.953158563638354,1454100
2017-09-11,46.3079833984375,46.41504513895073,45.7940947452501,45.7940947452501,1305300
2017-09-12,46.51598358154297,46.6505738813706,46.259041009566594,46.36610274827675,742200
2017-09-13,46.60775375366211,46.71481199745996,46.26210296561504,46.49457649570088,772800
2017-09-14,46.791282653808594,47.06657876353896,46.40586529972211,46.41198431349077,1656900
2017-09-15,47.608009338378906,47.66001046828233,46.91670761265771,47.01153134923287,1424100
2017-09-18,48.23201370239258,48.52566342199411,47.886362855252706,47.886362855252706,1476900
2017-09-19,48.384944915771484,48.57153633794377,48.085179738297825,48.345181826180756,1382700
2017-09-20,47.71812057495117,48.44001027803908,47.072701052078344,48.44001027803908,2274900
2017-09-21,47.51318359375,47.68447751377847,47.100237580299805,47.62941687845818,864300
2017-09-22,47.754825592041016,47.81600173356177,47.37858672075985,47.38776174175584,742200
2017-09-25,46.834110260009766,47.58352850018515,46.61387124831045,47.58352850018515,1795500
2017-09-26,46.76014709472656,47.31867864232967,46.62511671793767,47.31867864232967,1474200
2017-09-27,47.89255142211914,48.08588844371087,47.26343521227771,47.32481137557176,1166400
2017-09-28,48.2454719543457,48.273094039785335,47.72069798733227,47.84345383633055,819900
2017-09-29,48.66284942626953,48.72729512121192,48.19331600425684,48.438824249758085,918600
2017-10-02,48.98812484741211,49.18146184318347,48.619864404803614,48.880716575992025,1240500
2017-10-03,49.12316131591797,49.239778132341,48.8837921740133,49.04644111249195,536100
2017-10-04,49.2367057800293,49.2367057800293,48.7763775619901,49.061782321503614,873900
2017-10-05,49.27967834472656,49.45153231535823,48.99427354789452,49.44539680585149,538200
2017-10-06,49.473018646240234,49.48836268905959,49.09861908461102,49.101685083553875,742800
2017-10-09,49.85047912597656,49.893441736059934,49.61110648001379,49.66634713185728,835200
2017-10-10,50.129764556884766,50.29854906508338,49.62953951949855,50.29854906508338,756300
2017-10-11,50.47346115112305,50.48573568204006,50.0315464298765,50.09906161795909,859200
2017-10-12,50.31389236450195,50.64532584158134,50.27399574054309,50.455058279997246,584400
2017-10-13,50.636112213134766,50.81410521095095,50.41822259814071,50.55018346907746,531900
2017-10-16,50.87548828125,50.88469681509069,50.53484628170359,50.78956303756331,543300
2017-10-17,50.83251953125,50.90003472316921,50.58701133882842,50.90003472316921,558900
2017-10-18,51.00438690185547,51.09645117483721,50.335373874891324,51.01973094735243,712200
2017-10-19,50.87548828125,50.88162730381046,50.09293148206933,50.611566503576206,1063800
2017-10-20,51.13633346557617,51.38798067530408,51.05961325432882,51.27443335784755,1083600
2017-10-23,51.38798904418945,51.661119362358214,51.1424808161891,51.38491953283444,898500
2017-10-24,51.74705505371094,51.79615319386291,51.33889427744617,51.53223137439652,643500
2017-10-25,51.06883239746094,51.59974198884146,50.54712431650529,51.46164557990395,1568100
2017-10-26,51.369564056396484,51.47697585775845,51.09029828969171,51.15781347637044,1145100
2017-10-27,52.443668365478516,52.51425306801847,51.489254173845055,51.71327930100293,1058400
2017-10-30,52.584842681884766,52.80579831878189,52.277954779933786,52.277954779933786,1579200
2017-10-31,53.005271911621094,53.15871585538885,52.572562167652364,52.71679757829982,1031400
2017-11-01,52.81194305419922,53.47174754913516,52.348545151985896,53.43492043499294,1516500
2017-11-02,53.07278060913086,53.2108769807921,52.50504054511239,52.913197662819336,4100100
2017-11-03,54.01184844970703,54.01491444821843,52.89171592138882,53.330561103509716,2683800
2017-11-06,54.775997161865234,54.800549736671066,54.1468808937895,54.5366279956457,3057600
2017-11-07,54.726898193359375,54.855789559304206,54.35249862751336,54.7146236613709,1299300
2017-11-08,54.901817321777344,54.947852959118855,54.459902597101994,54.674722693933546,1204500
2017-11-09,53.80316925048828,54.42615000679562,53.14336490013475,54.42615000679562,3302400
2017-11-10,54.15916061401367,54.19291821040051,53.83692869286427,53.99037263207952,1166400
2017-11-13,54.315673828125,54.37705000270241,53.87375904951996,53.950479267741734,1308900
2017-11-14,54.266563415527344,54.42000733919784,53.86761132119962,54.21439227075783,801900
2017-11-15,53.778621673583984,54.00571631392724,53.34284243441614,53.88296397299628,1175700
2017-11-16,54.5796012878418,54.803629967665906,54.00265605534928,54.00265605534928,1093500
2017-11-17,54.3402214050293,54.90795799168276,54.24815363960836,54.90181896997932,1887300
2017-11-20,54.98774337768555,55.07674162523688,54.50593557274211,54.647101452554494,1792800
2017-11-21,55.61687469482422,55.687459409906026,55.24247507539462,55.34988339171201,3603000
2017-11-22,55.27928924560547,55.816341271648135,55.19643352294105,55.81327176072881,1203900
2017-11-24,55.77644348144531,55.81327058765073,55.438871039965356,55.51559125120486,556800
2017-11-27,55.07674789428711,55.438872922878524,54.984680125646584,55.438872922878524,1692900
2017-11-28,55.1013069152832,55.294647508353805,54.76373440133517,55.294647508353805,1971300
2017-11-29,52.673828125,55.0552591392871,52.13984565815429,55.03991509810397,5576700
2017-11-30,52.95616149902344,53.5054879873371,52.627794112653056,53.253840804128934,4293300
2017-12-01,52.38228988647461,52.69531325573289,51.09950832587071,52.45594058463924,4877700
2017-12-04,51.12405776977539,53.069713188523785,50.8048988886347,53.0052675101386,4886400
2017-12-05,51.16394805908203,52.09687903693591,50.494938783703184,50.86626876619622,5340300
2017-12-06,51.32966995239258,51.42173419859888,50.445837033493106,50.660660632026215,2170500
2017-12-07,51.82991027832031,51.98949328031909,51.495407251727,51.70715790511973,2917500
2017-12-08,51.56290817260742,52.44673765802122,51.516876045413696,52.42218508296885,1965900
2017-12-11,51.87287139892578,52.00790180600151,51.501537779467505,51.645776720858485,5248200
2017-12-12,51.36649703979492,51.76237964707335,51.29591585104317,51.76237964707335,1307700
2017-12-13,51.35728454589844,51.811477256603304,51.32659646620666,51.544486046448995,980100
2017-12-14,51.305110931396484,51.64575632600373,51.1792891083229,51.391039657604864,889200
2017-12-15,52.109161376953125,52.244191758835406,51.28977757711459,51.57211287231587,3382500
2017-12-18,53.226226806640625,53.253848893595546,52.477427676359696,52.74748493972892,3488700
2017-12-19,53.169952392578125,53.366718534584024,52.89632205741256,53.2191439280796,2278500
2017-12-20,53.557334899902344,53.79407070597012,53.099238941302794,53.72950703494367,1342200
2017-12-21,52.99163818359375,53.73258641205654,52.914773983664034,53.73258641205654,1750500
2017-12-22,52.96090316772461,52.98857583449532,52.604265297513145,52.807181767697585,877800
2017-12-26,52.432090759277344,52.48128230547352,51.99243845640281,52.29373799627571,680100
2017-12-27,52.60118103027344,52.868661145705886,52.36752383912149,52.43515913231238,794100
2017-12-28,52.74875259399414,52.88095507844781,52.65651977535708,52.76719986141285,789000
2017-12-29,52.20764923095703,52.83484229237813,52.20457409976695,52.83484229237813,760200
2018-01-02,53.62498092651367,53.646503325907595,52.42593663646048,52.490500316185575,2860200
2018-01-03,54.56269454956055,54.57806668648127,53.794077148154514,53.91705776197692,1326900
2018-01-04,54.870155334472656,55.05462101453401,54.43050298233742,54.96546330619582,1335000
2018-01-05,55.18374252319336,55.41125297130868,54.79635692039813,55.11610371130123,1170600
2018-01-08,55.61724090576172,55.789413066308384,55.0484647866386,55.220633428728554,1622700
2018-01-09,55.069984436035156,55.7648127504763,55.00849237122139,55.7648127504763,1464600
2018-01-10,54.408973693847656,54.67030354242293,53.972396556882956,54.445864711731595,2030400
2018-01-11,54.73487854003906,54.76254768878769,54.35979339223294,54.58422875087706,1047300
2018-01-12,55.03001403808594,55.14684438568509,54.59036530794732,54.79327821191934,1101900
2018-01-16,55.21140670776367,55.860118587896864,54.88858481468709,55.49733054858257,1462500
2018-01-17,56.81321334838867,56.89007403483447,55.66950733440904,55.72792075241651,1136700
2018-01-18,57.068389892578125,57.34816699845645,56.727124240824956,56.79476304866988,3163800
2018-01-19,57.12681198120117,57.41581098765817,56.788617911457,57.3266497733283,1188600
2018-01-22,57.55109786987305,57.566470010200845,56.960799236987796,57.23442614958855,1247700
2018-01-23,58.012264251708984,58.0184109962502,57.612581599788825,57.824719933288435,1467000
2018-01-24,56.68408203125,57.6094958905253,56.28132432178162,57.41272973219291,3006000
2018-01-25,55.70025634765625,57.44655803254133,55.70025634765625,57.30205852234734,2254800
2018-01-26,57.480377197265625,57.48960259145884,56.42583230908791,56.45350497321058,1667700
2018-01-29,57.397361755371094,57.80011949402598,56.71790202631667,57.27130952557246,1626000
2018-01-30,56.256744384765625,56.89930973121657,56.18295881154577,56.5703409874795,1948500
2018-01-31,56.71483612060547,57.12066551279802,56.40123956167488,56.917749057473216,1163700
2018-02-01,56.435054779052734,57.268235903362026,56.17679653187923,56.262882614270396,1255500
2018-02-02,54.91626739501953,56.01385358546606,54.88859473044124,55.97081230055999,3241800
2018-02-05,52.330631256103516,55.31594336279926,52.17690635857756,54.10152687586901,3915600
2018-02-06,54.22450637817383,54.28907005974138,51.40828784659196,51.52819333455602,4045500
2018-02-07,53.062355041503906,54.35363575767119,53.05313316599076,53.87094217515591,3262200
2018-02-08,50.83335876464844,53.45895772524587,50.7903139669116,53.3113831011265,4162200
2018-02-09,52.29682159423828,52.665756491209976,50.16928423797265,51.98937526035229,5947800
2018-02-12,53.302154541015625,53.64957041809923,52.49971432445969,52.991633194948506,2956200
2018-02-13,53.24067687988281,53.35136050286202,52.79180619880978,52.96704999084123,1481700
2018-02-14,54.488914489746094,54.571925444870026,52.72109041797334,52.82562377433887,1199100
2018-02-15,55.137638092041016,55.146863488141456,53.858657605814166,55.00236043022952,1732500
2018-02-16,54.940860748291016,55.629542409239654,54.86400005529224,54.86400005529224,929700
2018-02-20,55.912391662597656,56.416607633090464,54.71334732435409,54.76868913139554,2507400
2018-02-21,55.26982879638672,56.26288512326605,55.23293425679425,56.21984383937948,1435500
2018-02-22,55.1468505859375,55.721776995668385,54.96545654143601,55.58957449682058,1460700
2018-02-23,56.32744598388672,56.32744598388672,55.55575341480035,55.73407232261319,1424700
2018-02-26,57.541866302490234,57.554166828198994,56.65641844813813,56.66256871099251,1090500
2018-02-27,57.35124588012695,58.328930008375906,57.35124588012695,57.56645932322003,1369200
2018-02-28,56.84088897705078,57.86776475371966,56.7855471654216,57.75400951741836,1266600
2018-03-01,55.94314956665039,57.077630498949055,55.2913623221764,57.040739470391074,2850300
2018-03-02,56.893157958984375,56.99768780501471,55.18067556372338,55.30980294429201,1392600
2018-03-05,57.40351486206055,57.680216866170824,56.33359786596577,56.5887774693647,1251000
2018-03-06,58.267433166503906,58.42730830897553,57.64639041913564,57.95076504940777,1779000
2018-03-07,58.454986572265625,58.52877565237587,57.66177155336552,57.66177155336552,1167300
2018-03-08,58.50724411010742,58.833137619945646,58.1844222127464,58.79931821658836,1147200
2018-03-09,59.72166442871094,59.746258440900334,58.839288270353556,58.977641023903125,1586400
2018-03-12,60.35499572753906,60.66243841099065,59.970681817856644,60.16130472589098,1860300
2018-03-13,59.42344665527344,60.66245723903746,59.165191906253774,60.16132339839889,4230000
2018-03-14,59.41728973388672,59.75240865852778,58.873111150421956,59.75240865852778,1641000
2018-03-15,59.371192932128906,59.758575117240234,59.06374306746589,59.57410238367632,1073100
2018-03-16,59.346595764160156,59.70016559460525,59.28203206241205,59.454204279378914,1035000
2018-03-19,58.215187072753906,59.08833451727643,57.39122414530886,58.8116324658762,2781600
2018-03-20,58.64252853393555,58.833144452481655,58.26129317838648,58.33815386837171,760800
2018-03-21,58.753196716308594,59.5095134929905,58.50108877844386,58.57487784063105,1380300
2018-03-22,57.20524978637695,58.446696445957784,57.15596152029527,57.8459972454388,1752000
2018-03-23,55.301490783691406,57.205253261447986,55.27992606429102,57.103595545471286,3847500
2018-03-26,57.608795166015625,57.624197528627946,55.877543520616854,56.59838396192306,2399700
2018-03-27,55.48939895629883,58.215659577273435,55.018080996579485,58.05239241032736,3221700
2018-03-28,54.287994384765625,55.612618723344234,54.04771541248558,55.107414883348476,2980200
2018-03-29,55.46475601196289,55.99152458959604,54.25719169921396,54.65457901572668,2504100
2018-04-02,53.34535598754883,55.38774315449469,52.81858741982012,54.98111231247611,2379600
2018-04-03,54.35576629638672,54.50363109316438,53.42545160534284,54.01074843723885,1673400
2018-04-04,55.05503845214844,55.19982205265943,52.775453818248906,52.79085617892564,2024700
2018-04-05,54.49129867553711,55.47090495561707,54.13704088196711,55.40005198675343,1725000
2018-04-06,52.84323501586914,54.33420424178224,52.60603368372671,53.74582620343869,1179900
2018-04-09,53.175933837890625,54.71311374104856,53.14512910982235,53.465501102032526,1113000
2018-04-10,54.87637710571289,55.19674907568399,54.050797759441366,54.39581562538134,1904100
2018-04-11,54.8979377746582,55.38158042804154,54.472826920282984,54.57140345246781,1226400
2018-04-12,55.932987213134766,56.08393316833855,55.286077487421885,55.33536574675122,1911300
2018-04-13,55.52021408081055,56.684649112436944,55.3199798068413,56.58607256451751,1289400
2018-04-16,55.61878204345703,55.91759281922151,55.156704105738754,55.84982101231617,849300
2018-04-17,56.67231369018555,56.80477611351598,55.94531095054637,56.05928983511273,1097700
2018-04-18,56.11475372314453,56.4351257364945,55.61570863460857,56.308825638005615,1453500
2018-04-19,53.68729782104492,55.09817404931772,53.49938475728369,55.03656459577305,5532900
2018-04-20,53.05270004272461,53.949132244178905,52.81857992907595,53.674967402764324,3552000
2018-04-23,52.34727478027344,53.37308847153442,52.21481233049874,53.25294720827068,2047200
2018-04-24,51.92522430419922,53.28681181727305,51.466224155025294,52.8031693049264,3480900
2018-04-25,51.86055374145508,52.23329518749048,51.04113315516309,52.15628336608859,4432800
2018-04-26,52.92023468017578,52.972604113916326,52.34725913682894,52.67995575082846,4609200
2018-04-27,52.55057144165039,53.647234207461324,52.28872781364883,53.591787125289784,3309000
2018-04-30,51.97452926635742,52.85863690481599,51.749649121891935,52.46124958655675,1802100
2018-05-01,52.82782745361328,52.88635572376197,51.783530394930246,51.84513984253406,3127800
2018-05-02,52.59370803833008,53.04654594528267,52.37190908841204,52.880197614187814,1543200
2018-05-03,52.90791702270508,53.138955961668856,51.7835270496981,52.180914306745755,2396700
2018-05-04,54.14936828613281,54.24486363099787,52.381149715968,52.621428666793754,1977900
2018-05-07,54.67306137084961,54.92874623520272,54.39581531369404,54.59296837881576,1185000
2018-05-08,54.99651336669922,55.0735287048473,54.42661890142744,54.6391743249815,1206300
2018-05-09,55.83443069458008,55.87447543660625,55.07662299527022,55.19984192504384,1043700
2018-05-10,56.850982666015625,56.87562503388755,56.114739926567715,56.1486258264225,1242900
2018-05-11,56.43511962890625,56.9618882124494,56.33346544072468,56.52753733458268,1857900
2018-05-14,57.12514877319336,57.812106792006084,57.02349459676778,57.14055466017029,1653900
2018-05-15,56.50596237182617,56.90951197514193,56.09933511669165,56.74932248946826,1263900
2018-05-16,57.23295974731445,57.356178620579165,56.47207121863312,56.95263258018838,1221300
2018-05-17,57.066627502441406,57.5317866357,56.63843545171164,57.100513407197,1301400
2018-05-18,56.25028991699219,56.63843369538374,56.05005567244102,56.558340702638255,2072700
2018-05-21,56.814022064208984,57.37467653900281,56.31498056686634,57.07894693858683,1473300
2018-05-22,57.13130569458008,57.56566000628132,56.93723384162286,57.29765400436463,1496400
2018-05-23,57.43935775756836,57.45784129523777,56.450511407187804,56.68771269434192,1039200
2018-05-24,57.67040252685547,57.793624948664075,56.955724466639516,57.47941182723303,1136100
2018-05-25,58.13557052612305,58.218744704112446,57.574916000527935,57.66733371239128,1400700
2018-05-29,57.78439712524414,58.2711175093811,57.38392857664697,57.88913250422116,1538400
2018-05-30,58.16020202636719,58.594552825784426,57.87371247857654,58.09859258396038,2143500
2018-05-31,57.73817443847656,58.329637128744075,57.64576026597758,58.064712270464,1606500
2018-06-01,59.05355453491211,59.05355453491211,58.04930226635926,58.255698839161354,1060500
2018-06-04,59.521793365478516,59.58956516238907,58.985781344594805,59.21065792498029,1170900
2018-06-05,59.80520248413086,59.965388456251105,59.454025816434516,59.67890241288696,641400
2018-06-06,60.18411636352539,60.18411636352539,59.55569006490606,59.876062044359045,1268100
2018-06-07,59.64811325073242,60.310425553944356,59.21992113731293,60.24265373451099,2082900
2018-06-08,59.11517333984375,59.229148713999784,58.64077420052874,58.96730853569199,2429700
2018-06-11,59.001190185546875,59.2999974246884,58.8071147797259,59.02583255510762,1277700
2018-06-12,59.306148529052734,59.346196778710016,58.776298904889835,59.15212493508032,932400
2018-06-13,59.216827392578125,59.84525365271389,59.15213676509722,59.34312746996946,9156900
2018-06-14,59.57108688354492,59.85757294868549,59.213747833845446,59.55876922367584,1635600
2018-06-15,59.51871871948242,59.58957170136829,58.97654428470322,59.186022052822366,1122600
2018-06-18,58.945735931396484,59.139807799876294,58.400483878019024,59.139807799876294,1675800
2018-06-19,58.298831939697266,58.34196137609404,57.4116431457836,58.06471531866788,2631000
2018-06-20,58.579158782958984,58.87796955658488,58.31115626028539,58.63152822659057,2007300
2018-06-21,57.852142333984375,58.998096892221255,57.765890532859586,58.973451002347005,1245900
2018-06-22,57.39315414428711,58.16944514644129,57.28225643694353,58.13247806886858,1116300
2018-06-25,55.705039978027344,56.77706070230666,54.99035832004945,56.77706070230666,5441100
2018-06-26,55.902862548828125,56.18106243142114,55.62466266623511,55.887407196323146,11004000
2018-06-27,54.567501068115234,56.329436018732764,54.53967860356364,56.199609642503454,2364000
2018-06-28,54.98171615600586,55.10535898808009,54.33258067510481,54.40367742604976,4067700
2018-06-29,55.09608459472656,55.76685541713378,55.09608459472656,55.48556374241392,1278000
2018-07-02,55.44227981567383,55.45464338864713,54.199650525530934,54.62004384415005,2097300
2018-07-03,54.431495666503906,55.75758554122978,54.37894604853628,55.677216993898476,1141500
2018-07-05,55.88740921020508,55.89668454454436,54.91679959540394,54.91679959540394,1341000
2018-07-06,56.573638916015625,56.666371034390906,55.58447863249484,55.884317434413234,2263200
2018-07-09,56.935298919677734,57.15785741795697,56.27070812793474,57.14240206495156,1360200
2018-07-10,57.538063049316406,57.65861762917317,56.95384435559462,57.0403929148474,1403400
2018-07-11,56.06050491333008,56.947654072144836,56.01413532366828,56.61072105895232,1998600
2018-07-12,56.43762969970703,56.5149064660065,55.56593221083315,55.91522885451252,2267400
2018-07-13,56.23360824584961,56.59836020033025,56.15014793295986,56.59836020033025,802200
2018-07-16,56.156333923339844,56.533449467839276,56.10996786694705,56.31397922257602,612600
2018-07-17,56.96311950683594,56.98166663848338,55.68957927957523,55.7792231596206,4140600
2018-07-18,57.40205001831055,57.500965678167006,57.03111452509732,57.21967404935627,923400
2018-07-19,57.275325775146484,57.50715963020335,56.90130195115636,57.290781129650014,871500
2018-07-20,57.00639724731445,57.32478320782049,56.71583375471927,57.21659572706811,871800
2018-07-23,57.083683013916016,57.179506927815254,55.97706326105384,56.71274739801056,1001100
2018-07-24,56.46235656738281,57.71735317832853,56.38198802333281,57.43914974603536,1884000
2018-07-25,56.67565155029297,56.72510585461162,55.71431364439745,56.43763413886406,10230000
2018-07-26,57.78227233886719,57.81936306783513,57.05276827327171,57.05276827327171,7296300
2018-07-27,57.52570724487305,58.34176341200857,57.10222557542428,57.8224542988307,5193300
2018-07-30,56.96311950683594,57.65862102484864,56.68182782893973,57.500975712100846,2500200
2018-07-31,57.340232849121094,58.14083356943553,57.23822539778719,57.34332462719246,2271000
2018-08-01,57.256771087646484,57.856448668271504,57.009481910714015,57.39587279732875,3727800
2018-08-02,57.819358825683594,57.89354735318424,56.53654678560086,56.74056169872395,2253300
2018-08-03,57.939910888671875,57.99246050377705,57.58443423281937,57.85645056762331,1344300
2018-08-06,58.28921127319336,58.2984866080748,57.51643296241688,57.82863535752053,777900
2018-08-07,58.75286865234375,58.789962910349615,58.344842426788674,58.57049267756859,9879900
2018-08-08,58.888885498046875,59.0094365444867,58.53031706183488,58.76215089537792,1116600
2018-08-09,58.30775451660156,58.70960076790575,58.29539094175466,58.62614044705801,2218800
2018-08-10,56.861106872558594,57.34950519478105,56.592182331923716,57.099124246600994,3248100
2018-08-13,56.94456481933594,57.43914313929773,56.87655985815329,56.9631119485224,1687500
2018-08-14,56.8302001953125,57.3680563897001,56.783834135883396,57.278412511467636,1609500
2018-08-15,56.041969299316406,56.57673020409073,55.46393057363297,56.3418081173854,3067800
2018-08-16,55.97087860107422,56.490187745610584,55.81941328652177,56.412907430275254,1419900
2018-08-17,55.553565979003906,55.70193948570543,54.725146348877885,55.473197438395175,2195400
2018-08-20,55.50410842895508,55.831769686588636,54.87970369389544,55.63084656528153,957300
2018-08-21,56.585994720458984,56.73436821198661,55.66793130959842,55.68029488284996,2549100
2018-08-22,56.85183334350586,56.926018323574006,56.122329429069126,56.46853425689465,1440300
2018-08-23,56.91675567626953,57.33714908923928,56.82402355190304,56.82402355190304,1847700
2018-08-24,57.7420768737793,57.77298757829506,57.16094643137424,57.170221765231,1685100
2018-08-27,58.6601448059082,59.095990017595945,58.08519433835677,58.211932481474754,17873700
2018-08-28,58.88578796386719,59.1392606819318,58.317021121503785,58.97234005509696,1616100
2018-08-29,59.04034423828125,59.2227202142693,58.67868406407672,58.88578718723103,4280400
2018-08-30,58.511775970458984,59.12690545361948,58.431403881198044,58.90434693144682,1811400
2018-08-31,58.83015060424805,58.91979447942869,58.42830789870585,58.42830789870585,1099800
2018-09-04,59.303104400634766,59.32783155432724,58.49013996980083,58.61687459185901,1289700
2018-09-05,59.01560974121094,59.40818059276485,58.51793967723189,59.24744353405825,1579500
2018-09-06,57.451515197753906,58.84251816899375,57.38969024930736,58.7930603327386,1494000
2018-09-07,57.2135124206543,58.04502405265013,57.077502451851224,57.34333883178291,8400900
2018-09-10,57.819358825683594,57.83481771683264,57.28459792954849,57.62152746902012,951000
2018-09-11,57.25986099243164,57.664798996257026,56.95384219364661,57.58751869896018,1734900
2018-09-12,56.59836196899414,56.623092654606204,55.361916125973785,56.52108520927515,2111400
2018-09-13,57.24441146850586,57.961551899912884,57.03730831617277,57.222776096062965,2159700
2018-09-14,57.887359619140625,58.11610166658706,57.4082366157044,57.57515725303092,1979100
2018-09-17,57.0805778503418,57.82553714863699,57.00948110750558,57.674071866617965,1527600
2018-09-18,57.57207107543945,57.92136773660087,57.312418297674924,57.312418297674924,1312800
2018-09-19,57.661705017089844,57.93681310145502,57.420595875733234,57.593700056066346,1104900
2018-09-20,58.36030578613281,58.58286428970077,58.03264804962776,58.11610483533802,1450200
2018-09-21,58.20266342163086,58.63232866077077,58.05119811169958,58.41595015194094,1707600
2018-09-24,58.403587341308594,58.43140627334308,57.612261830069116,57.732816431392024,833400
2018-09-25,57.473148345947266,58.26138545499525,57.31859482456794,58.26138545499525,1470300
2018-09-26,56.87921142578125,57.54984083093507,56.81711716326447,57.20521341022721,1049700
2018-09-27,57.09343719482422,57.320086928949046,56.894732720209525,57.06239006480521,1055700
2018-09-28,57.45359420776367,57.65540411474232,56.85747720499018,57.02823998060541,2376600
2018-10-01,57.65230178833008,58.124223184770834,57.51569156049857,57.748548611350785,1025100
2018-10-02,57.65230178833008,58.44711976390745,57.500167993982856,57.500167993982856,2016900
2018-10-03,57.7050895690918,58.108705895215834,57.189699288240796,57.9037940844504,1986300
2018-10-04,56.68360900878906,57.403914491905425,56.193058678982624,57.30766768008322,1919100
2018-10-05,55.34236526489258,56.75503126401457,54.826974993200636,56.69914428764426,2436900
2018-10-08,54.724510192871094,55.38892876198605,54.25258526212472,54.89216754705117,2152200
2018-10-09,54.662410736083984,54.938733025290624,54.32399063607272,54.42334286962074,1609800
2018-10-10,52.2500114440918,53.98557009344505,52.20654262157334,53.95141754137317,6056400
2018-10-11,51.72840881347656,53.29010278282759,51.32478904831394,52.15375943609663,4370400
2018-10-12,52.669151306152344,53.42360932314527,51.90227514832955,53.12555262453189,4856100
2018-10-15,52.237606048583984,52.82130148628824,52.04821779447347,52.44252142495,3884100
2018-10-16,53.93901443481445,54.013530406692205,52.75920545398117,52.81819785723724,1955100
2018-10-17,53.72477722167969,54.438871916359176,53.35220453179626,54.33330882516502,2425500
2018-10-18,52.38041687011719,53.50744411274638,52.18481780548565,53.50433868890463,4058700
2018-10-19,51.59490203857422,53.00446218565916,51.37446317732435,52.703300085120176,3382800
2018-10-22,51.91160202026367,52.215869627988084,51.43036432194523,51.865031317803854,3923700
2018-10-23,51.64147186279297,51.92711039534029,49.99284389561634,50.554808244190404,4304700
2018-10-24,48.25418472290039,50.77835396917535,48.167250629984174,50.77835396917535,9218700
2018-10-25,49.33153533935547,49.70721341346518,48.45599422945738,48.53050662771103,9226500
2018-10-26,48.47461700439453,49.32842720922487,47.68601002999312,48.25728711542848,3910200
2018-10-29,47.96854782104492,49.68237569114477,47.061959543899754,49.455729510137544,4422600
2018-10-30,49.96181106567383,50.011487191934705,47.82883950744005,47.82883950744005,2495700
2018-10-31,50.595176696777344,50.986378366416126,50.14809161227332,50.73799421079748,3495900
2018-11-01,52.97031784057617,53.091404494822925,50.92117520208253,50.95843318079175,3511500
2018-11-02,52.17240524291992,53.02000489114579,51.52661554233599,52.7374716750705,3240000
2018-11-05,51.69736099243164,52.09787532883782,50.82802721854697,52.09166448215272,2405100
2018-11-06,52.29969787597656,52.501507804730366,51.585599565101504,51.585599565101504,1184400
2018-11-07,52.892696380615234,53.066561014125696,52.315211962741365,52.98894319140818,1827900
2018-11-08,52.74987030029297,53.09450121719893,52.23758561290421,52.47665345847302,1706100
2018-11-09,51.74394607543945,52.20034394649162,51.29375549968295,52.15067137165854,1690200
2018-11-12,49.43400192260742,50.96464909442032,49.27565727391121,50.86219141934337,2249100
2018-11-13,50.113948822021484,51.110576849963195,49.84383375381972,49.84383375381972,2411100
2018-11-14,50.33438491821289,51.06089783693463,49.85314721219647,50.58276555508857,3722100
2018-11-15,52.03578567504883,52.218963031063005,50.05805009867046,50.0704717931389,4985100
2018-11-16,51.40863037109375,51.64148743861534,50.141887355277575,50.148098203575124,4494300
2018-11-19,49.44331359863281,51.30306817170482,49.3936374741692,51.154036245197304,2579100
2018-11-20,49.50541687011719,50.14499571059175,47.97476956205331,48.030652987530296,3124200
2018-11-21,49.71031951904297,50.44304318873014,49.69169052961338,50.05805236445697,2259900
2018-11-23,49.738258361816406,50.12635100665366,49.300486049499675,49.331533176837375,1488000
2018-11-26,50.63865280151367,50.641754672583716,49.912136325791145,50.402690306941125,1907400
2018-11-27,50.713165283203125,51.14162144052879,50.11394632653863,50.365432389260285,2013000
2018-11-28,51.899166107177734,51.920896962348465,50.27847992341715,51.2906311000848,1681200
2018-11-29,51.520381927490234,52.017146569236104,51.38998258586423,51.77186789481849,2874300
2018-11-30,52.237606048583984,52.243816897486184,51.00191360083734,51.486256774809696,1842600
2018-12-03,53.609901428222656,54.00731040255539,53.085194949031376,53.81171133921034,2338500
2018-12-04,51.04536819458008,53.308738921526626,50.97706308342826,53.18454684130973,2076900
2018-12-06,50.7845573425293,50.7845573425293,49.36257559553827,49.617166989784614,5354400
2018-12-07,48.89066696166992,50.7845704628345,48.61434108772462,50.70694907872483,1956000
2018-12-10,49.5178337097168,49.74447993621792,48.595718129352896,48.71991022747314,1613100
2018-12-11,49.83450698852539,51.00189749529153,49.55197385568719,50.402678677672256,2491500
2018-12-12,50.542388916015625,51.31858131203613,50.238124936191845,50.647951991472105,1403700
2018-12-13,50.43683624267578,51.16955991742355,50.21950276865146,50.92428118250362,1341000
2018-12-14,49.722740173339844,50.70384804958384,49.67927489788555,49.85314310593594,1363500
2018-12-17,49.0783805847168,50.37891993440667,48.76724356611709,49.650866004911805,1176300
2018-12-18,49.72554016113281,50.49715156617168,49.482853143552965,49.492189176888665,2520300
2018-12-19,47.60981750488281,50.01177698072172,47.40446753083869,49.44862055741764,3022800
2018-12-20,47.280025482177734,48.3596655977538,46.64842244847433,47.58805053088345,3256500
2018-12-21,46.477291107177734,48.12319603354695,46.34972713742101,47.58182004354833,2780100
2018-12-24,45.114524841308594,46.58930484955086,45.114524841308594,46.07282135766899,2641800
2018-12-26,47.821407318115234,47.821407318115234,45.04919578775348,45.861256420443176,4233900
2018-12-27,48.13563537597656,48.14185939750613,46.52084717239912,47.08711206938625,2700600
2018-12-28,48.48099899291992,49.358400968662835,48.09519507241275,48.37521554015165,1011000
2018-12-31,48.820133209228516,49.199716638799856,48.31298225907885,48.98503417813531,2207700
2019-01-02,49.13438034057617,49.5730813095413,47.771611511831104,47.82139300529826,2292000
2019-01-03,46.26882553100586,48.3160905574838,46.247045017331274,48.01428961926926,3070200
2019-01-04,48.356536865234375,48.52454982267666,46.96576373099602,47.13377668843831,2537400
2019-01-07,49.24950408935547,49.72243009860113,48.29743160905002,48.49966961140761,1679700
2019-01-08,49.034812927246094,49.781535261846464,48.40632207403907,49.781535261846464,1529700
2019-01-09,50.29491424560547,50.506488276207946,49.479741795384996,49.479741795384996,2304600
2019-01-10,50.73983383178711,50.82384032067364,49.76286895204705,49.79709394976575,1256700
2019-01-11,51.28432083129883,51.70435329708748,50.35402894525975,50.518929920596534,1290300
2019-01-14,50.45048522949219,50.79273526008802,50.19224526154594,50.70561674678602,853500
2019-01-15,50.596717834472656,51.141202274434846,50.38825581898696,50.584269790094936,882000
2019-01-16,50.13312530517578,50.98874677964959,50.13312530517578,50.68694578931505,856800
2019-01-17,50.596717834472656,50.98874577668862,49.50774539389485,49.78465385019088,3133500
2019-01-18,51.912818908691406,52.22395237574562,50.97007891329109,51.12875943833968,1574400
2019-01-22,50.41938400268555,51.411905762356554,50.046024453869514,51.411905762356554,2130600
2019-01-23,50.06467056274414,50.90473546256429,49.622861158113174,50.69938547357422,2110500
2019-01-24,52.973777770996094,53.15734723285383,51.18475263038536,51.2034211337026,5947200
2019-01-25,54.07209777832031,54.296112759987324,52.81200371464503,53.18536320430803,3126600
2019-01-28,53.0048942565918,53.4311471684162,51.937702410944006,52.105715391241276,2450400
2019-01-29,52.239505767822266,53.17913013555674,52.1492752518033,53.008008697201696,4396500
2019-01-30,53.754730224609375,53.944520165243574,52.569306855772155,53.17290879821916,3142800
2019-01-31,53.72984313964844,54.2121051887831,53.235140166725905,53.64583663852446,1481700
2019-02-01,54.3739013671875,54.63525337832824,53.7671872720061,53.792079804838316,1515000
2019-02-04,54.64768981933594,54.65391384179124,53.95074885179295,54.34278037144437,627600
2019-02-05,54.89659118652344,55.16105870158056,54.5045632712385,54.601014244619414,1295400
2019-02-06,56.374481201171875,56.82251461591489,55.57486534195946,55.57486534195946,2575800
2019-02-07,55.1517333984375,55.93890495368156,54.666362865572665,55.68377342163179,3459900
2019-02-08,55.05527114868164,55.170390625549736,54.09386631399666,54.39255526381438,1882800
2019-02-11,55.32596206665039,55.46908252747678,54.88726109047184,55.182838045170676,741600
2019-02-12,56.49583053588867,56.63583898959841,55.9264535664368,56.00734805182201,2019900
2019-02-13,56.6762809753418,57.114978348611736,56.508268003228885,56.7758439543233,906600
2019-02-14,56.8287353515625,57.24876779261882,56.42115095368791,56.483376926984235,1004700
2019-02-15,57.12120819091797,57.435453652810374,56.81318675109104,57.279888707707215,742500
2019-02-19,57.043426513671875,57.41056548627938,56.791407026307056,56.85985702736812,1182900
2019-02-20,57.52878952026367,57.88970800689435,57.18031907709324,57.18031907709324,1036800
2019-02-21,57.1025276184082,57.66257198439046,56.93762667505389,57.53500448357955,1152900
2019-02-22,57.715476989746094,57.79948348854792,57.326561046961004,57.55057600333019,880800
2019-02-25,58.19149398803711,58.87599021535192,58.15104497851097,58.58352180043397,2355600
2019-02-26,57.82748794555664,58.26307337357212,57.64702690346105,58.03283439515798,865200
2019-02-27,57.13364791870117,57.594129375575655,56.51137750812507,57.594129375575655,2977800
2019-02-28,57.16788101196289,57.33278199979132,56.70429103931464,56.89097254499042,1236000
2019-03-01,57.67502975463867,57.955050221825424,57.077651808466015,57.71236676643782,1433400
2019-03-04,57.681251525878906,58.27552103510629,56.965642066529284,58.07328303736456,1755600
2019-03-05,57.46034240722656,57.78703233114412,57.19587845726414,57.525680392010074,1330500
2019-03-06,56.51138687133789,57.43857039960361,56.47094140653772,57.30167038810286,1412400
2019-03-07,55.901554107666016,56.28736154145487,55.52197069530955,56.28736154145487,2994000
2019-03-08,55.851783752441406,55.898453240529044,54.73169823506965,54.93393624410311,1491000
2019-03-11,57.15232467651367,57.426124693691655,56.06646420212468,56.131802195196045,1993800
2019-03-12,57.36700439453125,57.70303037734467,56.86918944245706,57.3607839330387,1968300
2019-03-13,57.59724807739258,58.0857270060175,57.55057503167127,57.76214550037089,1230000
2019-03-14,57.28299331665039,57.899039715645124,57.27988486647947,57.62835530505657,1775700
2019-03-15,58.944461822509766,59.404939782665494,57.95816434883761,57.973720844212956,3952800
2019-03-18,58.85423278808594,59.37694030360566,58.47464930642042,59.078247751413215,2697000
2019-03-19,59.61651611328125,59.796973613756656,59.2493770893074,59.25560111233045,1991400
2019-03-20,59.05805587768555,59.95968160176188,58.69615882446526,59.650821985900635,2508600
2019-03-21,61.0984001159668,61.50397664830719,59.11420058459675,59.11420058459675,2802300
2019-03-22,59.376277923583984,60.92994460748507,59.32636096470775,60.84259260720856,4417200
2019-03-25,58.6337776184082,59.50420589930166,58.1439657878156,58.95511922880573,2944800
2019-03-26,59.19533157348633,59.72569883478124,58.75231988602682,59.45739829499256,3840900
2019-03-27,58.365474700927734,59.46052758516991,57.91622196095581,59.263980180871584,3970800
2019-03-28,58.26875686645508,58.986313718581115,57.8569392079587,58.462183776105334,1386600
2019-03-29,59.13292694091797,59.273319932813806,58.795986616641635,58.961336299787966,1725900
2019-04-01,60.608604431152344,60.68036117265462,59.791210242699194,60.003359987950724,1964400
2019-04-02,60.699073791503906,60.84258726714117,60.33717676400006,60.639798970065705,1459500
2019-04-03,62.04059982299805,62.59904424022611,61.41663962017723,61.43223487638808,3218100
2019-04-04,62.17475128173828,62.56160503285412,61.83781091884416,61.96260153008346,1617300
2019-04-05,62.624000549316406,62.65207771966979,62.17474440160967,62.546002855580404,1223700
2019-04-08,62.77064514160156,62.839281417769236,62.21844159305821,62.352593665505374,1380300
2019-04-09,62.11857986450195,62.41184057659966,61.79411436748455,62.41184057659966,1483500
2019-04-10,62.59904098510742,62.79870881088226,61.99379654934905,62.046837555352035,1267500
2019-04-11,62.54603958129883,63.00152981378398,62.386930762081505,62.76130277419557,935400
2019-04-12,63.4133186340332,63.45699820510603,62.93286477428754,63.12629879436141,1030500
2019-04-15,62.94223403930664,63.51628093071737,62.608414107640655,63.51628093071737,1770000
2019-04-16,64.9576416015625,65.01379596181077,63.34157566785607,63.34157566785607,3216900
2019-04-17,66.03394317626953,66.83262149987625,65.51605795514192,66.28977244876958,3275700
2019-04-18,66.04332733154297,66.23052041736261,65.72823027649953,66.14004078393059,1083900
2019-04-22,65.99339294433594,66.18369930875691,65.43806196384666,65.8373975656582,912300
2019-04-23,66.67351531982422,66.91998319184093,66.20554340939177,66.36153880665903,2014800
2019-04-24,67.29126739501953,68.01194127070264,66.6891432115246,66.71722039437509,2025900
2019-04-25,66.10884094238281,67.16334172571892,65.5566374240016,67.0666282765264,2073300
2019-04-26,65.56287384033203,65.59407149466182,64.21199184359074,64.85155446837933,3381000
2019-04-29,65.48487854003906,65.72822596530008,65.17289484459378,65.59407390454776,2680200
2019-04-30,66.00276184082031,66.11507768143198,65.3351220375582,65.3351220375582,3088800
2019-05-01,65.47552490234375,66.94495678646423,65.4037681439938,66.54874151623203,4019100
2019-05-02,66.105712890625,66.83263462719167,65.28520533598915,65.4380731212192,3420000
2019-05-03,66.62358856201172,66.63918381419754,65.82491742351417,66.50503179825667,2269800
2019-05-06,65.53790283203125,65.55974618615137,64.1620642905312,64.30245728999368,2262900
2019-05-07,63.92496109008789,64.82034575576608,63.19803944463969,64.67059132798279,3237000
2019-05-08,63.37898635864258,64.3742048482121,63.25731625149288,63.397702090248856,3103200
2019-05-09,62.6801643371582,62.960943223695125,61.257525605570706,62.39625783046148,2978700
2019-05-10,62.77064514160156,63.11382652243994,61.257533726710754,62.10612573914213,3901200
2019-05-13,59.83489227294922,61.051622167914296,59.55410982424287,60.68036366879446,4856400
2019-05-14,61.21385192871094,61.53518990119238,60.29350330096514,60.583650760706895,2954100
2019-05-15,61.68496322631836,62.106135246778656,60.521266833209374,60.58054881947402,5173800
2019-05-16,60.71156692504883,61.36360436270934,60.327826472978735,60.82387563048534,6997800
2019-05-17,59.52914810180664,60.942425319224526,59.270205444784196,59.73817737128291,5014200
2019-05-20,57.154972076416016,58.062838783952685,56.749395442353816,57.59174636381491,4640700
2019-05-21,58.32490921020508,58.63377244341703,57.84133838242661,58.303069422005635,5167500
2019-05-22,57.092586517333984,57.682232263028766,56.91787534440842,57.20801928252498,3254100
2019-05-23,56.203433990478516,56.234631646380926,55.28308885998597,56.091121715161265,3725400
2019-05-24,55.713619232177734,56.89914429820531,55.66369870420227,56.47797242278706,2273100
2019-05-28,55.236297607421875,56.22527910270079,55.11150340165043,56.03185218964973,2389200
2019-05-29,55.43595504760742,55.701138668329385,54.61856440021444,54.777676714853136,4244400
2019-05-30,55.9039306640625,56.353183323255756,55.45155752529669,55.57635171579953,2000100
2019-05-31,55.0709342956543,55.975680460818666,55.03349568611895,55.20508633787068,3330600
2019-06-03,55.20198059082031,56.28767556469602,54.91807760503771,55.694912893675095,2988000
2019-06-04,57.61671447753906,57.61671447753906,55.769783157530405,56.250233510981616,3156600
2019-06-05,57.201778411865234,58.25003467459524,56.456140847888754,58.10340425966457,3273600
2019-06-06,57.99421310424805,58.19388097832265,57.080108841396715,57.286017675414854,957000
2019-06-07,58.649375915527344,58.77104607429574,58.04725180038989,58.243799198717255,1468500
2019-06-10,60.07823944091797,60.81139499808807,59.37316105740396,59.37316105740396,3907800
2019-06-11,60.318477630615234,61.31369651532028,59.85986347665698,61.19201921917703,3400500
2019-06-12,58.91767501831055,59.753785079817646,58.83656039597672,59.67578736691194,1450500
2019-06-13,59.20157241821289,59.46363556887077,58.7991162537925,59.34196186163276,1143000
2019-06-14,57.71029281616211,57.96299806294445,57.3171981458399,57.47006591518155,2081700
2019-06-17,57.283321380615234,57.90984551356816,57.26452515472476,57.69996089698258,1074600
2019-06-18,59.761234283447266,60.177873811996484,57.894184282227734,57.894184282227734,2850000
2019-06-19,59.880279541015625,60.26558966689101,59.532558286070135,60.171612112045395,1431300
2019-06-20,60.38462829589844,61.305618289930386,60.105825373181936,61.02681895222748,3371400
2019-06-21,60.0400390625,60.63211125111423,59.9272652853902,60.17474236863611,1333200
2019-06-24,60.10269546508789,60.3877650076754,59.955458948191264,60.11522508833001,2115900
2019-06-25,59.272552490234375,60.46608258461857,59.21303408464097,60.246801606632424,1416600
2019-06-26,61.18659210205078,61.512383854492434,60.4911495331751,60.59766030571176,1755300
2019-06-27,62.07624816894531,62.38638053813575,61.49358305473872,61.49358305473872,1559700
2019-06-28,62.1545524597168,62.69963216773327,62.01671588205627,62.57746209663684,2529900
2019-07-01,63.72088623046875,65.39997776264191,63.29171702553517,64.86117165726995,4752000
2019-07-02,62.925193786621094,63.5955770174183,62.63699453142961,63.532925317160476,1378800
2019-07-03,62.63698959350586,62.96278127717408,62.16396140681975,62.92205552420882,738000
2019-07-05,62.27988052368164,62.3268728919787,61.57191188687177,61.8193854284911,934200
2019-07-08,61.797447204589844,61.97600956461284,61.40899663524492,61.71286239246363,581400
2019-07-09,62.18275833129883,62.283002484720214,61.28682755447529,61.44345680356264,1347300
2019-07-10,62.68396759033203,63.561105564243356,62.58372345531434,62.86566322193802,1424100
2019-07-11,62.85942077636719,63.09436828216993,62.48350333307702,62.9659315551361,2578800
2019-07-12,64.00282287597656,64.0686078809603,63.01917393333735,63.01917393333735,1315500
2019-07-15,64.5635757446289,64.80478987067015,64.1939248835607,64.29730236614981,684300
2019-07-16,63.87751770019531,64.39439781930786,63.53605947615979,64.2659611150442,1124400
2019-07-17,64.06861114501953,64.3568175967954,63.83993026699835,64.24717352622727,786900
2019-07-18,64.99588012695312,65.14624279919832,64.04669021517805,64.04669021517805,1041600
2019-07-19,64.92069244384766,65.51902414488083,64.85490743315874,65.24021759004285,1311900
2019-07-22,66.16120147705078,66.25517902037926,65.2057451948105,65.2057451948105,2729700
2019-07-23,67.01014709472656,67.01014709472656,66.25518619454368,66.54338545929619,1297500
2019-07-24,69.05262756347656,69.17479766193989,67.47378033935999,67.47378033935999,2436300
2019-07-25,67.89353942871094,68.59211510276698,67.69305114996769,68.56078925734,1846500
2019-07-26,67.8747787475586,68.38226628645234,67.82151976623783,68.38226628645234,626400
2019-07-29,68.05957794189453,68.12536294336172,67.18557311095768,67.75884548232634,2041800
2019-07-30,67.90609741210938,68.04706735298036,67.13233655869223,67.3892100189254,789600
2019-07-31,65.65372467041016,67.49571206121983,64.9990007238144,67.39233459596787,1374600
2019-08-01,64.3568115234375,67.25135878705782,63.80233178834259,65.37491240540338,2578800
2019-08-02,63.407623291015625,64.25969503702382,62.84375080644569,63.70522245870455,2328900
2019-08-05,60.66969680786133,61.603227219021,60.118357542842986,61.54996825471179,2511300
2019-08-06,61.44346618652344,62.226626891610614,60.76055682019434,61.67841368104674,1479000
2019-08-07,61.8319091796875,62.02613088821643,60.46607627577833,60.46607627577833,2180400
2019-08-08,63.545475006103516,63.567400955872124,61.997953230283215,62.408329860435714,2165400
2019-08-09,62.43650817871094,63.13195067739378,62.007338999479856,62.87194396216963,1893600
2019-08-12,61.61888885498047,62.336264473667576,61.34634892932266,61.788051320215395,1178100
2019-08-13,63.43894577026367,63.98089228147379,61.2085080271371,61.61888453794098,2205000
2019-08-14,61.48732376098633,62.45530626776115,61.170924750149915,61.972885250581434,2766300
2019-08-15,61.37453842163086,61.99480315327454,60.84199180538609,61.82564069646512,965700
2019-08-16,63.009796142578125,63.18521808412556,62.019880360845775,62.019880360845775,1509900
2019-08-19,64.16883850097656,64.75151068648995,63.88377259620032,64.51969656688331,4550400
2019-08-20,63.9307746887207,64.3223586074665,63.58931643694586,64.14692952811042,732600
2019-08-21,64.45394134521484,64.77973314972627,64.1814013504685,64.45707464814568,700200
2019-08-22,64.45394134521484,64.81732561486676,63.78355791860694,64.59177799405343,5985600
2019-08-23,61.65333938598633,64.10932450553598,61.47791034101276,63.66448887471875,1682700
2019-08-26,62.17652130126953,62.687134988290694,61.935307151739714,62.58689079874856,997800
2019-08-27,61.94468307495117,62.937731961479386,61.647083890227414,62.627599567703996,1290600
2019-08-28,62.33625411987305,62.477224012492265,61.27742044444744,61.71598946035913,726000
2019-08-29,63.833648681640625,64.21269930120127,63.29796883376117,63.438938724261334,3748500
2019-08-30,64.13439178466797,64.71706408310997,63.852459126733585,64.45392406769348,1014600
2019-09-03,63.07870101928711,63.6864325894629,62.71530966204726,63.426418695399015,2833500
2019-09-04,64.7734375,64.82042985286203,64.04353598504703,64.04353598504703,1387800
2019-09-05,66.76580810546875,67.54896156896191,65.98578077412436,66.16747645023061,2037600
2019-09-06,66.94434356689453,67.13230579192235,66.49951516938448,66.94434356689453,1273500
2019-09-09,67.1886978149414,67.74943690664453,66.93495774747494,67.2168903591014,962400
2019-09-10,67.48944091796875,67.48944091796875,66.45254020292622,66.98195353268638,1291800
2019-09-11,68.50128173828125,68.53887419276434,67.44871452283742,67.87789086233661,1415400
2019-09-12,68.65478515625,69.32830176811066,68.26007509628376,69.18733901100009,1719900
2019-09-13,68.51695251464844,68.85214415379657,68.20055351889818,68.74250008556295,1309500
2019-09-16,68.07524108886719,68.3571737226445,67.43305044577829,68.00005618518242,840900
2019-09-17,68.2256088256836,68.3133269432146,67.53016633968674,67.95306890697579,667800
2019-09-18,68.3509292602539,68.3509292602539,67.34535425580216,68.3039368926512,654900
2019-09-19,67.9029541015625,68.65165559315268,67.8872875904285,68.43863406189801,1057500
2019-09-20,66.65303039550781,68.09090777601988,66.41181631933755,68.09090777601988,1944900
2019-09-23,67.43930053710938,67.76195884554959,66.59348850281792,66.64360697965171,2110800
2019-09-24,66.32539367675781,67.93963163599722,65.9698166654047,67.70992648114728,1169400
2019-09-25,67.43614959716797,67.65326535350555,65.40969745992945,65.9823901420994,1033500
2019-09-26,67.52113342285156,67.71937244677514,66.85089466516392,67.43302959071143,1050600
2019-09-27,65.94149017333984,67.3008513292736,65.4128529247622,67.16239734471425,2070000
2019-09-30,66.52362823486328,66.64319820810846,65.94149344402719,66.23413090655566,1079700
2019-10-01,65.90060424804688,67.83895348398151,65.72439657380764,66.9830578002197,1820400
2019-10-02,64.93773651123047,65.56391987014844,64.50979221371084,65.53874837079923,1328700
2019-10-03,66.0799789428711,66.09571563219235,64.16995538159972,65.00381986197317,1603500
2019-10-04,67.17813873291016,67.27883190297302,66.27504753910976,66.4166488849796,1213200
2019-10-07,66.78479766845703,67.44245410934418,66.75018417156824,67.13407997362057,1224600
2019-10-08,64.71745300292969,66.10513335433433,64.64193852014783,65.92577835531509,2052000
2019-10-09,65.77471923828125,66.22154736461708,65.41914946027639,65.54816143988751,1358400
2019-10-10,66.4166488647461,67.1372377387938,65.84395601005401,65.84395601005401,1116300
2019-10-11,67.98370361328125,68.76721775838833,67.6312738531339,67.65329801233875,1947300
2019-10-14,67.9742660522461,68.08440125977194,67.59666477083277,67.93650520389022,1111200
2019-10-15,69.46891021728516,69.60736422651892,68.27947619601194,68.39589884786712,1204800
2019-10-16,68.4840316772461,69.39656517273058,68.28579261058461,69.07560153946012,1761600
2019-10-17,68.60043334960938,69.44688689688557,68.21969202178319,69.26752470965047,1289700
2019-10-18,67.87358093261719,68.69485607509621,67.26942169133409,68.47774017390029,807600
2019-10-21,69.21090698242188,69.21720165784699,68.36445319138834,68.53437341713754,1299900
2019-10-22,68.60673522949219,69.45318886567765,68.60673522949219,69.4154280221806,1130400
2019-10-23,67.28515625,67.9333710688195,66.87294137766092,67.34494127062176,1599300
2019-10-24,68.9497299194336,69.01580960169092,68.10957087267111,68.1913800400565,1912200
2019-10-25,70.39087677001953,70.46010376611713,69.14165070602455,69.1794115404544,1859700
2019-10-28,71.67160034179688,71.72823801714118,70.81256438977596,70.91640492933779,1158600
2019-10-29,70.9289779663086,72.21911259962708,70.9289779663086,71.7345234772581,1158300
2019-10-30,70.95413208007812,71.48592393031808,70.48527975933852,71.4701872474072,1061400
2019-10-31,70.59545135498047,70.8345986436047,69.67662305680804,70.8345986436047,862800
2019-11-01,72.21597290039062,72.21597290039062,70.9321328059898,71.26253124157552,1989600
2019-11-04,73.82389831542969,73.89941999674156,73.11275142105475,73.1316354424547,1991100
2019-11-05,73.86482238769531,74.46268688875477,73.65399398289222,74.0473319564486,1091700
2019-11-06,73.37079620361328,73.74525014039335,72.62503566753531,73.72321877801818,1633800
2019-11-07,73.814453125,74.62314574310159,73.50922630792608,74.46580772880719,1491600
2019-11-08,74.18577575683594,74.23297140968646,73.09702757410862,73.5312664719136,1048500
2019-11-11,73.88056182861328,73.99383717703348,73.27954276543512,73.55959820308261,836400
2019-11-12,74.03158569335938,74.60427862187453,73.7420954930039,74.0661992000868,1444200
2019-11-13,74.11026763916016,74.28962987840869,73.26696118413886,73.62567846049012,929700
2019-11-14,73.86482238769531,73.93090207252666,73.30157139784015,73.71692633014632,973800
2019-11-15,74.54135131835938,75.17068195416272,74.19521622770228,74.84343088780238,977400
2019-11-18,74.3714370727539,74.82770740195282,74.00642513068215,74.5350626190519,777000
2019-11-19,74.0001220703125,74.82769892307904,73.59105464984695,74.71756372476645,731700
2019-11-20,73.12849426269531,74.02214355964787,72.56839068378554,73.65398433493482,1412700
2019-11-21,72.34809112548828,72.99001080758659,72.03027501926434,72.61870439541346,2084400
2019-11-22,72.27261352539062,72.95544178824527,72.10269329413062,72.5558163115393,1028400
2019-11-25,74.00640869140625,74.07878303664596,72.96171609512245,72.96171609512245,1229100
2019-11-26,73.72950744628906,73.99697349332094,73.39281438457989,73.88369816177241,2139600
2019-11-27,74.26126861572266,74.27071062440089,73.9308703334085,74.02841614998971,775200
2019-11-29,73.46520233154297,74.01272387583103,73.37080380373546,74.01272387583103,615000
2019-12-02,72.33550262451172,73.61619466773057,72.18131917451858,73.5406802117712,1428900
2019-12-03,71.21532440185547,71.28769875298421,70.43809776473645,70.78108549722764,1932300
2019-12-04,72.34182739257812,72.65649629748246,72.1310062123726,72.19708589016659,1081500
2019-12-05,72.70368957519531,73.00262175450474,72.38587337492147,72.84213638488222,1404600
2019-12-06,73.75467681884766,73.96865253117151,73.47148129598375,73.60364064708246,1002300
2019-12-09,73.41799926757812,73.99383964843311,73.40856445632515,73.92775995893234,492900
2019-12-10,73.72950744628906,74.2109492118043,73.45259938757991,73.80502913541785,522600
2019-12-11,75.2398910522461,75.35317356461087,73.87109490468583,73.92143788653019,1458900
2019-12-12,77.27894592285156,77.41110527486633,75.12662824473155,75.12662824473155,2190300
2019-12-13,76.93910217285156,78.11595414313001,76.58981978511943,77.31985072863536,1735800
2019-12-16,77.67549133300781,78.34810124467096,77.61549482666557,77.78601615832834,2099100
2019-12-17,78.02603149414062,78.17760203872484,77.61867526585819,78.10182038024573,974100
2019-12-18,77.98497009277344,78.18075200421973,77.7007654146174,78.18075200421973,963900
2019-12-19,78.6133804321289,78.6133804321289,77.92182669477135,78.29760544012255,1063500
2019-12-20,79.36176300048828,79.54807671201762,78.79020243303775,79.15966415644363,1035600
2019-12-23,79.6144027709961,80.02491746811911,79.5133533329793,79.98386455288163,1356300
2019-12-24,79.74385833740234,79.81017179451287,79.3396606507049,79.79122819003476,504300
2019-12-26,79.83544158935547,80.08175184184645,79.53861023398845,80.08175184184645,654000
2019-12-27,79.67754364013672,80.16384713646124,79.40913134385524,80.16384713646124,1104000
2019-12-30,79.07756042480469,79.65859637055914,78.53441891329774,79.65859637055914,1118700
2019-12-31,79.29228210449219,79.33333500858929,78.6291476060928,78.66704203851904,604500
2020-01-02,80.93118286132812,80.93118286132812,79.89226972659246,80.29015042998603,1275300
2020-01-03,79.4217758178711,80.11648796330837,79.24809597460536,79.68387120515136,1235100
2020-01-06,78.59442138671875,78.84704855833093,78.07969885493227,78.42390003347737,1615200
2020-01-07,80.04067993164062,80.35646204635762,79.10281623001347,79.57332731664371,1146600
2020-01-08,79.96805572509766,80.50803877418251,79.62701303855728,80.19858080641849,1297800
2020-01-09,80.47332000732422,81.07961658569491,79.7154456705482,81.07961658569491,639600
2020-01-10,80.0059585571289,80.98487534083097,79.77228220702908,80.98487534083097,1952100
2020-01-13,80.9406509399414,81.05432700053646,80.3185621675942,80.56487234492245,950100
2020-01-14,81.11751556396484,81.79960112047637,80.69437417768536,81.15541000906286,896400
2020-01-15,80.25858306884766,81.26907731337872,79.92701577417729,81.23118287575568,1516500
2020-01-16,81.52801513671875,81.55959263049469,80.8206691574625,80.87751442835923,1708500
2020-01-17,82.14064025878906,82.14064025878906,81.49644917592194,82.02380568357171,1016700
2020-01-21,82.09326171875,82.37745914788533,81.7490605497128,81.81853247791526,1653300
2020-01-22,82.6458740234375,83.5647942509918,82.45640906476903,82.69640234899069,1251300
2020-01-23,83.27111053466797,83.34689939929922,82.20692964104079,82.96164536044368,1077300
2020-01-24,82.38692474365234,84.60685325430089,81.81220578231083,84.4868602440491,1626300
2020-01-27,79.24176025390625,80.21120144647568,79.08071433835543,80.05015553092487,3212100
2020-01-28,81.07962036132812,81.36381783013435,79.69334730336998,80.1385907272623,2410500
2020-01-29,79.58914947509766,80.99436631787216,79.54177961048522,80.79226742341183,1242300
2020-01-30,79.59227752685547,79.82595383253488,78.02916655122905,79.1501854607427,1741800
2020-01-31,76.75343322753906,78.92599974303967,76.38712992082402,78.86284474818802,2155500
2020-02-03,77.61234283447266,77.8018077843048,76.93657439473033,76.98710271792696,1719300
2020-02-04,80.03754425048828,80.15754452385254,79.28283555057291,79.68071635818009,2465100
2020-02-05,81.88169860839844,82.02064248371722,80.6722638717947,81.56275794412109,2009100
2020-02-06,81.9290542602539,81.97010717039666,80.94066931044216,81.8532726118654,1068600
2020-02-07,79.99649810791016,81.10804192143878,79.89859991520548,80.96593956877975,1550700
2020-02-10,81.11751556396484,81.16172695451692,79.25126292936561,79.25126292936561,1212900
2020-02-11,82.75639343261719,83.23637996956349,81.90378671930789,81.90378671930789,1132500
2020-02-12,84.03216552734375,84.1553242825955,83.6058656621877,83.681654553477,1554900
2020-02-13,84.12056732177734,84.66686733311158,83.23638308434182,83.33743250497375,1681800
2020-02-14,83.83951568603516,85.05842559835031,83.41952567088673,84.78053790277086,1366800
2020-02-18,82.7627182006836,82.8953451211119,82.13116109256664,82.56693629220611,2409900
2020-02-19,84.85002136230469,85.00790883461097,83.81426653425014,83.81426653425014,1575300
2020-02-20,83.61847686767578,84.8089605854138,82.3869330150336,84.58475967277039,2301300
2020-02-21,81.13330078125,83.1100853319243,80.81120164010106,83.03745492085271,2479200
2020-02-24,77.24604034423828,78.42705588928101,76.73447630157946,77.32498768791314,3786600
2020-02-25,74.94403076171875,78.39866301712854,74.49562155339473,78.28182119862521,5127600
2020-02-26,75.0450668334961,76.69343529726619,74.58718228778868,75.5597894280014,4525200
2020-02-27,71.5809555053711,74.30613885461639,71.45148705326505,72.81249949175836,4172100
2020-02-28,73.19459533691406,73.67457470720802,68.87788165553343,69.08629745944248,4788900
2020-03-02,75.78713989257812,75.78713989257812,72.0956738493638,74.49244099204661,4137600
2020-03-03,73.1187973022461,77.11656983265091,72.62933534881152,76.12501926591776,2729700
2020-03-04,76.8544921875,76.8544921875,73.6367021581153,74.73245374152458,3355800
2020-03-05,74.53980255126953,76.4692167990799,73.9177137191913,74.95031714369183,3548700
2020-03-06,72.91039276123047,73.59879518295635,71.15465796621913,72.27567714198008,4851600
2020-03-09,66.68321990966797,70.34942599631412,66.31375812120278,67.09373461410175,6082500
2020-03-10,71.05992126464844,71.1230762528301,66.97688406179061,69.47154946071683,3859500
2020-03-11,67.07791900634766,69.81257710652918,66.3421541569696,68.8115512453826,2262900
2020-03-12,59.72342300415039,64.9495777096101,59.622377192709365,62.3949230567358,5859900
2020-03-13,66.13060760498047,66.37060094525575,59.73291132445588,63.28543072260178,4420200
2020-03-16,56.06037902832031,62.16756309848892,55.4667127568345,59.366594624269595,4817100
2020-03-17,60.99285888671875,61.57705337171454,55.046727820335654,57.554019892674205,4079100
2020-03-18,55.981441497802734,58.984505539651394,52.98469078704244,56.93825266300697,4131600
2020-03-19,57.421390533447266,59.20554417930833,53.802551302688634,54.95514786281012,2945100
2020-03-20,55.785640716552734,60.557072190602284,55.50143970846259,59.508683679825744,2942700
2020-03-23,57.778221130371094,58.70661314054846,55.043566196690605,56.40142005441808,2787600
2020-03-24,64.02751922607422,64.21382575377692,61.21707835329561,61.40338488099832,5754600
2020-03-25,63.1928596496582,66.7037457175713,62.280282529938326,64.5965773057205,2496000
2020-03-26,67.44207000732422,67.71773829955421,64.26388511691525,64.85009181842449,3301800
2020-03-27,64.09596252441406,66.26967393776194,63.8773279937326,65.31273265914136,2500800
2020-03-30,66.32667541503906,66.52313888987463,64.29238747858778,64.76768853388049,3341400
2020-03-31,65.02438354492188,67.45475433734177,64.45718557960697,66.33621241916836,4342200
2020-04-01,61.4659423828125,64.39062232690559,60.81319026174991,62.885506996011586,2938800
2020-04-02,63.297428131103516,63.44635134492287,60.806848023258404,60.936762386224515,3537900
2020-04-03,62.099674224853516,64.00087862819521,61.28215575121505,63.19919965657433,3110400
2020-04-06,68.43384552001953,68.7443766138177,64.79620696091317,64.79620696091317,5011800
2020-04-07,68.18985748291016,71.09870499251751,68.11064547211949,70.8261988495539,6696300
2020-04-08,70.47129821777344,70.73113418865935,68.3672991620381,69.33691733524886,3915900
2020-04-09,68.94717407226562,72.02712306532767,68.27224740340901,71.47577931990102,6792300
2020-04-13,69.72669219970703,69.93582591093592,68.12967970330276,68.68420024799862,3968100
2020-04-14,72.94286346435547,72.94286346435547,71.24446146044158,71.41556287377716,5871300
2020-04-15,70.77232360839844,71.41240187936778,70.10690503786003,71.41240187936778,3620400
2020-04-16,72.75909423828125,72.91435617196424,71.09870971681963,72.05565063151208,3338100
2020-04-17,73.32311248779297,74.18816394813568,72.42004332267213,74.03923346976504,2772600
2020-04-20,71.72925567626953,73.29458105420925,71.63419692812904,72.2204034204384,2713200
2020-04-21,68.21521759033203,70.9751275874979,67.99340653683423,70.61073200248796,3653100
2020-04-22,72.343994140625,72.68621150724572,70.08156355242723,70.43962042077939,3341100
2020-04-23,71.62154388427734,73.09181101408201,71.36805380302968,72.3471730216369,2933100
2020-04-24,73.11082458496094,73.27242523140127,70.97513156094318,71.57401563689942,2887200
2020-04-27,74.0867691040039,74.82506831533694,73.74455172872555,74.0550828472203,3212400
2020-04-28,73.703369140625,75.8453938014439,73.62098776089375,75.46832075848356,4094100
2020-04-29,77.20159149169922,77.51529203286347,74.87261844916186,75.01204091190152,3975900
2020-04-30,74.47652435302734,76.97027450690628,74.34977930527576,76.87521572109259,5172300
2020-05-01,70.84522247314453,72.91436653015433,70.50300504771845,72.51828463605872,6033600
2020-05-04,71.43460083007812,71.52332091441376,69.89145301478902,70.17029792630187,3381300
2020-05-05,72.63551330566406,73.988535960281,72.20139928791416,72.76542767491,4506300
2020-05-06,73.5259017944336,74.65712061670894,73.31360607351728,73.42767368415447,4407900
2020-05-07,74.18817138671875,75.1070873980661,73.81743708154796,74.82507316713833,2825700
2020-05-08,76.37771606445312,76.45693533205896,74.75218717071529,74.96449016628661,3885600
2020-05-11,76.30485534667969,76.98929026997341,75.52219952983526,75.66161474335702,3498300
2020-05-12,74.28006744384766,77.07801003993659,74.21669492051333,76.82134334266013,3764100
2020-05-13,72.84781646728516,74.98350215847684,71.74512163904555,74.64128477151846,6889500
2020-05-14,74.79655456542969,74.86943513486287,71.01315442466964,72.22676204400194,6521700
2020-05-15,73.25025939941406,73.50058744029955,71.8465410663122,72.29015606448239,5657100
2020-05-18,76.61536407470703,77.02412329776914,74.98983523486068,74.98983523486068,4940700
2020-05-19,76.36505126953125,78.13317206796643,76.33652710937864,76.631218744131,4308000
2020-05-20,79.17882537841797,79.6953207740488,77.9367009482492,77.9367009482492,3791100
2020-05-21,77.18573760986328,79.2643822521421,77.05898532483099,79.20417908695053,3809700
2020-05-22,77.52796173095703,77.65788339048824,76.30485309004493,77.26179421366356,2462400
2020-05-26,78.3423080444336,79.98685335983726,78.23774120199356,79.60344160422379,4310400
2020-05-27,79.54956817626953,79.54956817626953,76.35871329668095,78.5831191435298,5297400
2020-05-28,77.81311798095703,80.02802258169429,77.38534994331211,78.96651498510784,4460100
2020-05-29,79.8062515258789,80.01855460201752,77.82900370896249,78.06981644903377,6282000
2020-06-01,79.37529754638672,79.74920124031149,78.6686844749273,79.39430640259421,2780100
2020-06-02,81.08952331542969,81.14973372310651,79.23268278949966,79.60341702457835,3159900
2020-06-03,83.43120574951172,83.8114409001652,82.27146968346501,82.29364789149696,1781700
2020-06-04,84.1916732788086,84.81590490609044,82.85132785154987,83.11432597519338,1948500
2020-06-05,86.25447082519531,87.50609606756997,85.7981858381242,86.20377571664035,2878200
2020-06-08,86.07704162597656,86.9040609897831,85.22783680340508,86.76780789602141,2531400
2020-06-09,86.1435775756836,86.45093935333226,84.83174184323694,85.20881483860053,1958400
2020-06-10,86.44778442382812,87.26846516562536,86.09288957398007,86.71712128651679,2579400
2020-06-11,80.95645904541016,84.5307257946455,80.86773896663387,84.2550502519033,3992100
2020-06-12,82.05917358398438,83.7068811336574,80.22767989394372,83.02878490414422,4613400
2020-06-15,83.16523742675781,83.29543490085341,79.97378210949594,80.2532273328842,2132400
2020-06-16,84.78795623779297,86.1534561275863,83.27637758723387,85.61043242893112,3384300
2020-06-17,85.44845581054688,86.21694268214831,84.93718755883083,85.5945272622363,1371300
2020-06-18,85.2896728515625,85.74695928574619,84.91177829086826,85.33413317291514,1340400
2020-06-19,84.87684631347656,86.62976915602327,84.64503047530154,86.3598455094971,2271300
2020-06-22,85.50244903564453,85.70250960408637,83.96864407593488,84.78794389049988,1286100
2020-06-23,85.80728912353516,86.69962815029696,85.65486516567685,86.33443863436388,1177800
2020-06-24,83.92415618896484,85.79139481622296,83.27633811270633,85.3404682552711,1974000
2020-06-25,84.52436065673828,84.68948964513427,82.54279825934393,83.82255337065382,1376400
2020-06-26,82.93976593017578,84.71173950677411,82.73335282073988,84.62917862399364,1637700
2020-06-29,83.84477996826172,83.87653526067673,81.91719955756409,82.96196975614747,2664900
2020-06-30,86.01687622070312,86.33760540939329,84.15598987010655,84.22585296892791,4086000
2020-07-01,84.91493225097656,86.12800748802896,84.83554766665259,86.09625220063549,1909200
2020-07-02,85.95338439941406,86.7536266860892,85.6929822159017,86.22648434200744,1787400
2020-07-06,88.2238998413086,88.56051030327725,87.36966866204075,87.64276853891954,2312700
2020-07-07,87.18233489990234,88.57958992521677,87.04260867053867,88.03973528071056,1893000
2020-07-08,88.3636245727539,88.43984018092803,87.15690167106497,87.84600386402522,1610700
2020-07-09,89.5354232788086,90.07844685616186,87.4331920769101,88.78916289201693,2007900
2020-07-10,89.2337646484375,89.88158303463403,88.3700116457243,89.77361209221407,966000
2020-07-13,87.76663970947266,91.47254669252278,87.59833442813775,90.49763929527231,2951700
2020-07-14,89.21788024902344,89.4401673542272,86.01054399568355,87.14740411359989,3124200
2020-07-15,89.06227111816406,89.93556004357069,87.69677140600305,89.93238378672173,2247000
2020-07-16,88.72882080078125,89.01462571897025,87.63959748470157,88.02702079873005,1344600
2020-07-17,89.17659759521484,89.5386109367735,88.74154488028853,89.02099734593085,1340400
2020-07-20,90.93901824951172,91.19306786076147,88.73834520010945,89.325829020614,1783200
2020-07-21,90.47539520263672,91.73292381716249,90.10385315300329,91.61224787815736,1593900
2020-07-22,90.77388763427734,91.46298983317789,90.03715613109773,90.72308207393694,1240500
2020-07-23,89.38616943359375,91.52968455538259,88.5986250339383,90.82153202745599,2006100
2020-07-24,87.98255157470703,89.23690374853594,86.62022850341594,87.8047175829058,2717400
2020-07-27,90.72310638427734,90.7612069305819,89.03051759773884,89.09402819934303,2324400
2020-07-28,88.97017669677734,90.17689984330032,88.79234266439681,90.05940015116545,1822500
2020-07-29,90.80248260498047,91.17402467783167,89.66562985841757,89.76089575201398,1452000
2020-07-30,92.59033966064453,92.6760767867294,90.51668739953807,90.5389139281552,2717400
2020-07-31,92.21562194824219,92.86661647919809,90.80883821929913,92.82215615333942,1928400
2020-08-03,93.88915252685547,94.11462316064248,92.76500468816448,92.77770244765728,1654200
2020-08-04,95.26736450195312,95.34993265233933,93.84153029161737,93.8891596128745,1452900
2020-08-05,95.16889953613281,95.59124715350154,94.50520003980861,95.11808670153131,1741500
2020-08-06,95.11808776855469,95.27369526221614,94.15271658351008,95.09586124159796,1096200
2020-08-07,94.06061553955078,95.36260443799553,92.91741038424195,95.01011993707455,1364700
2020-08-10,94.05744171142578,94.45756276836187,92.69511854948753,94.34323935138552,1326900
2020-08-11,93.0761947631836,94.9212073573286,92.7903970842467,93.94948361962841,2116500
2020-08-12,96.08346557617188,96.33751521367924,93.56523206951262,93.86691101708165,1945800
2020-08-13,95.12760925292969,96.18190100170469,94.65444883188701,96.08345886369024,1522200
2020-08-14,95.07046508789062,96.18191507469845,94.73385456199065,95.43247839898709,1088700
2020-08-17,96.14063262939453,96.59474285551916,95.63571683201906,95.85483493738381,928500
2020-08-18,95.63253021240234,96.75668512313585,95.35943030863677,96.68682201899483,1020300
2020-08-19,95.08952331542969,95.92470445499785,94.80054934737768,95.75004666405542,1197600
2020-08-20,94.24481201171875,94.67986468645215,93.54301192381514,93.99711487020846,1899300
2020-08-21,94.88311767578125,94.9561570548506,93.7018043868209,94.06064149943447,1239300
2020-08-24,95.87068939208984,96.21365236718495,95.12125285663322,95.98183655046635,1043700
2020-08-25,96.80115509033203,96.8773707148662,95.86753186059346,96.06124717864463,1089900
2020-08-26,97.11234283447266,97.45848206198701,96.61694864534296,97.02024594532594,1019700
2020-08-27,96.00724029541016,97.53786867433351,95.39752994874264,97.53786867433351,1660200
2020-08-28,97.77921295166016,97.8173207567461,95.95643442969308,96.12473966230229,1711200
2020-08-31,97.56011199951172,98.37941172070747,96.9345203110832,97.71253596691113,1013400
2020-09-01,99.49720764160156,99.56389448579884,97.83002926834857,98.34129749663471,1414200
2020-09-02,102.38062286376953,102.97128291716801,100.10055803769369,101.06593634683523,2971800
2020-09-03,96.67095184326172,100.96115860049784,95.99773082631796,100.73568799712709,3921000
2020-09-04,95.6674575805664,97.31558570027856,92.25688518905356,96.02630185477561,3466800
2020-09-08,91.19623565673828,93.92405067565544,91.06286198540924,92.23146973745033,3036000
2020-09-09,93.6795425415039,94.46073434803236,92.2791116432384,93.50806105868934,1914600
2020-09-10,92.4093246459961,95.2260609291321,91.86630107025249,94.94660849990227,1914000
2020-09-11,92.38392639160156,94.01617345540548,91.37726379937267,93.05397118863986,1524300
2020-09-14,94.23210144042969,94.82276158363908,93.50807486680439,94.23527769690644,1155600
2020-09-15,95.85800170898438,96.51851767981992,95.35625494967807,95.5213912107083,1259700
2020-09-16,94.95931243896484,96.6614225105603,94.81323371293584,96.54709908127826,1217400
2020-09-17,94.91168212890625,95.06411337801752,92.21562164222895,92.53952714410742,1714800
2020-09-18,93.42550659179688,95.58807934489091,92.20926202264178,95.34673473127873,1210800
2020-09-21,93.2572250366211,93.2572250366211,90.87871711732207,91.66626175106461,2331600
2020-09-22,94.21942138671875,94.34961885344354,92.21880826142059,93.85423177481005,1096200
2020-09-23,92.04552459716797,94.75134169734064,91.70450909679332,94.2446000605136,1896000
2020-09-24,92.82315826416016,94.11391656874882,91.21687915556421,91.28380714781387,2350500
2020-09-25,94.09797668457031,94.3943783276376,91.59295132482698,92.9856954713963,1614300
2020-09-28,96.6890640258789,96.78468170215793,94.81507282556177,95.4333635061698,1836000
2020-09-29,96.91534423828125,97.82365375253394,96.62531807357276,96.77192502692448,1915500
2020-09-30,97.0810775756836,98.03719599642973,96.51378346662135,96.85161119719382,1947600
2020-10-01,99.15901947021484,99.34705974893848,97.94794028506428,98.40049746141673,2045400
2020-10-02,96.18550109863281,98.19016765536496,96.05164511800571,96.59663226615999,2008500
2020-10-05,99.19091033935547,99.28015253235365,96.93128254807947,97.06195809535507,1540200
2020-10-06,98.7192153930664,101.09676019785832,98.31445971217748,99.27057802106917,1888800
2020-10-07,100.6091537475586,100.91829908301256,100.10878035715123,100.12471906781586,1249200
2020-10-08,101.85530090332031,102.06246039443285,101.21151552749241,101.53022412026672,979800
2020-10-09,103.64642333984375,103.93644222406544,102.9357100270584,103.32771477627088,1967400
2020-10-12,105.18578338623047,105.72439514122296,104.49418917358527,105.0168695110919,1591500
2020-10-13,104.99772644042969,105.89329225848292,104.52285501974039,105.36423651986429,2298900
2020-10-14,104.57384490966797,105.7562417729223,103.97786121817421,105.43434551165285,1562400
2020-10-15,104.29337310791016,104.49734479234051,102.40981912106619,102.62335402981127,1207200
2020-10-16,103.79621887207031,105.20490193390341,103.71335945349486,105.01368115755541,865800
2020-10-19,103.2735366821289,105.26544512372097,102.87833690024418,104.64715445586285,1208700
2020-10-20,103.10459899902344,104.01928382098968,102.86238171631489,103.73882093631636,1048800
2020-10-21,102.41303253173828,103.55718397834502,102.33016582277965,103.3500245005531,1074300
2020-10-22,102.45446014404297,102.98669635415585,101.21150334695436,102.54050729581155,905100
2020-10-23,102.09430694580078,102.09430694580078,101.12862545777833,102.0624368233442,786000
2020-10-26,99.88250732421875,101.5843969883342,98.57899791378658,101.22107460547294,1671300
2020-10-27,99.49048614501953,100.81949737217707,99.14629024756341,100.57409229890762,890100
2020-10-28,96.23330688476562,97.92244529852292,96.07394897412934,97.92244529852292,1481100
2020-10-29,98.67459106445312,99.70401281312981,96.11538153065777,96.24923750594293,1504500
2020-10-30,97.35832977294922,98.26982688152752,96.0707594105375,97.63241718327872,1337100
2020-11-02,97.70574188232422,98.71922505466526,96.86754076177813,98.26984823836929,1456200
2020-11-03,99.5478515625,100.3924207761831,98.5471121787034,98.56623133493991,1385100
2020-11-04,103.02812194824219,103.56354586009596,100.45616139596633,101.6704357176966,3026700
2020-11-05,107.65573120117188,107.92344315759244,105.90922070618564,106.00483837171046,2808600
2020-11-06,109.41181945800781,109.81019970374278,107.05339352226328,107.40078448124073,2016000
2020-11-09,108.13697814941406,112.74865580027098,108.13060266576187,112.35027560725378,1920900
2020-11-10,104.89253997802734,107.62703863635105,104.62164030541322,107.16810598150964,1862100
2020-11-11,108.67241668701172,108.86363744185277,106.50202391708426,106.51158714320758,1670400
2020-11-12,107.33063507080078,109.10263988531854,106.7601533956642,108.84448390645396,1203600
2020-11-13,108.64690399169922,109.55203298203139,107.86926278657388,108.60865838559751,1070700
2020-11-16,111.34954071044922,111.34954071044922,109.23652005991623,109.53610215222415,1456200
2020-11-17,110.43167114257812,110.9862215449082,109.61259650726686,110.9543514190528,1371600
2020-11-18,109.60941314697266,111.38779396029335,109.53929740836696,110.62608406215082,1361100
2020-11-19,111.22843170166016,111.33360529857843,108.71702363758645,109.21739698205927,1056300
2020-11-20,110.70894622802734,112.20686402547871,110.5782779826963,111.26668437182042,1369500
2020-11-23,112.28654479980469,112.67854954212531,110.84599174665962,111.20293862054963,1374900
2020-11-24,112.89845275878906,113.09923673024976,111.15831771152584,113.09286124646931,1824600
2020-11-25,112.64985656738281,113.51673997036806,112.18454838985167,113.06417546541087,974100
2020-11-27,113.99162292480469,114.65771513526057,113.36376903054924,113.36376903054924,1713300
2020-11-30,115.31105041503906,115.44490639016489,112.73908991728632,114.18283055711889,1874100
2020-12-01,117.21372985839844,117.95632053844193,115.94846621758406,116.32772726509702,2005200
2020-12-02,117.55794525146484,118.1379903323985,116.76755294976326,116.88547752914091,2141400
2020-12-03,117.71092224121094,118.93156485997216,117.55157160920426,118.23997071623575,1096800
2020-12-04,120.92030334472656,120.99360683019682,118.05194795188423,118.239980984521,1624500
2020-12-07,121.53219604492188,121.61824318934269,120.37529379299686,121.60549951680088,1657800
2020-12-08,121.92420959472656,122.39908103089412,120.85017396212076,121.44615041654136,1203000
2020-12-09,118.48857879638672,122.27161945584544,117.76830217559487,121.46210792855938,1949400
2020-12-10,118.32283782958984,119.339508725046,117.07988101183923,117.47508079302446,1967400
2020-12-11,117.17230987548828,117.99457226226819,115.88473197452036,117.48463565352957,1605900
2020-12-14,118.48070526123047,119.19605979530266,118.00167275032325,118.26354863179714,1313400
2020-12-15,120.13174438476562,120.53093561394239,119.288649994292,120.07745706747677,1102500
2020-12-16,120.20201110839844,120.69701469886614,119.25033470858578,120.69701469886614,1342500
2020-12-17,120.42236328125,120.99081224569565,119.89542470872254,120.99081224569565,1240200
2020-12-18,119.70702362060547,120.80559821481154,119.08427995180361,120.58205314135864,1160100
2020-12-21,119.17369079589844,119.27588428646007,117.19369100258488,118.19327359476604,1799700
2020-12-22,118.99803924560547,119.27907315938756,118.004845161729,119.20242621754613,668700
2020-12-23,118.10385131835938,119.39085631802634,118.00165782641653,119.19604472033943,1257000
2020-12-24,119.1577377319336,119.21202505924228,118.37531166796376,118.73299257203314,574200
2020-12-28,119.02679443359375,120.62038000891178,118.85114821621211,120.55650998612856,1108500
2020-12-29,118.72020721435547,119.63994864736051,117.40446873874116,119.63994864736051,1334700
2020-12-30,120.70977020263672,120.91096292327792,119.26628461289405,119.37806078306828,1159800
2020-12-31,121.09300994873047,121.2814257630932,119.95610467076317,120.83433565558222,1193100
2021-01-04,120.58525085449219,124.47818649070344,119.71340823110955,121.8786370904465,2487600
2021-01-05,123.05065155029297,123.05065155029297,120.39681510136157,120.4894332032772,1670700
2021-01-06,122.65147399902344,125.06260012665435,121.53692096181025,121.70617870624864,3215100
2021-01-07,127.27893829345703,127.59189994915977,124.44624644630346,124.44624644630346,1809000
2021-01-08,127.34600830078125,129.69326481602118,125.85142911945012,129.1024560692557,2119800
2021-01-11,128.6361541748047,129.65490199292427,126.14519464185234,126.24099234374994,1627500
2021-01-12,129.41543579101562,130.6673118130769,128.28811291032298,129.46334196991998,4503900
2021-01-13,129.62615966796875,130.89718596035848,129.11838653537922,130.612965161032,1200000
2021-01-14,132.37261962890625,133.89273755267502,131.23570714387026,131.23570714387026,1748400
2021-01-15,129.68048095703125,132.37264103746688,128.93637841302413,132.2257356059398,2403900
2021-01-19,134.12911987304688,134.21854376942917,131.50401612129394,131.81379090702893,2517000
2021-01-20,133.6500701904297,136.0420458158211,133.337108521532,135.58536562268324,1851000
2021-01-21,135.5821075439453,136.12500985389275,133.52866292088035,134.91785369577798,2540400
2021-01-22,133.28282165527344,135.06162173790565,133.21256315992397,134.4804029992241,1668300
2021-01-25,133.4744110107422,134.7422506530784,130.90360248385252,134.39734669484628,1683300
2021-01-26,131.3059844970703,133.5478528563393,131.2932075695301,133.5478528563393,1224900
2021-01-27,124.49097442626953,129.0353949303962,123.98320112136173,129.0194310780049,5391300
2021-01-28,127.22145080566406,129.04817162598604,125.99833026024103,126.9979130158537,3369900
2021-01-29,125.00192260742188,128.10605832036845,124.58676015287101,127.64937815847136,2761800
2021-02-01,129.93910217285156,130.33509908070312,126.71042921506708,127.13197996945307,1923300
2021-02-02,132.04690551757812,132.2129763629729,130.26490394705982,132.10758862314447,2429400
2021-02-03,129.3643341064453,132.9315241434504,129.019430107695,132.55149089835595,2767800
2021-02-04,130.42454528808594,130.5267460728423,128.0485488146678,128.95552047638563,1832400
2021-02-05,129.53359985351562,131.39862232862782,129.33878821572054,131.39862232862782,1462800
2021-02-08,133.4201202392578,133.51911950483517,130.3990345589335,130.4054084041479,1947300
2021-02-09,133.02728271484375,133.96618198006587,132.28636729935153,133.033671176952,1383300
2021-02-10,133.28919982910156,134.82848352409735,131.57745683205758,134.12910016652432,2220300
2021-02-11,137.90383911132812,138.00283835342003,134.39093024017606,134.39093024017606,2112600
2021-02-12,139.6092071533203,139.88065105637264,136.79569577623383,137.498265925781,1925100
2021-02-16,140.31175231933594,141.7839783764842,139.71135389452851,141.27300379303418,3152400
2021-02-17,137.9070587158203,139.62200316976492,136.0164826646573,139.1078414496244,2785200
2021-02-18,136.4891357421875,137.12146216224858,134.78057963889535,136.19532484861955,2247600
2021-02-19,139.77847290039062,140.6087977436677,138.27430402517555,138.55853948994255,2254500
2021-02-22,134.71351623535156,138.93219780421347,134.2408722138153,137.9613559041725,2652000
2021-02-23,133.70111083984375,134.71028317973565,128.4062160715168,132.23847464534663,4029300
2021-02-24,138.0380096435547,138.1849150905238,131.67007003981786,132.8676513131494,3144900
2021-02-25,130.1754913330078,137.33223821302192,129.63577571825797,136.42845321205553,5339700
2021-02-26,133.1422882080078,134.37179710574134,129.67409774265178,132.30877637369343,4558800
2021-03-01,137.3865203857422,137.53023891256373,134.13549357390102,135.1606155611157,2316600
2021-03-02,133.26683044433594,137.9421771104668,133.11672347759634,137.9421771104668,3177600
2021-03-03,129.18865966796875,133.69474836592357,127.97830170426396,133.40734061214388,4425900
2021-03-04,122.9708251953125,129.37708030477756,121.14730615431375,128.77030780491228,7243500
2021-03-05,126.65939331054688,127.0873181008115,119.93377282737139,125.80032756939116,6307800
2021-03-08,119.8251953125,127.0106904850456,119.7772891362969,126.49652871414571,7349100
2021-03-09,127.26935577392578,128.12523461233036,123.79796348258712,124.16523441582318,4132800
2021-03-10,124.86776733398438,129.50481182656657,124.86776733398438,129.46329412811946,4082400
2021-03-11,130.1243896484375,130.86529068221674,127.90485885080983,128.5819044808767,3689400
2021-03-12,128.7511444091797,128.98745907449756,126.82223783138608,127.74197187739965,3153600
2021-03-15,131.46563720703125,131.6444702955353,128.5020192991605,129.4409332158008,3894900
2021-03-16,133.1646270751953,135.27875530689087,132.38859687762846,133.02092319376055,6785100
2021-03-17,134.84129333496094,135.89835786437052,130.32881426554985,131.32519567744023,5773800
2021-03-18,129.2621307373047,133.22851933513877,129.11203836731232,132.96665076363067,6042900
2021-03-19,130.85894775390625,132.0150116464769,127.86977410310203,129.52084911689593,6614100
2021-03-22,133.62774658203125,135.192584500528,131.96390936994823,132.46529430381236,3130200
2021-03-23,130.1147918701172,134.38137929726815,129.51440784575684,134.14504999444097,5638800
2021-03-24,128.3296356201172,132.8165749991238,128.2689525086208,132.2800608599,6608100
2021-03-25,128.4659423828125,129.0898526945655,125.04559627800137,126.34782853604803,5580000
2021-03-26,134.80746459960938,135.05383283118437,128.4787259477126,128.56511081364383,6493800
2021-03-29,132.74049377441406,134.05871933474384,131.15031269922142,133.54679617901962,6540600
2021-03-30,132.42379760742188,132.7021537277576,130.85920333229726,131.69428633977222,4263600
2021-03-31,135.65855407714844,136.6856083090144,133.41245971904087,133.67482188916216,5968200
2021-04-01,140.6466827392578,140.72666709527908,137.968634843073,138.01982424506795,7380000
2021-04-05,143.48471069335938,143.9038486712487,141.24820965950812,142.95997168040063,6504000
2021-04-06,141.88172912597656,143.51990730419018,140.4707176699582,142.64002072547459,5913000
2021-04-07,141.78892517089844,142.51522886364606,140.7138744328784,142.02889289966848,3296400
2021-04-08,143.40467834472656,143.56786925446264,142.09286773347972,143.3118929908244,4276500
2021-04-09,142.95677185058594,143.09755369525956,141.64494635120607,142.24326919106906,2466000
2021-04-12,141.4209442138672,142.20804521425205,140.20511190564335,142.20804521425205,2607900
2021-04-13,141.19700622558594,142.70080289639003,139.78918785076792,142.49922357582594,3328500
2021-04-14,139.64520263671875,141.99688308621543,138.88049602343503,140.92823301965822,4996200
2021-04-15,141.98410034179688,142.27846504446552,139.99396763858223,141.07862643153814,5672400
2021-04-16,141.31857299804688,142.27523616880165,141.00821439939273,141.98407908609065,2712600
2021-04-19,137.60386657714844,140.74903361983797,136.34002319465304,140.2786917199414,8922300
2021-04-20,135.64259338378906,137.72230438227916,134.84269101839658,137.15279100519783,5374500
2021-04-21,139.2004852294922,139.251674634901,135.18821715879122,135.74815162768377,4321800
2021-04-22,136.1704559326172,139.09806460259108,135.34177358557537,138.9124938901886,5433000
2021-04-23,138.6533203125,139.2260410179409,136.56080920734362,136.7271783987894,3996300
2021-04-26,141.1938018798828,141.3697791807614,138.58295196727232,138.83252776477303,3577800
2021-04-27,140.1347198486328,141.8496890053232,139.7091814735358,141.74731021954747,4878300
2021-04-28,138.0070343017578,139.42443145776258,137.8470509473957,139.35724811559842,2356200
2021-04-29,138.90292358398438,140.05155815167754,136.88718884699898,139.9683808627108,3237000
2021-04-30,135.0314178466797,137.67106242279354,134.7050653051482,136.8647745037868,3900000
2021-05-03,133.62684631347656,136.13211030361563,132.88134100740592,135.99132843717257,3222900
2021-05-04,131.3743133544922,131.93744065848423,128.94584150249202,131.88623661523735,6061800
2021-05-05,132.1965789794922,133.83156371791208,131.2047204604042,133.02206831786074,4808700
2021-05-06,133.2812957763672,133.31329831346008,130.44967907215346,131.9502685162339,3656400
2021-05-07,135.11143493652344,136.03291752902948,134.00118865249365,134.6378999496632,2871600
2021-05-10,129.10263061523438,133.9307798672689,128.87546391247125,133.9307798672689,6354600
2021-05-11,129.27540588378906,129.63376100660471,124.71601910518834,125.16396667032483,6719400
2021-05-12,124.00889587402344,127.32044698973483,123.50977363588346,126.57174898605975,7754100
2021-05-13,125.58951568603516,127.53485967627381,124.33208704388811,126.1590436265594,4862400
2021-05-14,129.47698974609375,130.64803345769542,126.18143189512499,127.41967360243454,4663500
2021-05-17,128.34750366210938,128.45628294829731,126.20378864344622,128.2771127573808,3365100
2021-05-18,127.3140640258789,129.80012577785416,127.24046553700974,129.55375758257688,2354700
2021-05-19,129.7969512939453,129.9313326486787,124.31928899209761,124.84722097371781,4127400
2021-05-20,133.21084594726562,133.7611721701977,130.67038754464633,130.76638046701544,5020800
2021-05-21,132.47494506835938,134.2027150940811,132.25417892926978,134.15151105890183,5250000
2021-05-24,135.82171630859375,136.5544204097307,133.74199138873325,133.8603787722836,3373800
2021-05-25,136.22482299804688,137.25508441763344,135.45692364961346,136.81993803601338,4363500
2021-05-26,136.5896453857422,137.18156778494915,135.348210671119,136.32407560936716,2492400
2021-05-27,137.16551208496094,137.853427205899,135.98168233960106,136.33682979856263,3302700
2021-05-28,138.43894958496094,139.10445561929293,137.44067588699886,137.6838511299236,2179500
2021-06-01,138.05181884765625,140.58587718172276,137.33831625109497,139.485224546469,3373500
2021-06-02,138.893310546875,139.45643790945982,137.50790123489784,137.94624069878253,2140500
2021-06-03,136.50640869140625,137.93341370077727,135.8664900229835,137.33509099075144,3247500
2021-06-04,139.8212432861328,140.09959949022385,137.6775270295908,137.6775270295908,2821500
2021-06-07,138.7333221435547,139.41482215557306,137.9270196040829,139.1588605348975,2376300
2021-06-08,137.93984985351562,140.0579634711585,136.89999456425446,139.81480280926695,2534400
2021-06-09,137.2615203857422,138.7973194794137,137.2615203857422,138.39736844228835,2607000
2021-06-10,138.8382110595703,139.3795899667749,137.19166780012486,137.47997600713342,2165100
2021-06-11,139.53976440429688,139.53976440429688,138.46983744679432,139.25466757566093,1765200
2021-06-14,141.522705078125,141.522705078125,139.0721064484898,139.89217429175957,3673800
2021-06-15,140.36306762695312,142.00639993333124,139.9017685023833,141.1446864818651,2388300
2021-06-16,139.04324340820312,141.2055332052463,137.93807893307866,140.79869612754743,3614700
2021-06-17,140.5424346923828,141.57073070096786,138.55633236366847,138.6620449004018,3873000
2021-06-18,137.17886352539062,139.68071206452385,136.42286276673934,139.5782109433334,2889900
2021-06-21,137.68499755859375,137.92525196191036,136.16978471433703,137.33581922291413,2233200
2021-06-22,138.3353271484375,138.7325447524731,137.1180270537902,137.8900557165658,1737900
2021-06-23,138.91192626953125,139.69355981641283,138.63643428136427,138.68129136295275,1889400
2021-06-24,141.2728271484375,141.64762354049924,140.11641186323922,140.2637700910192,1428300
2021-06-25,140.88839721679688,142.0992742379344,140.4911796963782,141.87183611988604,1343100
2021-06-28,144.2519989013672,144.85103675565293,141.7597544862772,141.7597544862772,2651100
2021-06-29,145.38278198242188,145.59420708662228,143.60810446919916,144.08220524905096,1748100
2021-06-30,145.50450134277344,145.7832047245146,144.53387861622244,145.24823383254991,1317300
2021-07-01,143.41909790039062,145.35714665546965,142.93218082075927,145.35714665546965,2264100
2021-07-02,144.29360961914062,144.64277333343705,143.16600922543446,144.30962267092391,1827000
2021-07-06,144.04696655273438,145.15213122694394,142.21141891945797,144.68443860534745,2001900
2021-07-07,141.8654327392578,144.96631915930118,141.26640969381359,144.95350285228238,1888200
2021-07-08,140.04269409179688,140.7122067896581,137.81314070193523,138.8766595035447,2000100
2021-07-09,142.32672119140625,142.5925935543632,139.49170736562752,140.5039902490672,1833000
2021-07-12,144.1526641845703,144.1526641845703,142.39080317697022,142.93537893073633,3949800
2021-07-13,143.5760498046875,144.19750874830154,142.81365546921234,143.55043185342527,2122200
2021-07-14,142.91293334960938,145.78316983633184,142.5028995657919,144.5562652292064,2256600
2021-07-15,139.74159240722656,142.53174938272082,138.6812702880397,142.22421666872532,2657100
2021-07-16,136.70480346679688,140.88523741730987,136.3780608829602,140.1772756003701,2571600
2021-07-19,136.56703186035156,136.79125857449577,134.06516851718976,134.83719703372006,4068000
2021-07-20,138.42819213867188,139.47890930330115,135.5034934233218,137.2237086252742,3201000
2021-07-21,142.6790771484375,142.74635542117372,138.95674687208515,138.95674687208515,2039400
2021-07-22,141.83660888671875,142.61503093271187,140.7859062938565,141.96474263394745,1185000
2021-07-23,142.5605926513672,142.70154271503986,140.80192826452483,142.49972251879277,1312500
2021-07-26,142.6054229736328,142.92256059000314,141.6604182781425,142.01279340744284,1123200
2021-07-27,139.98828125,142.19861072454023,137.03154105588084,142.19861072454023,2508000
2021-07-28,142.27542114257812,142.87445866067887,139.82162703493353,140.49754770662665,2289600
2021-07-29,145.177734375,145.62300569788317,142.76237390480804,142.81683587395634,2303700
2021-07-30,146.3662109375,146.66412410991586,143.86436204144687,143.86436204144687,2320200
2021-08-02,147.29197692871094,149.11791937385655,146.92999691555295,147.76928903842503,2864100
2021-08-03,148.4131622314453,148.4131622314453,145.89208923554793,147.61872721910993,1769100
2021-08-04,149.92518615722656,150.6459495130112,148.4804480366624,148.70149269049332,1626000
2021-08-05,149.95079040527344,151.00149284258066,149.09868204919843,150.64592101346457,1420200
2021-08-06,149.2043914794922,149.95398403903147,148.8135821500137,149.069849601215,1233000
2021-08-09,148.69827270507812,149.89313674178166,148.07040562287037,149.80664866342818,1065900
2021-08-10,146.97164916992188,149.17558477846197,145.8985107250918,148.91931728834348,2695500
2021-08-11,146.46868896484375,147.57706469481053,144.74845933088992,147.3720478120869,1296900
2021-08-12,144.8957977294922,145.98816026151303,143.6945259506251,145.98816026151303,1531500
2021-08-13,145.8055877685547,145.8280089702354,144.43773316242084,144.56267013973923,1060200
2021-08-16,145.26419067382812,145.63898689488602,144.0469058073444,145.2545857783004,1143900
2021-08-17,142.45164489746094,144.05654264419823,141.11904233331913,144.05654264419823,1850700
2021-08-18,140.5680389404297,143.12433443873658,140.382231854475,142.25301637068037,1879200
2021-08-19,141.7212677001953,142.49649287139636,138.60436862962752,139.68711180985622,2175600
2021-08-20,142.78477478027344,143.03784546679654,141.0837843123566,142.0992491385844,1798200
2021-08-23,146.80503845214844,147.0004504412073,144.26795265843532,144.26795265843532,2181000
2021-08-24,146.80503845214844,147.67637121440853,146.55198241919112,147.22788852842802,1662900
2021-08-25,147.92306518554688,149.01541345071033,147.3016062439474,147.38488291523913,2274300
2021-08-26,148.06082153320312,148.63743813119981,146.84994427417314,147.74689527996287,2284500
2021-08-27,150.88619995117188,151.06558426710546,147.9358683212714,148.14409666151965,2404500
2021-08-30,151.1873321533203,152.65128010689125,150.64595310533133,151.50125838803274,2519400
2021-08-31,149.9796142578125,151.55247111163925,148.81036836841545,151.3506656294244,2107800
2021-09-01,149.16275024414062,150.88296535771397,149.16275024414062,150.73241042526158,1632600
2021-09-02,149.72015380859375,150.18143820290135,149.14034057303658,149.87070875268748,1501500
2021-09-03,150.84133911132812,151.42756047338435,149.412614256374,149.74577956007158,1356000
2021-09-07,150.2871551513672,150.92462712193958,149.39661243944084,150.91821896838925,1640700
2021-09-08,148.36190795898438,149.7521691957879,147.0677396878037,149.5984175179982,3087900
2021-09-09,148.88406372070312,149.764986788985,148.17290538194652,148.2626048594023,3921000
2021-09-10,150.06614685058594,152.34696593299614,150.05333054163432,150.10779252269418,2959200
2021-09-13,151.50442504882812,151.81836588516953,149.4542560391176,151.57811147521963,2835900
2021-09-14,151.51080322265625,152.66082448560252,150.81886948579452,151.89200759309364,2581500
2021-09-15,152.38217163085938,152.3853683754452,150.34480418808783,151.62936760882377,3770400
2021-09-16,152.67367553710938,153.18301372822887,150.65233582338,151.28020285076423,1655100
2021-09-17,150.23910522460938,152.27006469764905,149.55998757034646,152.27006469764905,2426700
2021-09-20,146.51995849609375,147.60591316552907,144.36086546354647,147.03570484586567,3124800
2021-09-21,146.95242309570312,148.05439088787557,145.6166090217697,147.6155276834771,2214000
2021-09-22,150.00204467773438,150.3480116181848,147.56745978864515,148.1088387347092,1309200
2021-09-23,152.00100708007812,152.48151604380442,150.17186747411108,150.71323191267453,2407200
2021-09-24,151.82659912109375,152.15092101573268,150.60632384394833,150.8471655210441,1191900
2021-09-27,151.45729064941406,152.05136872598405,149.31220633700866,150.20170647288552,1339800
2021-09-28,145.53257751464844,149.45989568004168,145.53257751464844,148.59609089296762,5448000
2021-09-29,143.23658752441406,146.2840346884356,142.95720292149963,145.856946387211,6776400
2021-09-30,143.17877197265625,145.53901742238008,143.14022907317644,144.59492218245236,4524900
2021-10-01,143.2718963623047,144.0168973933952,140.91807471110607,143.74715589420396,3114900
2021-10-04,139.58224487304688,142.61684506118863,139.15515647911616,142.53014555862777,4161900
2021-10-05,141.69520568847656,142.67784401269708,140.0157374822666,140.25015538219245,3156000
2021-10-06,142.2475128173828,142.3567030018521,139.63357800417393,140.11848061794464,3410700
2021-10-07,143.9109649658203,145.81842742030491,143.7279228924451,144.08437866158064,1913400
2021-10-08,142.43701171875,144.61421569899832,142.3214123905389,144.4279690702554,1672200
2021-10-11,141.48324584960938,143.8820343456167,141.4318700136346,141.87180592752685,1532100
2021-10-12,139.71710205078125,142.58472677304607,139.12944764655538,142.37598943557683,3201900
2021-10-13,140.52310180664062,141.39654983887914,140.06389443056395,140.72861985539149,1756500
2021-10-14,144.8839569091797,144.89680454557447,142.71638131166353,143.11458454083777,2486100
2021-10-15,145.8505096435547,146.28724098191802,145.11193241821886,145.9468521946026,1639500
2021-10-18,147.02584838867188,147.0740196740844,144.15179985686902,144.98351524552982,1352700
2021-10-19,148.82728576660156,148.82728576660156,146.6918300869283,147.36296448065562,1394100
2021-10-20,148.51905822753906,149.10028876576092,147.8768087726718,148.29104945469234,1261500
2021-10-21,150.01547241210938,150.20814282333683,147.4978800324884,147.5653080615035,1303200
2021-10-22,148.3328094482422,150.76692200496373,148.07591552452027,149.22552906300714,3284400
2021-10-25,149.3507537841797,150.2081496479356,148.55115757643708,149.090640632309,1684800
2021-10-26,149.46315002441406,151.05591863843142,148.93651459793037,150.51964013597572,1879200
2021-10-27,148.390625,150.13109751695663,147.86397481237486,148.55439561267568,3226200
2021-10-28,151.73670959472656,151.85873273598642,150.10219337425806,150.37193492854294,3278100
2021-10-29,152.41427612304688,152.43353287622256,150.28522891220686,150.45542333073212,2135700
2021-11-01,154.89976501464844,154.93508866538627,152.21197769914457,152.59731859820454,2547300
2021-11-02,156.82647705078125,156.83290086818485,154.81626319778252,154.81626319778252,2225400
2021-11-03,158.63441467285156,158.82708510508303,156.4218725116155,157.02879833796578,2175000
2021-11-04,163.97142028808594,164.706792888402,159.55277556985538,160.4262381675202,4080900
2021-11-05,165.79220581054688,167.06385698806844,164.14806144351223,164.99260963676772,4534800
2021-11-08,168.03363037109375,169.12864851766523,166.2160725295426,166.81977897132887,2921400
2021-11-09,168.03363037109375,169.90254934409688,166.22249634592626,169.709878952013,2722800
2021-11-10,163.07876586914062,167.13454743901988,162.36908825084666,164.88025746939667,3934200
2021-11-11,166.52757263183594,166.92576107544838,164.4948682545776,165.77614776249965,2283000
2021-11-12,168.15567016601562,168.9520470788968,166.18396993525536,167.1056039301408,1970400
2021-11-15,168.0304412841797,169.41448731710625,166.30280186197996,169.41448731710625,2318100
2021-11-16,170.5480499267578,170.856319671943,167.0702950431262,167.27259384782025,2023200
2021-11-17,169.35987854003906,170.6347342716857,168.53138254239894,170.6347342716857,1575600
2021-11-18,172.1922149658203,173.05603478681522,170.5480702626238,172.43948052311654,1997100
2021-11-19,172.67062377929688,173.83950844790056,171.36044455186152,172.21784027938705,3405900
2021-11-22,170.16912841796875,176.0135532907675,169.9379150703217,173.6629357056989,4422600
2021-11-23,169.485107421875,171.129266494565,166.63675459621726,169.9860622541775,2422800
2021-11-24,171.3475799560547,171.43429411752294,166.4729475585619,168.15563446537166,2117100
2021-11-26,166.57894897460938,169.63603899579104,165.3522645559604,168.11391780203382,2448000
2021-11-29,172.98211669921875,173.36747218662728,168.41254883882098,169.04837436818846,2412300
2021-11-30,169.95069885253906,173.91655972256913,168.49922523169457,172.30131555443597,3264300
2021-12-01,168.59234619140625,175.48684947064893,168.5827178181004,172.44260772805484,3112500
2021-12-02,168.83645629882812,170.01176497625326,165.5802717958164,166.8551275923791,3124500
2021-12-03,168.4093780517578,172.92114716874477,166.51796797537617,171.22561208375797,2490900
2021-12-06,168.1942596435547,168.70806229374753,162.931064212882,168.08186485445574,2091600
2021-12-07,176.6814422607422,177.02825485162788,171.95452761813723,171.95452761813723,2692200
2021-12-08,175.5318603515625,175.89794445725892,173.7207259757736,175.74380223382764,1666500
2021-12-09,171.49534606933594,176.23510905742648,171.3444231088856,174.4946367246827,1674000
2021-12-10,173.11378479003906,175.52540604689273,170.97189032762398,174.69370555626426,2020500
2021-12-13,168.5023956298828,173.873834792524,168.20649436198246,173.7966386763076,2286600
2021-12-14,167.69186401367188,168.576387537288,165.50790439223232,166.43424309366068,2888100
2021-12-15,173.8480987548828,174.00570073129305,165.77485506081393,168.0327860670188,2344200
2021-12-16,166.26377868652344,175.04785218350813,165.26667806685904,174.5557287489507,2797800
2021-12-17,165.87135314941406,168.5152649290831,164.07658392863365,164.62660073800117,2702100
2021-12-20,164.57191467285156,165.8552724855551,162.77714547840984,163.45902732072742,2145900
2021-12-21,170.50942993164062,170.58983579466803,165.9806996328496,168.28044571776147,1624200
2021-12-22,172.28172302246094,172.28172302246094,168.75007768092706,169.63137677608532,2134800
2021-12-23,173.94781494140625,175.07355601387133,172.62264198703818,172.62585174342465,2100300
2021-12-27,178.714599609375,178.75319031106062,174.5428873349008,174.584687793537,2503500
2021-12-28,176.7429656982422,179.566992959368,175.92599402621536,179.54125600327552,1974900
2021-12-29,177.0130615234375,178.1195145360665,175.92912097496338,176.67533039015805,1254900
2021-12-30,175.0102996826172,177.3686037764174,174.46656394426734,176.6350413923948,1361700
2021-12-31,174.48265075683594,176.355143602778,174.46334260738627,175.19046895862905,1217400
2022-01-03,177.95091247558594,178.1246416052591,174.96521920557976,175.65695451945643,1699800
2022-01-04,177.4040069580078,179.8556118498723,173.13138280725033,178.74241082529852,3504600
2022-01-05,171.37789916992188,177.5584058826567,171.22346345486062,176.04624370373256,3751800
2022-01-06,172.7098846435547,173.51743947928645,169.49577751594515,171.3521727665193,2934300
2022-01-07,167.70054626464844,173.1732368816119,167.17611855691533,172.5426364221082,2284500
2022-01-10,167.76158142089844,168.12513712152582,162.1537660352923,165.62527009648664,5377500
2022-01-11,170.91781616210938,171.1172894893534,165.96311904126011,167.1985752971072,3157200
2022-01-12,172.17259216308594,173.7587321786978,170.45774589199402,172.5683134559676,3571500
2022-01-13,168.15414428710938,176.261843947926,167.72624270265774,174.80439530416794,3268800
2022-01-14,172.1790771484375,172.33993423985356,166.79968728686615,166.82220610143995,3401700
2022-01-18,164.483154296875,169.4507240340344,164.12280916933244,169.42820522502583,7686000
2022-01-19,159.644287109375,166.83825914667614,159.53169305656195,165.81835879908903,9931800
2022-01-20,154.63807678222656,162.15377579313622,154.4321674220345,160.87649268234185,8349900
2022-01-21,152.0642547607422,157.92303419841676,151.72644311490168,153.55710918186668,13946100
2022-01-24,153.8015899658203,154.08792787957847,143.79245834904415,148.88549406011433,15465300
2022-01-25,148.06185913085938,151.69102509174135,147.20926669580865,149.84748725334026,10710300
2022-01-26,150.3365020751953,156.61030900408377,148.061837630648,152.21864120830196,8508000
2022-01-27,143.64443969726562,152.00629508451865,143.16183916653168,151.82290452639185,8400900
2022-01-28,146.39852905273438,146.39852905273438,139.40081897770833,143.52866908586265,7173000
2022-01-31,154.26170349121094,154.49656778758984,146.32131085669667,147.13207648757756,7846800
2022-02-01,155.54541015625,156.02157475988352,151.66208611635463,155.77062772201546,4068900
2022-02-02,159.4737548828125,159.87592696071306,156.44624907765095,158.68873360269185,5229000
2022-02-03,152.53395080566406,158.0323686252109,151.94838821837712,155.46171955869983,6506400
2022-02-04,153.40907287597656,154.72174702685126,149.76704976233617,151.82291819342763,5061300
2022-02-07,153.32220458984375,155.88319234032838,152.74307802375202,153.78870766651724,3501900
2022-02-08,157.1990966796875,157.5176148280486,152.41812852149263,152.6723009080657,2941200
2022-02-09,162.35647583007812,162.37576924714935,157.27629819823417,159.27104606200845,5061000
2022-02-10,157.29559326171875,163.40210710667256,156.40117400141355,158.39593661386633,4614000
2022-02-11,149.2908935546875,158.70481593619445,148.21951963121086,157.55944953774983,7881900
2022-02-14,149.43246459960938,152.45032383641384,147.48275395075606,149.79923105971676,5697300
2022-02-15,157.6785125732422,158.08712078470884,152.2605214474744,152.66590426972857,4881000
2022-02-16,157.72994995117188,158.315497817952,154.3646035000711,155.74163805905488,2713200
2022-02-17,151.80686950683594,155.85106558257758,151.57200521595095,155.63550944277745,6003000
2022-02-18,150.11131286621094,152.43745140844845,148.023263975072,151.87763291729988,5866200
2022-02-22,149.19757080078125,152.7784735632297,146.8296202578851,148.48976742139533,8370000
2022-02-23,145.64242553710938,152.50179629879628,145.17269701499902,150.92851356079177,6525600
2022-02-24,150.9703369140625,151.2116372189001,139.64209468547634,139.9799210033697,8669100
2022-02-25,153.4862823486328,153.4862823486328,148.82435928947177,150.9638815117805,7065000
2022-02-28,152.55328369140625,153.90778505016917,149.4807251448395,151.4883456769728,4359300
2022-03-01,147.0226593017578,152.8203023454785,145.41077512223927,151.93552970091204,4265700
2022-03-02,151.69747924804688,152.75598120371578,147.90101973555156,148.24526741141253,2850600
2022-03-03,148.51547241210938,152.66906502469664,147.61140650805982,152.62401268942764,4177800
2022-03-04,144.57424926757812,148.36427169408825,142.94628251195266,147.06768042360866,4443300
2022-03-07,137.32237243652344,146.0381370107508,137.29341758234725,145.00537951360056,5869200
2022-03-08,139.95419311523438,145.0665377305178,135.95182414043308,138.25865473439274,7909500
2022-03-09,145.81939697265625,146.91972592734592,143.0171082753197,144.66438368220932,4699800
2022-03-10,142.82728576660156,143.38066828519104,140.01854620945582,143.23910463030515,4805700
2022-03-11,139.7611541748047,145.1662727337288,139.47802688311677,144.8992429311074,6524400
2022-03-14,135.23757934570312,140.0668117328031,134.60055761511157,139.34291068311785,5683800
2022-03-15,141.45343017578125,141.78803105273965,135.7362309580623,136.59203393170984,3980400
2022-03-16,148.73751831054688,148.7600371201967,142.29319169969514,143.8535876209432,4868700
2022-03-17,149.6544647216797,149.6544647216797,145.915915009437,147.0516348146311,4133100
2022-03-18,152.57579040527344,153.19351861788866,147.6918744230653,148.6120380562764,5004600
2022-03-21,152.27337646484375,153.52170504465542,149.5515017421897,151.98702379168097,4801500
2022-03-22,153.11631774902344,154.927675455151,151.84547039597527,151.99668074461468,2886600
2022-03-23,149.25869750976562,153.57314760484155,149.21687055780174,151.71673787204395,3530400
2022-03-24,156.79345703125,156.91594353881737,150.17900855501895,150.7979040600061,5002500
2022-03-25,156.43885803222656,157.04485703227397,153.84400658336403,156.61937841905313,3103200
2022-03-28,157.65411376953125,157.65411376953125,153.2605944651829,155.50086847974094,2735700
2022-03-29,161.26754760742188,161.52220030327837,158.01189448954096,160.16837107365532,3093600
2022-03-30,156.11007690429688,160.58740756980515,155.2816515056783,160.02008306405935,3269100
2022-03-31,152.557861328125,156.6870622811611,152.1484958642687,155.9940345717952,3369300
2022-04-01,149.60203552246094,153.56038200344344,147.3681947880635,153.202587380798,5391900
2022-04-04,152.03245544433594,152.2452021461222,149.42793884478695,149.9920466551136,2705100
2022-04-05,145.034423828125,150.9171698306232,144.6476196811455,150.788220359331,4054800
2022-04-06,141.42742919921875,143.99648817436946,140.2186477530716,141.83036126647877,4836900
2022-04-07,141.73692321777344,143.00694088883424,138.77136481769838,141.2340658666397,3511800
2022-04-08,138.22012329101562,140.61189321956022,137.9977116474246,140.56032228515096,4500300
2022-04-11,135.38031005859375,137.31757716934453,135.06763818657905,136.17649452627515,4291800
2022-04-12,134.96768188476562,139.26449183151018,134.2617430339763,138.24266445353348,5894700
2022-04-13,137.87197875976562,138.8261073435562,135.00314479783563,135.84122034720858,3309000
2022-04-14,134.05874633789062,138.8036134774243,133.88467407943713,138.77137240895598,5903400
2022-04-18,136.37954711914062,137.58511175262868,133.22381915770077,133.38821165215245,3630300
2022-04-19,139.3676300048828,139.66097192167317,135.14495245480393,135.83476338377943,3036600
2022-04-20,139.05821228027344,142.8005946941026,138.5682515192603,141.57246868597477,3826200
2022-04-21,135.3480682373047,142.3364394716253,134.64859219494946,140.76986339229086,3600300
2022-04-22,132.33738708496094,135.88636733065738,132.11496069421256,135.13530568218368,4569000
2022-04-25,134.57449340820312,134.60995120781251,130.8643356330122,131.25760291357372,6353700
2022-04-26,128.60787963867188,132.98850180527037,128.4563835770423,132.75642524373242,5844000
2022-04-27,127.90518951416016,131.102823678704,126.9027065764245,127.1896003452229,4350300
2022-04-28,134.95481872558594,136.39567683961715,128.8303159142019,130.47427056970375,4923300
2022-04-29,129.18814086914062,135.64464621689137,128.8142183118405,133.06269037462266,4188300
2022-05-02,133.5010223388672,133.64930167125942,128.2952063346241,129.30735406336447,4635300
2022-05-03,134.60665893554688,135.66392936075766,132.22132275710283,133.14644175697742,2300100
2022-05-04,139.82861328125,140.0607046328839,131.4187140246549,135.60593475988944,4259400
2022-05-05,133.0562286376953,137.5270971831673,131.07382397550526,137.32079866526186,4597200
2022-05-06,131.86996459960938,134.80649708571622,129.38148678857394,131.83772355020938,3950400
2022-05-09,125.1556167602539,130.59350976764287,124.4206682488382,129.0204856337794,5058600
2022-05-10,128.0019073486328,130.36789946622338,125.20720504373065,128.9334747836002,4476600
2022-05-11,124.22084045410156,129.8972740334473,123.85981434417099,126.90916950826642,5066100
2022-05-12,124.97509002685547,126.01626211338757,121.62918427303192,122.68646950873273,5345100
2022-05-13,131.3542022705078,132.27288767130176,126.49329999734134,127.16698295041952,4724400
2022-05-16,129.35569763183594,131.39290409867417,128.86573695640976,130.01973046771994,2372400
2022-05-17,135.63818359375,135.9863132633416,132.23103395796636,132.73065972036923,3193200
2022-05-18,128.8013153076172,135.25137211323386,128.25333530283552,133.39791684219352,3581100
2022-05-19,128.021240234375,131.30911978932028,126.90593574846005,128.17273631371467,3303300
2022-05-20,127.95357513427734,130.5516443085,122.2223383861114,130.5419793666343,4083900
2022-05-23,128.5047607421875,128.84644219051307,125.98082439503597,126.96073125726834,3639300
2022-05-24,125.37481689453125,126.86404403240333,123.94685514988238,126.44176729269678,2865600
2022-05-25,127.63121795654297,128.8303198051729,124.41102215107244,124.52706045755042,2512500
2022-05-26,132.61785888671875,133.2109616823741,126.23226880246374,126.43535062300373,2966700
2022-05-27,138.07188415527344,138.30074407677245,134.70985665470687,134.70985665470687,3165600
2022-05-31,137.36268615722656,138.5811472200409,135.2545785336779,137.83331703785123,2807100
2022-06-01,135.18365478515625,138.75842773998,133.31407206501495,138.06216853354772,2466000
2022-06-02,139.89309692382812,140.03171135646892,134.45197137327924,134.7130723298024,2005800
2022-06-03,135.70909118652344,137.63669330205366,135.08051597682103,136.86307022006847,2065500
2022-06-06,135.9443817138672,139.01951425429237,135.04182402735356,138.5617945780674,2241900
2022-06-07,137.0307159423828,137.4175201669018,133.29476614465983,134.32949031648286,1866600
2022-06-08,134.1134796142578,136.83404921944393,133.10133180952215,136.27962111180858,3396000
2022-06-09,130.30670166015625,135.27504505075856,130.3034800692605,132.9571399571459,2517000
2022-06-10,125.67732238769531,129.2704155635972,125.41584154482597,128.1631046358138,3599100
2022-06-13,118.42656707763672,122.6523991797894,117.97137709034672,121.0608524082757,4042800
2022-06-14,119.08514404296875,120.26024124222081,117.68729900257168,119.7275778998105,2831100
2022-06-15,121.13190460205078,123.2625731665647,118.41690891378678,120.48947800846538,3811200
2022-06-16,113.8327407836914,117.71314697806336,112.39937668570329,117.59369689116025,3921300
2022-06-17,114.29436492919922,115.12080625819566,111.6729880261993,114.0877545969501,3400200
2022-06-21,117.28700256347656,119.04964859832411,116.62197315226311,116.7059118444332,2830200
2022-06-22,116.06346130371094,117.72280192034316,115.0949744474825,115.26608078697286,4106700
2022-06-23,115.27577209472656,116.8511815808679,113.46147723828561,116.75110538367218,2178900
2022-06-24,120.38292694091797,120.38292694091797,116.82534535457492,117.08038300169504,3783600
2022-06-27,120.05365753173828,121.77110539183232,119.13036878156382,121.47087676154871,2497500
2022-06-28,117.1255874633789,122.17140368724249,116.94157257472402,120.76387155767455,3039900
2022-06-29,114.36216735839844,115.6567073174849,112.9417193695696,115.52111973850764,3393600
2022-06-30,112.8642349243164,115.1143532098999,111.0854441702273,112.75770077449063,3285600
2022-07-01,108.87084197998047,111.58583734494547,107.46330989419874,110.98537278257218,3875100
2022-07-05,109.72956848144531,109.72956848144531,105.46822465313284,106.11388012204007,3391200
2022-07-06,110.26547241210938,111.55679087463386,108.63518497750093,109.83611417712615,2672100
2022-07-07,115.20152282714844,115.77939194430418,112.85455713927784,112.85455713927784,2866200
2022-07-08,115.7503433227539,116.54127340070869,113.1903092116689,113.53250716920185,2334000
2022-07-11,113.0837631225586,114.56554691868668,112.3477109990356,113.99736477653516,2490000
2022-07-12,113.40013122558594,114.6559382123045,112.57368983246593,113.81980988096136,4494300
2022-07-13,114.03934478759766,114.94972493635953,110.85947961520529,111.08545646808484,3564600
2022-07-14,116.45732879638672,116.95448819797029,112.07654197738556,113.73588278372323,3186900
2022-07-15,119.23690032958984,119.42736580588068,116.38308805330061,118.23613086168014,2984100
2022-07-18,118.85594177246094,122.14234073071377,118.10052317750771,121.21259419931224,2959200
2022-07-19,124.09545135498047,124.76693126287847,120.38614479830719,120.73157907902191,3116700
2022-07-20,127.2591552734375,127.86284870787001,123.14309390262889,123.90819933523989,4845300
2022-07-21,129.3381805419922,129.42211921846263,126.09375858324123,127.92096170181739,2753400
2022-07-22,126.15189361572266,128.9766523791744,125.00907123580556,128.92176711261274,4548000
2022-07-25,125.35447692871094,125.45133152075849,123.25931289614624,125.18337798657996,2862900
2022-07-26,123.26578521728516,125.15110277940589,122.80736620253113,124.52159219155295,2510400
2022-07-27,128.9056396484375,129.94514953571397,125.09947763943487,125.47718701944821,3214200
2022-07-28,130.49392700195312,130.77478169372165,126.37462141045611,129.18968539833708,3532200
2022-07-29,131.4979705810547,131.86598567180053,128.16313584536113,128.60541009488293,3840900
2022-08-01,132.0047607421875,133.14434654274527,129.70621526623037,130.56494638230026,3812100
2022-08-02,131.75296020507812,133.75451372531663,129.9612681867438,130.51329807221884,2124900
2022-08-03,135.41384887695312,135.67856607480718,131.6496569221835,131.73359560826685,2860800
2022-08-04,136.3920135498047,136.80199786974543,134.70684100336769,135.1007025935007,1919100
2022-08-05,135.32992553710938,136.49532861349323,133.3864935089565,133.99986666030367,3279900
2022-08-08,133.28317260742188,134.9457497940374,131.2332065424559,133.46396590633617,3061200
2022-08-09,127.17523956298828,130.33895926468577,125.42550235646942,130.2033716996969,4368900
2022-08-10,132.45350646972656,132.69884979798607,128.82490199391057,130.56495987082738,3456000
2022-08-11,132.2824249267578,136.1886482621631,131.99187584759326,133.57697247443153,2403900
2022-08-12,136.15310668945312,136.52113642667172,132.67947876293874,133.16372219488454,2049600
2022-08-15,136.6599884033203,137.04091935749153,134.61970170099875,135.54621941456975,1325100
2022-08-16,135.26210021972656,136.5566474772795,133.7512630801925,135.959411942271,1566900
2022-08-17,131.99505615234375,133.2540919162882,130.14847923198647,133.18952711643993,2640000
2022-08-18,135.00384521484375,135.90453093080393,131.87563669216593,132.353422179511,1698900
2022-08-19,131.359130859375,133.8190963534114,130.68441444024498,133.14437993428137,2323500
2022-08-22,126.41659545898438,128.93788893209057,125.80322238502272,128.69576720405638,2903400
2022-08-23,127.04606628417969,128.98303950231642,126.36167065675089,126.50695251487087,2430600
2022-08-24,127.36572265625,127.8047752282532,125.89363302624233,126.90085302456016,1251900
2022-08-25,132.0338134765625,132.1887749186132,127.41736345183075,127.48838621460928,2679300
2022-08-26,124.54418182373047,132.04349715591772,124.34725103588273,131.73681063031333,2838000
2022-08-29,122.02934265136719,124.64749054925976,121.82919027941627,123.22058472363372,2575200
2022-08-30,120.60890197753906,123.39169103194946,119.12711819634276,123.34326373115182,3212700
2022-08-31,119.3466567993164,121.14481423890524,118.30391804089886,121.14158525925353,2974800
2022-09-01,117.13204193115234,117.14817943937767,113.5034448836178,116.30237155062112,4537800
2022-09-02,115.84718322753906,119.76632198207874,115.34033689367347,118.93665158922067,3841200
2022-09-06,114.51066589355469,116.46378469046236,113.63257559098889,115.82780873637242,2692500
2022-09-07,116.44764709472656,117.432279003594,114.10391030265333,114.97232111023098,1699500
2022-09-08,118.41044616699219,118.85272030012987,114.60429213827398,115.3177414365773,2823300
2022-09-09,121.2513427734375,121.87762440638426,119.96971130305818,119.96971130305818,2066400
2022-09-12,121.84211730957031,122.4458108851918,120.3797072694262,121.77432351558329,2610900
2022-09-13,114.2750015258789,118.21674309560045,113.92957461409138,117.2095157863464,4065000
2022-09-14,115.57276916503906,116.37338606277982,113.84885632649288,115.13371666013606,2722800
2022-09-15,113.65518188476562,116.14096430745894,112.88361827532718,114.79476791014817,2432700
2022-09-16,114.33634185791016,114.45902091504821,111.55033098674808,112.40582585125715,3392100
2022-09-19,114.93679809570312,115.54371321122503,112.82549633082108,112.8771526113808,2146200
2022-09-20,113.40982818603516,114.3783152028057,112.50913496487979,113.82627789880527,2630700
2022-09-21,112.26377868652344,117.29991535838778,112.26377868652344,113.61966192083187,3535200
2022-09-22,109.20982360839844,112.09268170975447,108.56416069164264,111.62135413503636,2936100
2022-09-23,107.74740600585938,108.20905402998318,105.79428713892027,107.9185049790437,3881700
2022-09-26,106.13163757324219,109.02365938436,105.94013818918022,107.37154352430557,2881500
2022-09-27,107.11837768554688,108.85164153972632,105.57985974095243,108.05966444003492,2977200
2022-09-28,108.63739776611328,109.06260110038508,105.79081986827238,106.23224831099267,4045200
2022-09-29,105.25851440429688,106.85220800827604,103.57718737630543,106.65096909765849,3009000
2022-09-30,103.45382690429688,106.57954485459481,103.29478519008319,103.89850183170597,2722800
2022-10-03,107.03072357177734,108.22843231174018,103.88228718222332,104.63206701326524,3747300
2022-10-04,112.05200958251953,112.18508669052055,110.19540079908616,110.47778755463948,3182400
2022-10-05,112.96731567382812,114.10984113695108,109.21515540107664,110.19538520796883,2505600
2022-10-06,112.51615905761719,114.92779430122252,112.09744870318899,112.8504750679723,2850000
2022-10-07,105.76485443115234,109.47157106272124,105.1319191958272,109.16321971376053,3969000
2022-10-10,102.16849517822266,105.47922723535018,100.70463224203647,105.35264315268036,4665000
2022-10-11,99.29595947265625,101.27915233838634,97.9002582413968,100.34759772886211,4818600
2022-10-12,98.33193969726562,99.69193666681865,98.01710274640315,99.16611386436708,3107400
2022-10-13,101.16229248046875,103.02538669658293,93.42102843944649,94.4856526445004,4911600
2022-10-14,96.94598388671875,102.57747147796351,96.63113948796968,102.57747147796351,3887100
2022-10-17,99.0005874633789,100.36383105546912,98.21834992360775,99.52641031014569,3760500
2022-10-18,99.3414077758789,102.76574596970384,97.58867218352914,102.09710641492993,3558900
2022-10-19,99.97756958007812,100.92534922444987,98.32870029714294,98.63380515314915,3043500
2022-10-20,100.59751892089844,103.66806138816331,100.02625987082915,100.5293571186436,3567300
2022-10-21,104.33670043945312,104.59636161699727,99.89642149847172,100.33461087919632,3703200
2022-10-24,104.7878646850586,105.24227915863648,102.34051805694517,104.68724523944023,3784200
2022-10-25,107.18003845214844,107.9006071785337,105.06052201655291,105.22930327803309,2770800
2022-10-26,106.1251449584961,108.6439001052384,104.45031096679297,104.9663942682733,4811700
2022-10-27,104.24256896972656,107.82270919867055,104.10624536257018,106.81974633304948,3589500
2022-10-28,108.32906341552734,108.48810516286098,104.16468512191688,104.43408585451962,4192500
2022-10-31,105.96935272216797,107.65067977690947,105.42729734311045,107.35206791405633,2394900
2022-11-01,106.82298278808594,108.45238033430253,106.18356198352079,108.09859274797743,2810400
2022-11-02,103.45060729980469,109.37746829860518,103.31428367243315,107.49814123089133,3193800
2022-11-03,102.06462097167969,103.64858227627289,100.45145595860825,101.51608008566889,3752100
2022-11-04,106.78730773925781,107.05996243129997,104.2782917318273,105.74540145346623,4601700
2022-11-07,109.0950698852539,109.51378024726615,106.36858277041884,107.7772700084742,3548700
2022-11-08,111.49696350097656,112.81151675700455,109.23787713067483,111.13667545281757,3901200
2022-11-09,107.93306732177734,110.0428517117309,107.76753256429663,109.60790880214175,3578700
2022-11-10,119.1019058227539,119.39727858307094,113.15557424490649,114.10660039091681,5347500
2022-11-11,122.74696350097656,123.46753966671358,118.31318467158327,119.68292125897798,6114000
2022-11-14,121.40319061279297,123.78886112702129,121.36099344245854,122.08156955855334,3683100
2022-11-15,124.92164611816406,126.77826216511357,123.22734059409362,126.43420664810628,4897800
2022-11-16,119.76406860351562,122.3185281229819,119.00779566556623,122.07509202212898,4775700
2022-11-17,120.70209503173828,121.24090387163331,117.0667864753381,117.27776490053395,3961500
2022-11-18,120.97150421142578,122.74696515768487,119.66344382684298,122.72100052344727,3105300
2022-11-21,118.96559143066406,120.0821524060898,118.58907823806045,119.65370251670649,1815000
2022-11-22,122.510009765625,122.60414362752638,118.97856727566608,119.98476918473285,3290700
2022-11-23,123.99010467529297,125.18455944490563,122.36394611815447,122.38017865602652,3905400
2022-11-25,122.3379898071289,123.66552919034395,122.3379898071289,123.23383280253654,1164000
2022-11-28,119.28042602539062,122.09779286617659,118.45599139306665,120.8189437479788,3197700
2022-11-29,118.81953430175781,120.30936203726218,118.09247251363273,119.63748345657363,1828200
2022-11-30,125.94734191894531,126.03497534262154,118.15413334787972,119.26420871800285,4166100
2022-12-01,125.041748046875,126.8237018965637,123.2987522897052,126.6938713044851,4130700
2022-12-02,123.62983703613281,123.82458294827433,121.28310942070179,121.90631268353138,3110400
2022-12-05,122.06533813476562,123.97387604938896,120.96176325517595,122.78915333603675,2709300
2022-12-06,119.4979019165039,122.17894525441979,118.29046106230346,122.05235374056333,2182200
2022-12-07,119.24149322509766,120.07891401326059,117.99834807519574,118.22231255862175,2111400
2022-12-08,122.68854522705078,122.77618608426884,119.17008091710098,119.96855101059431,2694300
2022-12-09,121.5525131225586,123.70124080967946,121.11757020071668,122.14649779056235,1749000
2022-12-12,123.70448303222656,123.83756013892982,120.33532847498384,120.95527775635941,2178900
2022-12-13,125.83056640625,129.85035051650618,124.25520855843689,129.2872618879625,4521000
2022-12-14,123.94274139404297,127.0283678822437,122.49432133567453,125.52461786922224,3972000
2022-12-15,118.69911193847656,121.86611280285044,118.53637021543489,121.3388281302277,3881100
2022-12-16,117.8007583618164,119.09294767675405,116.6387624171936,118.06765626092945,2465700
2022-12-19,116.34258270263672,117.94724072723193,115.14152714393192,117.67708722345563,2231700
2022-12-20,115.63301849365234,116.69411395992148,114.6305160109979,114.8909102330302,2275500
2022-12-21,118.23692321777344,118.6275033506379,116.215640485862,116.44022331727521,2291700
2022-12-22,113.458740234375,116.12448583956254,111.06965179997506,115.93895508284952,5403300
2022-12-23,113.556396484375,113.5596520637478,111.3300569830382,112.4757750775962,2571900
2022-12-27,111.50581359863281,112.75894337957506,110.99153638969628,112.65478719609288,3494400
2022-12-28,109.86211395263672,112.14378361907656,109.41294080467738,110.78649743615793,2682000
2022-12-29,113.36761474609375,113.89490687838165,111.23892018974865,111.65228938886504,3263100
2022-12-30,113.26345825195312,113.45224461357135,110.93947363046355,111.74668599936848,2010000
2023-01-03,112.16004180908203,115.38562787033484,111.47976732239869,115.18057108554873,2844600
2023-01-04,115.04714965820312,115.68510921890429,112.97704039073095,114.29527460082213,3257100
2023-01-05,113.10722351074219,114.72164073912847,112.92169273546828,113.91118027047793,2671800
2023-01-06,118.37037658691406,118.99205818305134,113.08769590984244,114.63702398070583,4898400
2023-01-09,120.55113983154297,123.29175659178865,119.7732277032583,120.5413805432069,4581300
2023-01-10,122.1102294921875,122.27623424502882,119.51283582513746,120.13777298336778,2825400
2023-01-11,123.68560028076172,123.73768210454782,121.15655876858808,122.18509842751453,2682000
2023-01-12,125.18936920166016,125.94449984206149,121.78476271021395,124.35286396343021,3324000
2023-01-13,125.70689392089844,125.7199162404233,123.41220179405084,123.56518424910983,2079000
2023-01-17,125.8500747680664,127.12273050495457,124.68808636695928,125.27721206512341,3017400
2023-01-18,125.18936920166016,128.15456925447896,125.14380598273497,127.259471027883,3512700
2023-01-19,121.67733764648438,124.14128242356186,121.28349446975542,124.07618573233768,3775200
2023-01-20,125.48554229736328,125.56366130431839,121.73591936158094,122.98579367350838,3352500
2023-01-23,131.78700256347656,132.22640893849902,126.45549583412998,126.65731195937765,5726700
2023-01-24,130.79098510742188,132.01807763195075,130.0000507658105,130.1790703595574,2370300
2023-01-25,131.14578247070312,131.3801245685653,127.50355676988876,128.48979609731074,3301200
2023-01-26,133.35586547851562,133.52511091160181,130.45576251287073,132.64954628180374,3896700
2023-01-27,132.50631713867188,133.65204259883294,130.71287297787464,131.05139360904997,4289700
2023-01-30,128.98777770996094,131.4907889151474,128.88362898577776,130.6998545983321,4384500
2023-01-31,131.3931427001953,131.45499125164775,128.61672233734353,128.7404194402484,3104100
2023-02-01,138.24468994140625,139.64104300772553,131.92697343189883,132.04414449492407,7244100
2023-02-02,141.447509765625,142.599731618427,138.86637905067772,139.66057655520245,7456200
2023-02-03,138.68736267089844,141.87389715255773,137.95176558038605,138.30329367753936,5555400
2023-02-06,136.43495178222656,138.53436066686,135.8230370360323,136.5195819353441,2496300
2023-02-07,140.77374267578125,141.4475060702685,136.61725427810018,136.96227119899243,3285300
2023-02-08,137.7467041015625,140.9853130224614,137.424468764348,139.8363392492169,3522000
2023-02-09,138.09820556640625,141.76970902516598,137.07617724730974,140.19759959820692,3015600
2023-02-10,135.90115356445312,137.0826828585114,134.42343363953464,136.68557673176022,2947800
2023-02-13,137.89967346191406,138.29677966511147,135.35109853505264,136.54238734528994,2122500
2023-02-14,140.40267944335938,140.82581536577473,135.65705787327252,136.68234933526648,3252000
2023-02-15,140.97557067871094,141.04717854003258,137.9159810218328,138.94125779113486,2143500
2023-02-16,137.51882934570312,139.8883842472974,137.29424654559918,138.43670891961696,3444900
2023-02-17,135.37716674804688,137.1055147327021,134.15007379920897,136.7051603300979,3064200
2023-02-21,130.99281311035156,134.84335177860686,130.73893749802795,133.27124206071844,2208600
2023-02-22,130.3646240234375,132.28175062819867,129.57693767251143,131.2987742042278,2285700
2023-02-23,134.6513214111328,135.29252910618868,132.00835671310122,134.75222203878283,4617000
2023-02-24,132.2393798828125,132.9359246132619,131.24664458793168,132.26216148012702,2842200
2023-02-27,132.93923950195312,134.46904911433214,132.89042815448295,134.44951563553684,2040900
2023-02-28,133.39491271972656,135.19811628600965,132.34359153584472,132.63000801993996,1582500
2023-03-01,133.4307098388672,135.05815673649155,132.90342520905926,133.8863866263835,1922400
2023-03-02,134.49835205078125,135.1395597727546,130.3353517037427,131.35413221257625,3108300
2023-03-03,136.57168579101562,136.72141265586225,133.456773995019,134.46904322288393,2408700
2023-03-06,134.9832763671875,138.13075817752872,134.6610410995492,136.95247699196887,2177100
2023-03-07,133.56089782714844,135.69609579349694,133.02383903159327,135.12649610712495,1899000
2023-03-08,137.1119842529297,137.26171109215426,134.09795869286805,134.09795869286805,2088300
2023-03-09,134.3876495361328,139.0584151099973,134.18260018440967,136.93622434814358,3889800
2023-03-10,131.79025268554688,135.4585085245126,131.16531552281242,135.11024346856152,3320700
2023-03-13,131.8292999267578,133.45023557198476,129.04963145504266,130.41342850880596,3512700
2023-03-14,135.68310546875,136.52286617312623,133.48930680316656,134.127266280097,2743200
2023-03-15,134.10121154785156,134.40717639528182,131.26620548916645,133.7431723326702,3527100
2023-03-16,139.3383331298828,139.64428308785216,132.93272379266898,133.51534584421643,3730200
2023-03-17,138.4757843017578,140.68583831792216,137.72063893134987,139.6052244286872,2828400
2023-03-20,139.9405059814453,140.38967168587382,137.60024329773336,138.74595406672532,2155800
2023-03-21,140.21714782714844,142.56392141286068,138.13727215096836,141.0796901139132,2899500
2023-03-22,138.82406616210938,143.9472607188716,138.78826223674773,140.22041925121346,3313200
2023-03-23,142.6066436767578,144.51881720563426,140.11690752451565,141.23615356415752,4039800
2023-03-24,140.13320922851562,141.8365453390896,138.71376993831444,141.45150859602168,3120600
2023-03-27,138.4886016845703,141.06970828008272,138.00239521290743,140.63897863901144,1806300
2023-03-28,137.45095825195312,138.28303611724687,135.35605789518354,138.16882612966882,2737500
2023-03-29,141.86920166015625,142.85791137744846,139.48387654413756,139.7449194505659,3140400
2023-03-30,144.20553588867188,145.14856740409095,143.18418852836433,143.66712379082637,2602200
2023-03-31,145.0996551513672,145.31829129748124,142.8775041017804,143.10918044435257,2151000
2023-04-03,143.84658813476562,144.79941842446095,142.0682076020679,144.25122247168198,1876800
2023-04-04,141.1643524169922,144.15006381442132,140.37468131407005,144.10765704520867,2324100
2023-04-05,138.717041015625,139.7742825721835,137.25190876853767,139.65680132997417,3343800
2023-04-06,138.00241088867188,139.02050196270747,136.38718948839949,137.45095858268803,1894800
2023-04-10,140.43994140625,140.53783994946374,136.5960269549935,136.8146481143582,1927200
2023-04-11,139.7025146484375,141.31448001168303,139.43492923462324,141.216581451778,1823100
2023-04-12,137.14749145507812,141.12845482485545,137.01369877365883,141.0860331194596,2598900
2023-04-13,138.27650451660156,139.08901459939142,136.3578186055002,137.45748180588456,3013500
2023-04-14,138.06117248535156,139.81669936943803,136.55688967445963,138.14600096880412,1963500
2023-04-17,138.06117248535156,138.1492722204111,136.16531040104735,136.5764574352138,2206500
2023-04-18,138.65829467773438,140.33879179667935,137.60759561064603,139.13797365786556,2765100
2023-04-19,137.14096069335938,137.47052057516703,136.30234035866656,136.8179134394114,1264500
2023-04-20,137.0137176513672,139.06946780320325,135.6301723760292,135.7672213903368,2391900
2023-04-21,136.0086669921875,136.54055154562081,134.8111201370466,136.54055154562081,2157600
2023-04-24,135.3984832763672,136.53729699455894,134.4848182881637,135.7639373218719,2074800
2023-04-25,130.84974670410156,134.60229042786517,130.7649032859519,134.5892352962696,2482500
2023-04-26,131.54803466796875,132.89568560436408,130.87582988815407,132.2104406313851,1926300
2023-04-27,132.102783203125,132.26919880395857,128.75811492732842,131.37837270194683,3116700
2023-04-28,134.48483276367188,134.51745565753654,132.12887428752288,132.71623574931138,2359200
2023-05-01,135.70193481445312,136.09677033544153,134.67080362051558,135.02320250112538,1803900
2023-05-02,134.73277282714844,136.52746453372214,133.4177450385557,135.7541199888284,2115600
2023-05-03,133.18609619140625,135.59098865146285,133.0882125871159,133.97576727707926,2525400
2023-05-04,132.43887329101562,133.57770212770126,131.251110111011,132.13215234910112,2102700
2023-05-05,135.38540649414062,135.95318510536234,131.93305681273247,132.60199026742563,1619400
2023-05-08,135.95645141601562,136.0510787019742,134.11281015370707,135.23531232974747,1365300
2023-05-09,133.6429443359375,134.20419548400469,133.09800463338289,134.02472477170292,2348400
2023-05-10,135.0036163330078,135.95970280618482,133.69837240345086,135.14392161590737,2766600
2023-05-11,134.11936950683594,135.33324294267436,132.84676290973846,135.04281851379343,1854600
2023-05-12,133.99537658691406,135.15702949916974,132.73255386181896,134.5990495259502,1383300
2023-05-15,137.6337127685547,137.659823035122,133.98232343668082,134.37715906378267,1799100
2023-05-16,137.37591552734375,138.9389315294864,137.1866609210579,137.1866609210579,2047500
2023-05-17,140.76950073242188,141.3111691000572,137.76419204602635,138.63217889694664,1986000
2023-05-18,145.2171173095703,145.56953118649457,141.29161538714862,141.39604150564043,3429300
2023-05-19,144.46986389160156,145.1224860369542,143.56598274309093,144.79291118137616,2877600
2023-05-22,144.96913146972656,145.35091196934962,143.10590700157513,143.16791141700358,2299800
2023-05-23,143.17767333984375,144.94627022484147,142.86115361895136,143.99671106216428,1553100
2023-05-24,140.61614990234375,141.20351132495813,139.13144983718485,140.29637386512977,4341000
2023-05-25,149.98121643066406,150.55877902167504,145.48467970047608,147.08033340714752,12973800
2023-05-26,159.78353881835938,160.60584790560375,152.21644598745,152.2686515833505,8010900
2023-05-30,159.64971923828125,164.13972792885536,159.0003684312184,163.48057830578605,7862700
2023-05-31,155.55126953125,159.11130175055322,155.47948125666792,156.9511408856006,5358600
2023-06-01,158.2270050048828,159.57792710581904,154.89866395695253,156.50083008417965,7343700
2023-06-02,157.85499572753906,159.89116259275667,156.70639835306883,159.4343376561103,3318900
2023-06-05,155.4109649658203,157.3655448946969,154.6147663769541,157.27744517653596,2710800
2023-06-06,157.28724670410156,158.05080748243276,154.07962822257178,154.3145757456042,3235500
2023-06-07,157.0555877685547,160.55507096599138,156.69943660613086,158.32663952952447,3906300
2023-06-08,158.66317749023438,159.05527128952755,156.70593929641765,157.51628742201115,2724900
2023-06-09,159.0814208984375,161.54837810249126,158.33316100290483,160.46030058079208,2519400
2023-06-12,164.2048797607422,164.36172328554346,160.75113628427482,160.94718321156552,2638500
2023-06-13,166.40390014648438,167.48218065156595,164.51201070709965,166.8450094595009,4164300
2023-06-14,168.7663116455078,168.84799412662196,164.8159069417806,165.7830837580784,8500500
2023-06-15,167.37106323242188,168.60617219930273,166.17189694610312,166.82212591380818,6561300
2023-06-16,165.82557678222656,169.073461566284,165.587050754782,169.05712806017192,4956300
2023-06-20,164.4825897216797,166.5149740382244,163.03510035732856,165.06420899889042,2024400
2023-06-21,160.47335815429688,164.2669184980228,160.28710837746158,163.45004899414343,4128300
2023-06-22,161.2216339111328,161.89147205603092,159.16310401072977,159.38203576891647,3656400
2023-06-23,158.3821563720703,159.38855129516773,157.66004213841452,158.62395799395355,2057400
2023-06-26,158.8951873779297,161.94050345504294,158.8886509846974,159.49314022059963,2434800
2023-06-27,164.44667053222656,164.72441490412564,158.8494535895615,159.45394284832227,2763600
2023-06-28,163.17889404296875,164.561049717908,161.61703988223076,161.79347764970888,2912400
2023-06-29,163.224609375,163.956520801804,161.87186032139297,163.84215636943026,1674600
2023-06-30,165.74713134765625,166.41043314127322,164.43360054641477,165.02174129928568,1618200
2023-07-03,167.22076416015625,167.62267005826408,165.3844266455825,166.50844690725006,809400
2023-07-05,163.5252685546875,166.44640858731296,163.47297740042472,166.1033151958714,2821800
2023-07-06,161.4634246826172,161.7346326309424,159.42777958360625,160.74784672895373,3454200
2023-07-07,161.5320587158203,164.1003077929029,161.27066282014465,161.76732399638124,1824300
2023-07-10,164.89430236816406,165.03807309775337,161.87514696163026,162.03851191258474,1833600
2023-07-11,164.9008331298828,165.7667331530238,162.52209473738307,165.4661189182535,2370300
2023-07-12,167.9722900390625,168.27616498334658,166.34179664462144,167.28610344012682,4269300
2023-07-13,171.44236755371094,171.83120064563204,169.09957189204397,169.75307653195492,2791200
2023-07-14,169.2989044189453,172.99771008587936,168.5996599474019,171.46198680566422,5124900
2023-07-17,173.35060119628906,174.20667422974174,168.31865553867146,169.36097837840282,2926200
2023-07-18,173.67080688476562,174.2426141229797,171.25286503189224,172.60559920795865,2669400
2023-07-19,171.60902404785156,174.02044457586527,171.18098751834717,173.89626806302516,2483400
2023-07-20,165.36810302734375,169.1322578673924,164.61658232947838,168.5473778051237,5085600
2023-07-21,166.86134338378906,168.41995156459018,165.92684856778655,167.16849403197338,2527800
2023-07-24,166.85479736328125,168.0409058534204,165.98891228914215,166.85807303837603,1544400
2023-07-25,169.66159057617188,170.67124639624518,167.8187166719973,167.8187166719973,1869300
2023-07-26,167.3188018798828,168.73362437498113,165.48900068403378,167.5442550934214,2618700
2023-07-27,170.4653778076172,174.03022458260952,169.51127390222763,171.67109543183258,3826500
2023-07-28,174.18711853027344,174.77853508736476,172.01422358637438,173.71332715793088,2821500
2023-07-31,174.90919494628906,175.42546529116188,173.8276537451921,174.8242367947397,1628400
2023-08-01,175.02029418945312,175.3895331075331,172.77225350113787,173.30813305708259,1343400
2023-08-02,168.32191467285156,172.84412633770103,167.31879524299592,172.79838654471664,4657800
2023-08-03,167.890625,169.1028642934419,165.68506325415478,166.30588604755116,4354800
2023-08-04,167.62594604492188,169.95568421312694,165.77981125153164,167.2828676517471,4139400
2023-08-07,169.39039611816406,169.60605222870404,167.80565725620588,168.83166161898097,2262900
2023-08-08,166.69468688964844,166.8842123580095,164.45971928382042,166.74370235486973,2767500
2023-08-09,163.63629150390625,166.64564921240498,163.3062710338135,166.58030025329353,3228000
2023-08-10,162.97628784179688,166.69470279969394,161.86861600065822,164.94332337155586,3831600
2023-08-11,159.02587890625,161.08766964384154,158.73833744532706,160.97658087822177,3882000
2023-08-14,163.6134796142578,163.65268302065547,157.86921582320173,158.41489253903495,3127200
2023-08-15,160.8818359375,163.28998086980027,160.6955861195062,162.76717410074008,2276700
2023-08-16,157.76792907714844,160.86878250743612,157.64376750268667,160.7086782437283,2840100
2023-08-17,156.22564697265625,158.41813574848945,155.73224650569298,158.06198458230693,2624400
2023-08-18,157.06539916992188,157.62740937505615,154.19981123331047,154.52329541669363,2315700
2023-08-21,161.5778045654297,161.81633057278563,157.55551449242938,157.80711328654328,2757900
2023-08-22,160.15316772460938,163.75394230399652,159.6074911166994,163.55463467830714,2055300
2023-08-23,163.42723083496094,164.0023138486617,159.04877420692847,159.22848764870994,3027300
2023-08-24,158.0260467529297,166.5999551944974,157.66661990037042,166.51173631907525,4848600
2023-08-25,158.70565795898438,160.06492844110042,155.53291998498148,157.98680436320006,3435900
2023-08-28,160.71522521972656,161.15959535086225,159.07820987077014,160.26757941257623,1689300
2023-08-29,164.93678283691406,165.47919875263122,159.6793839666476,159.91137356660275,2730000
2023-08-30,165.7144317626953,166.39408194524796,163.26708383427598,164.44338017236635,3073800
2023-08-31,166.86134338378906,167.82199872979763,165.11650034929704,165.11650034929704,2109000
2023-09-01,167.29591369628906,168.357845631008,166.0869353673532,167.9755489379156,1891200
2023-09-05,167.24037170410156,168.55064175732437,165.80920081936964,166.70450715014312,1871100
2023-09-06,166.0314178466797,167.8775527267573,164.16567378516717,166.77314149135884,2008200
2023-09-07,162.23129272460938,162.69527190519648,160.18583557104236,162.22149561425204,3877500
2023-09-08,161.39154052734375,163.0645130642509,160.71844164283553,161.8882016784314,1333800
2023-09-11,161.30006408691406,163.4468129632311,159.12390892112043,163.4174066737545,1422900
2023-09-12,159.93099975585938,162.65935329869885,159.8166353026087,160.2348747535367,1720500
2023-09-13,160.75112915039062,162.3750713185666,159.71532773798597,159.88524404188368,2927700
2023-09-14,161.90127563476562,162.58092587441212,160.36882805333246,162.30971792209647,2022000
2023-09-15,157.228759765625,160.9406382291012,156.4314843549527,160.9406382291012,2901000
2023-09-18,157.76463317871094,158.34299180831164,155.70611800042457,156.0230657688379,1722600
2023-09-19,156.43475341796875,157.37906023699287,155.60153535989204,157.2941020893988,1553700
2023-09-20,153.8665313720703,157.8071396215795,153.8142551737365,157.14711335437602,2122800
2023-09-21,151.02708435058594,152.99738093978073,150.95845968934546,152.0302039901006,2532900
2023-09-22,152.2850341796875,153.80442397253847,151.68708135633665,152.46474759421486,2395500
2023-09-25,153.39926147460938,153.53975653478804,150.8702157746,151.5727209903363,1587600
2023-09-26,150.61398315429688,152.53883423612663,149.94504666722142,152.15190362335974,2349000
2023-09-27,151.94200134277344,153.08641623123336,149.68266756868442,151.84690863135694,2727300
2023-09-28,154.7554931640625,156.388490882211,151.00088482826783,151.62719076721413,3674400
2023-09-29,155.3162384033203,157.56245304426903,154.83748746100892,156.99515404248893,2802600
2023-10-02,156.09994506835938,157.32962077003484,154.20789266151016,155.6539924875357,2466600
2023-10-03,152.87001037597656,156.81809210563654,151.7911770566129,154.64730612362578,2685900
2023-10-04,154.8997802734375,155.36541182303034,152.4928914655888,153.61435499562205,3280200
2023-10-05,154.14886474609375,155.5359424872082,152.72571631896434,154.93913249750005,1902300
2023-10-06,157.46078491210938,158.2281012795349,152.34205011829286,153.35530160375706,3818700
2023-10-09,157.0673065185547,157.50998680442487,154.61451459043948,155.81140704149726,2082000
2023-10-10,159.08071899414062,160.49729302693018,156.90664539060697,157.55591787065146,1863300
2023-10-11,160.277587890625,160.60222411313632,158.3724159297723,159.62504311488112,2983200
2023-10-12,160.68746948242188,162.992691158965,159.13971724198507,160.54318673065117,3051600
2023-10-13,156.31309509277344,161.1957271568087,156.01141025424204,161.00881405055966,2544900
2023-10-16,158.5264892578125,159.11345216947203,156.68689948849308,156.84101421662157,1732500
2023-10-17,157.3689727783203,158.49043637491914,153.57173375638237,155.3621337039714,2450100
2023-10-18,154.53253173828125,155.8573001840958,153.7160252558147,154.68008682096615,2865900
2023-10-19,152.15187072753906,156.35899157351008,151.6042507731988,155.9392626890393,4398300
2023-10-20,149.9515380859375,153.21429100480148,149.6793793223453,152.14200258843132,3013200
2023-10-23,149.0989990234375,151.66656239609924,147.47910549044892,149.06292833735043,2846100
2023-10-24,151.12222290039062,151.41734807614628,149.30231183616243,150.00731891259372,2233500
2023-10-25,145.01318359375,149.62692871412676,144.25242691292266,149.12521147689836,3244200
2023-10-26,144.15078735351562,147.36104843784273,143.49822765408396,145.65590917768264,4508100
2023-10-27,145.70181274414062,147.07904350308945,145.0361487088671,146.1969553470255,2436900
2023-10-30,143.75074768066406,145.5903530190449,142.18987588228953,144.66234700666888,2743200
2023-10-31,145.06568908691406,145.43951537316133,142.055444811134,143.87535618163292,1911600
2023-11-01,148.47926330566406,148.6137140717994,145.08207356688845,145.08207356688845,3542100
2023-11-02,151.85348510742188,152.93887819625152,149.8761717339049,151.4271964764312,2726700
2023-11-03,155.84417724609375,156.97548789311153,153.25039011695125,153.5356682737914,2326800
2023-11-06,155.5556182861328,156.52952688239037,154.0832947297153,156.096678617387,1740000
2023-11-07,156.5459442138672,157.23128741244943,154.97524033589787,155.21461585307574,1556400
2023-11-08,156.70330810546875,157.43782615427025,155.62118752961806,156.6934761041207,2233800
2023-11-09,155.952392578125,159.60207672600663,155.63760339882745,157.72640095049263,2383200
2023-11-10,162.2417449951172,162.74671950233275,157.25417418677324,157.90671875375028,2229000
2023-11-13,160.66123962402344,161.21213197534803,159.6151896162099,160.96619681774308,1956000
2023-11-14,166.60302734375,167.09816994766095,164.43878613136044,164.7240792960343,2765100
2023-11-15,167.81304931640625,169.06567653352275,166.54730275468694,167.63925552714844,5104800
2023-11-16,167.89500427246094,168.3934342378072,166.54399712983,167.1080088002989,2275500
2023-11-17,169.07550048828125,169.40342404497457,167.09818718824732,167.37363336902743,1815300
2023-11-20,171.56764221191406,172.15460523581686,168.83611687151472,168.89186657539358,1482000
2023-11-21,168.3606414794922,170.1608886158302,167.49495994094292,170.1608886158302,3018600
2023-11-22,168.89846801757812,171.56768464255282,168.4262766151463,169.48543118664358,2044200
2023-11-24,169.01974487304688,169.20993030512008,168.29504380950607,168.8885664601907,516600
2023-11-27,168.7836456298828,170.21662609598954,167.97369884376252,168.39342774463904,1816800
2023-11-28,167.79661560058594,168.68524833044594,166.4488809781116,167.81627960187168,1852200
2023-11-29,169.61654663085938,172.16443109487105,169.33126847135154,170.17399861768612,3665700
2023-11-30,168.43275451660156,170.0526479326036,167.07520289636167,169.8821415265807,2419500
2023-12-01,169.22305297851562,169.53784214777494,166.25215232567908,167.56052905354852,1719600
2023-12-04,167.32769775390625,167.66872557678929,164.91424930024294,167.49820416000372,1810500
2023-12-05,166.37673950195312,166.81941970159903,164.99622153778668,165.7241948734561,2568300
2023-12-06,165.3503875732422,168.88857225497378,165.15692980428716,168.79347953567444,2683500
2023-12-07,169.78378295898438,170.30845160620507,166.24232588033215,166.907989938629,1916700
2023-12-08,171.12496948242188,171.87260696853494,169.31160295743769,169.38374433833312,4207200
2023-12-11,176.96182250976562,177.5127148406516,172.54482183920658,172.72844761260515,3977100
2023-12-12,178.23739624023438,178.2636349260377,175.7583658059639,176.0698826517742,2226600
2023-12-13,180.98199462890625,182.0149250493899,177.6012125971183,178.2636042032843,5724900
2023-12-14,185.99911499023438,186.52378364915626,182.44453848925647,182.44453848925647,3372300
2023-12-15,186.69100952148438,188.7896540432916,186.28767229023512,186.5434394314058,3956100
2023-12-18,186.1728973388672,186.9959634602503,184.47759007761448,186.68771895334552,2272200
2023-12-19,187.16644287109375,187.54354135587397,186.20238148326604,186.4384845828245,1910100
2023-12-20,181.61810302734375,186.84878236335527,181.61810302734375,185.76780718597826,3355800
2023-12-21,186.6450653076172,186.9867654626916,184.68026309544666,185.54438742792811,2589300
2023-12-22,187.24302673339844,188.3634223617671,185.9090741597167,187.53543987029377,2363400
2023-12-26,190.55165100097656,191.30733493543394,188.10058134595872,188.10058134595872,1906500
2023-12-27,191.0411834716797,191.74759539138267,189.98651384458606,191.42231923341518,1877400
2023-12-28,190.68307495117188,191.84946388129393,190.4333611446856,191.48475207659084,1053000
2023-12-29,189.2834014892578,191.1036214763135,188.26485858631045,190.7224857030144,1452300
2024-01-02,182.46575927734375,186.07992352367168,180.91495600542473,186.07992352367168,3256800
2024-01-03,178.5460662841797,180.2545822153628,177.8396693358727,179.23933306586173,4069800
2024-01-04,177.04452514648438,178.84502719512955,175.33273067170737,175.72699658241962,3737100
2024-01-05,178.02691650390625,179.59086506933886,176.81782832519482,177.37637923566635,3888900
2024-01-08,183.82601928710938,184.3057140223604,179.20317823218681,179.2524652343633,3202200
2024-01-09,183.88844299316406,185.3012518775289,181.48010280667546,181.7527981585935,2944200
2024-01-10,183.27073669433594,184.34512409526684,180.95438308656696,184.3057035199408,2821800
2024-01-11,183.94757080078125,185.14352883129078,180.35312410642138,183.53030828282374,3692100
2024-01-12,183.1360321044922,185.08768910883282,182.24892622272387,184.19399558377987,2277000
2024-01-16,185.73167419433594,186.98678582097145,182.4198038505955,183.362769441291,4151400
2024-01-17,184.0297393798828,184.24659017434556,180.9084144925444,183.8358851775087,4971000
2024-01-18,190.1048126220703,190.35451139673773,187.0919130955718,189.13885046070328,3552000
2024-01-19,197.5401153564453,197.79638671982,191.52088925619938,192.49999656791536,5326800
2024-01-22,198.18736267089844,200.7764116917214,196.3704215182357,199.17633635156844,5288400
2024-01-23,199.5015869140625,199.73815548223556,196.3769837308099,198.25963577178464,3282000
2024-01-24,202.4060821533203,205.09698410219673,200.22444414831025,201.8048168053007,6283800
2024-01-25,201.84425354003906,206.26666796278772,200.82571060639455,206.1319521574001,3916800
2024-01-26,196.40330505371094,199.05806533984142,195.72318347341056,197.7142612081497,5781300
2024-01-29,198.44692993164062,198.44692993164062,195.3518957430161,196.7909799299313,3467400
2024-01-30,195.38148498535156,198.4699468880154,194.56664758651925,197.26084351703642,3059100
2024-01-31,192.55258178710938,196.0747451644912,190.83421450000253,192.3455823825313,6573600
2024-02-01,193.50538635253906,193.9850810839258,190.97219689611242,193.33124997579122,3464100
2024-02-02,195.9761505126953,196.42956985386513,192.9731178336886,193.4988057234477,4801200
2024-02-05,198.65391540527344,199.64288910195435,195.47017362005383,197.64853276169754,4735200
2024-02-06,196.33758544921875,199.37018758246904,194.13295083816448,199.21576900753016,3624000
2024-02-07,199.340576171875,199.52785772324594,195.67056766616307,197.72735586991175,4839300
2024-02-08,202.7675018310547,204.23287650524276,199.89259704970365,199.96817446669837,2760900
2024-02-09,206.80551147460938,207.1340664501894,202.80365321494202,204.00289015602118,3518700
2024-02-12,206.43092346191406,210.25208730593278,205.59967721756732,206.828483206736,4299900
2024-02-13,202.18923950195312,204.37745019815213,199.46876824951119,200.44459681628612,6551400
2024-02-14,206.75621032714844,206.86135693631218,203.89117203130928,204.78157174652927,3236400
2024-02-15,206.55906677246094,208.35301131717088,205.64239173212607,208.10001875214047,2845500
2024-02-16,205.389404296875,209.70339313508282,204.78156636937348,208.10987533385588,4103100
2024-02-20,201.9329376220703,204.19343157430518,198.82147965666476,203.46402310567305,5547600
2024-02-21,201.46966552734375,201.51895252520518,198.59476110860146,199.64944570977167,4471500
2024-02-22,211.3987579345703,212.53885634495228,208.4745663677444,209.4011078301294,6676500
2024-02-23,209.11856079101562,213.55741423527707,208.0047527131967,212.46330892677747,5105100
2024-02-26,211.181884765625,212.12485011469664,209.71321653525152,211.2278779396307,3759000
2024-02-27,210.97161865234375,212.7425514761854,210.42621297409593,212.2004396192854,4560900
2024-02-28,208.5994110107422,209.7132189046184,207.6203038595242,208.6355528022348,2923800
2024-02-29,214.2506866455078,214.68110947516124,210.52481740591296,211.1852212086683,3382800
2024-03-01,223.36819458007812,224.3308778594749,216.48158070028938,216.72800066763102,6123000
2024-03-04,225.56298828125,228.0304818920443,224.31774318032836,225.8455500575987,7328400
2024-03-05,221.14056396484375,224.38344412430214,218.71578486326953,222.8359345470186,7260000
2024-03-06,226.57493591308594,228.9570004839822,224.05817059084671,225.74696847657074,5531700
2024-03-07,234.34539794921875,235.2916572779049,229.31842440611965,229.4564189915237,4799600
2024-03-08,224.8631591796875,236.57302610075328,224.7054467868757,235.1339418771201,10483000
2024-03-11,221.87657165527344,223.54235820371102,219.3335154774984,222.27083763496503,4499800
2024-03-12,226.47964477539062,226.59792153480254,220.78241691276205,224.71526956600474,3598400
2024-03-13,220.95985412597656,224.1140266943962,219.6193289043631,223.79861695769483,3264600
2024-03-14,217.18472290039062,221.62028280460802,214.99651214442073,220.36848006064366,4662100
2024-03-15,215.6273193359375,218.19994435516915,213.9911022097503,214.28679413357384,4105300
2024-03-18,215.4597930908203,220.1417732103469,215.24294228206165,219.31380559887762,3143300
2024-03-19,213.65594482421875,214.57263484539502,209.60480030545892,212.66041365567327,3558700
2024-03-20,217.29310607910156,217.8648021605083,212.44356333093532,214.16850295852672,3386600
2024-03-21,222.18215942382812,226.2275819274232,221.7677527129056,224.34300624593314,4059800
2024-03-22,222.44857788085938,224.07662044040413,220.47520390976166,221.17575829398672,2658900
2024-03-25,221.5802459716797,223.59308027447813,218.75832132434272,219.2911255335514,2283500
2024-03-26,219.91278076171875,223.85952835583058,219.8634434056629,223.17871198694274,4414200
2024-03-27,222.6754913330078,222.75442809131954,218.4524726250367,222.38935875781908,4161700
2024-03-28,222.91232299804688,223.97794675403907,221.91577455807342,222.41897950299392,1794300
2024-04-01,225.2606201171875,228.36867780007137,223.05043606238638,223.05043606238638,3000900
2024-04-02,221.78749084472656,222.26109636392405,219.43917109197372,221.55068055730382,2383500
2024-04-03,222.40907287597656,223.9680398103544,219.18260285812983,219.2122022573687,1860600
2024-04-04,216.114013671875,226.11901745647265,215.65026966053898,225.46780053983323,3744000
2024-04-05,218.67942810058594,220.0311843706161,215.67002996689865,217.0711235943298,2428300
2024-04-08,219.24183654785156,221.12641222942335,218.36368576750553,219.9719903084503,1866900
2024-04-09,221.59999084472656,222.30054511632443,217.8209784909434,221.45199384294693,3170100
2024-04-10,217.55458068847656,220.45542727022155,216.31134566922563,217.89991203943276,3610500
2024-04-11,222.4683074951172,222.86297625227994,217.13032749007985,218.92610496316075,2455300
2024-04-12,215.1668243408203,218.80768643682435,214.74254113535736,218.5412918079091,3210400
2024-04-15,212.4435577392578,218.90636005822466,211.38781056676157,218.10714606417434,3170800
2024-04-16,214.05186462402344,215.09775035906756,211.6542075594328,212.5323583233517,2452300
2024-04-17,207.55946350097656,214.54520878228422,207.10558088802688,214.20973883894843,4798600
2024-04-18,203.87911987304688,207.43118369548225,203.2279029027905,206.07942745426757,5372700
2024-04-19,195.74880981445312,203.37589519270696,194.8015837837483,202.07347633809073,6406600
2024-04-22,198.97528076171875,200.4059737332588,195.38374110400193,197.7715215580554,4493800
2024-04-23,203.1292266845703,204.106052132715,199.80409665920936,200.34677746373418,3645400
2024-04-24,205.763671875,209.6709584786634,203.98764756534516,208.56587400942988,4077600
2024-04-25,209.5821533203125,210.98324681321537,204.1750986480636,205.27032163235583,3902900
2024-04-26,214.01239013671875,214.92015536570847,208.84216023396064,209.32562719639998,3812600
2024-04-29,215.6404266357422,215.8476224551455,212.1080857003703,213.63745341805733,3247300
2024-04-30,211.14111328125,217.0710955159954,211.08189942663958,214.70305322353374,3583500
2024-05-01,204.0073699951172,210.99311477886607,202.85294817422792,207.21410229391404,7023200
2024-05-02,208.59548950195312,209.3355047066097,203.7705909698181,207.50026639683546,3955500
2024-05-03,213.2921142578125,214.51561148484933,211.62461091839586,212.97638226558718,3467100
2024-05-06,217.7223358154297,217.74205871344046,214.26893165197794,215.10760648685638,2441500
2024-05-07,215.7982940673828,218.62021914533767,215.7982940673828,218.03806244406692,2859500
2024-05-08,216.0054931640625,216.21270403641796,213.48943857164588,213.71638739747502,3212000
2024-05-09,215.1964111328125,216.4198932089688,214.17024836274626,216.01534798123797,1874300
2024-05-10,217.3079376220703,219.4589079298691,216.35085008345584,217.55460935767923,3079200
2024-05-13,217.7617950439453,219.12342777890694,217.39672571005158,218.2551384921897,1843200
2024-05-14,221.3829345703125,221.57040748990707,217.3868646764166,217.5940604939126,2149400
2024-05-15,227.59902954101562,227.74704158607358,222.4978608787652,223.73121930935704,3106200
2024-05-16,226.48411560058594,229.34551678546342,226.40519389365306,227.54973931195602,2878400
2024-05-17,225.201416015625,228.31933507404355,223.4056386904043,227.92466634937693,1806100
2024-05-20,230.15457153320312,231.59514097322278,225.80329392309054,226.21770059759427,2555300
2024-05-21,229.41456604003906,229.7895118804036,227.00706264720353,227.11558375294348,2178700
2024-05-22,232.10824584960938,232.71012549732944,229.710588708294,231.54582705579716,3488500
2024-05-23,230.8057861328125,237.71259408243816,229.06922269693936,237.62379587929811,4704800
2024-05-24,235.384033203125,236.1635243142572,231.87143011748293,232.89757790713483,2450100
2024-05-28,239.36036682128906,240.386529608575,235.67016752238163,238.13688472460188,2824200
2024-05-29,234.41705322265625,235.9957430791819,234.1013062179636,234.95973397719305,2061100
2024-05-30,232.78903198242188,235.15708956454043,231.56554986785883,234.48613464679698,1536800
2024-05-31,230.89459228515625,234.19999936853375,224.47126609089585,233.62771916918481,2991000
2024-06-03,231.26954650878906,234.78214953405592,227.1353259062972,234.63415251835832,1815900
2024-06-04,229.4639129638672,231.23995247169003,227.7174728598707,230.88474457012546,2246900
2024-06-05,239.49850463867188,239.65637815445655,232.71997052091797,233.54878389531683,3749400
2024-06-06,237.53501892089844,239.73532657749004,235.75897942101935,239.73532657749004,2261300
2024-06-07,236.82461547851562,238.33424536827374,235.17685001242828,237.6336909811157,2052600
2024-06-10,240.23851013183594,240.91932646754944,234.6637354490555,234.9893439163814,1824300
2024-06-11,240.4361114501953,240.77202412552026,236.61277005242044,238.98383144680906,1662100
2024-06-12,247.21340942382812,248.1322058759796,244.19030091483774,244.71391042391957,3101600
2024-06-13,249.90061950683594,251.01700188939185,246.50208718193397,249.02134928933378,3469400
2024-06-14,249.00157165527344,249.7326561487657,246.7194218459902,247.77652989435717,2567600
2024-06-17,252.93360900878906,253.40783335198813,247.59871328394672,250.6712221197851,3057900
2024-06-18,256.1543273925781,257.5078069491443,253.39795294947135,253.90181444705073,3071500
2024-06-20,249.19918823242188,256.98418258233585,247.79630850166367,256.5297364409507,3921500
2024-06-21,246.76885986328125,249.64378295322493,243.96310014776293,247.12452060713863,3156800
2024-06-24,239.7248077392578,246.03777462023345,239.59638516183787,244.54598334908673,3958300
2024-06-25,243.4098358154297,243.54814747941717,238.8751578910984,241.6512953412285,2551800
2024-06-26,242.46139526367188,244.67439689892154,239.78407347142513,243.24188004690507,1933800
2024-06-27,241.21661376953125,243.77538726613577,239.77420768205758,241.9872095324095,2363600
2024-06-28,243.65682983398438,248.42860500710785,241.72045140111234,242.88623409917847,3851300
2024-07-01,243.64694213867188,243.93345457303764,239.05300484131868,243.51851956536018,2330400
2024-07-02,247.07510375976562,247.15414115029805,242.04646850151235,242.24405444042296,1617400
2024-07-03,251.19483947753906,252.49893384975613,246.37367910334711,247.69752151768287,1392200
2024-07-05,251.68881225585938,253.73385015647477,250.226658170289,253.19049257540914,1823900
2024-07-08,256.4606018066406,256.76686230033107,253.59556775132248,253.6153157945758,2295500
2024-07-09,256.342041015625,258.9205624974641,254.03025377855727,257.6066091662351,2374700
2024-07-10,262.2894287109375,262.7932901557501,257.43861661679273,258.71307372148846,3075800
2024-07-11,253.6647186279297,264.0183609231543,252.88423378745864,263.9294495083689,4689600
2024-07-12,256.7569885253906,261.2323772630816,253.46711545780485,254.73168359572662,2929500
2024-07-15,257.04345703125,260.4518784681758,255.47262850152626,258.1993656510669,3202200
2024-07-16,258.634033203125,258.9798198536588,254.4846536960746,258.37715795135523,2595100
2024-07-17,240.238525390625,250.6020713461027,239.85322753736233,249.70303799687622,9101600
2024-07-18,240.959716796875,244.53608701756173,236.76095163896625,244.427412492834,5274000
2024-07-19,233.5896453857422,240.76211842263663,233.19445846404298,240.62380676875182,4983500
2024-07-22,243.27151489257812,243.46910082292007,236.61276200868966,238.60841457727562,4941700
2024-07-23,239.64578247070312,242.1255185445199,238.9245718974727,239.96191697451184,2418700
2024-07-24,226.90127563476562,236.99807248439419,226.58514114433214,236.37566244953567,5738900
2024-07-25,221.84298706054688,229.26244638614202,217.9702456165387,224.9648959538771,8437600
2024-07-26,226.6049041748047,228.42273414569127,224.17456829907687,226.90129064314374,3805500
2024-07-29,226.1306915283203,231.9990862303033,225.2810583715544,228.80802865046323,2926800
2024-07-30,217.9208526611328,227.7805369500355,217.17002008532063,227.2272903073486,8083500
2024-07-31,232.5424346923828,232.75978373833541,226.20970537361114,227.9386086460632,7494100
2024-08-01,215.786865234375,230.3985748189055,212.99098011007206,228.61038236779592,8576300
2024-08-02,204.31686401367188,208.9009273351258,201.74821654918804,206.53973983910444,13105400
2024-08-05,200.71087646484375,206.16432110472994,190.5449156622589,190.76226473212847,9247100
2024-08-06,202.5286865234375,207.94261987393767,199.3079918622516,202.58796080020142,6602300
2024-08-07,196.88751220703125,210.61006485150142,196.45282915867517,208.9503248263929,5292500
2024-08-08,210.4717559814453,210.68910504593416,198.81401926714636,202.99302159828804,6243200
2024-08-09,209.2269287109375,211.10401762312145,206.2334574565966,208.94043137901716,3454500
2024-08-12,210.43223571777344,212.9514978927431,207.76478785744587,209.5430914559445,4365200
2024-08-13,218.9779510498047,219.30397463111274,212.0821008136584,213.3861951388906,4525400
2024-08-14,218.42469787597656,221.83310419727016,214.86810587434687,220.9538339859818,3769900
2024-08-15,228.92657470703125,229.81571901435913,222.32709547597236,223.34469250858493,4332100
2024-08-16,228.4424591064453,229.4205298306855,225.2810389382292,226.82223032805703,3966100
2024-08-19,232.32508850097656,232.36459965761696,224.91550295657015,227.553313601398,2197800
2024-08-20,229.25257873535156,232.71038530730306,227.49403831331773,231.12966770161768,2587700
2024-08-21,232.50291442871094,233.65880798012188,229.83546661200566,230.39860235683798,1832200
2024-08-22,224.55984497070312,234.63687841833288,223.88803470094618,233.8465196023767,2969600
2024-08-23,230.576416015625,232.1670076069042,226.93089761186562,228.13619136798226,3452900
2024-08-26,224.78707885742188,230.39861315333476,223.96708286546448,229.66752857530446,2148200
2024-08-27,227.27670288085938,228.027535497377,221.11192193918862,223.1569748987481,2024700
2024-08-28,223.17669677734375,227.918834247712,220.92418411701573,226.32824271280288,3480000
2024-08-29,222.5345458984375,228.23499109534822,221.50709003310126,224.36224964163478,4084600
2024-08-30,228.3535614013672,228.9562083348214,224.54009385480325,227.78055160604663,3249700
2024-09-03,210.92620849609375,224.0955140954865,209.7209146701288,224.06587695835958,7214300
2024-09-04,211.61776733398438,214.86811407864062,207.982137805743,208.56502160377502,4435800
2024-09-05,210.4816436767578,213.77150168570947,208.31804214227992,208.65393975794865,3988300
2024-09-06,201.4715576171875,209.05898083428252,200.41446461565496,208.9009060626089,5596300
2024-09-09,205.45298767089844,206.1642939902903,202.09396662595077,204.74166627666668,4078600
2024-09-10,207.61659240722656,207.84383056370822,202.48917158977494,205.8284147422501,2390600
2024-09-11,217.25892639160156,217.68373538410208,204.67250526670918,209.03921910803754,6521400
2024-09-12,216.3006134033203,218.3061399232509,213.0305188828869,216.06350125016115,4739100
2024-09-13,220.16351318359375,220.75627104150303,217.6640139493803,218.18762350754568,5268000
2024-09-16,217.2292938232422,218.33578710589327,214.42351931034207,217.02181879532492,2469800
2024-09-17,217.4960479736328,220.479645576786,215.59919571181277,219.96591004498836,2304100
2024-09-18,215.09532165527344,221.50708819610455,214.87797261491713,218.51360188116826,4671900
2024-09-19,224.2536163330078,227.28659931078468,221.45773048127518,223.2459083227916,4624700
2024-09-20,220.97361755371094,222.85072176913107,217.78255998479094,222.00108861527266,4550800
2024-09-23,221.83311462402344,222.8309485013219,220.26228603926614,222.0405896610862,2454200
2024-09-24,224.52032470703125,225.87381930309405,221.26999302199607,223.81889235691932,4314700
2024-09-25,226.06727600097656,227.55280150872886,223.6706299951885,223.7993652633418,2191200
2024-09-26,234.14849853515625,236.07969358039622,228.06774870379095,235.42605879928564,5537400
2024-09-27,230.4346923828125,234.89126857485132,229.23637702475216,234.86155927582809,2303600
2024-09-30,228.3648681640625,229.87020482567863,225.1066223815896,227.5725849152358,2693300
2024-10-01,221.9672088623047,228.9689773504756,220.1845753699652,228.27573518999517,3926500
2024-10-02,224.95806884765625,227.43394464440152,221.1056067123825,222.40297832357615,1762100
2024-10-03,225.76023864746094,228.6025388908829,223.03677559255854,223.18532207820803,2110700
2024-10-04,228.8501739501953,230.63280770578453,226.18612893650197,230.2465716513692,2685000
2024-10-07,228.2261962890625,230.01872769961017,226.57231329945375,227.38440770177067,2006800
2024-10-08,230.47430419921875,231.28638352088203,226.73078157992254,228.226204970616,2508500
2024-10-09,232.88084411621094,233.2076614964816,228.65205963106823,230.24652406184913,2019100
2024-10-10,231.24681091308594,232.5243562386427,228.42430631984902,229.75138729765942,1886400
2024-10-11,233.18789672851562,233.9108482424536,229.43446049317475,229.55329769778186,4572900
2024-10-14,237.4860076904297,237.9712696716145,234.52485481925677,234.67341643289117,2142500
2024-10-15,225.16604614257812,238.14953925673694,223.54187224544555,236.93141261177414,6421200
2024-10-16,225.16604614257812,227.89940754656814,224.22521637432965,227.89940754656814,3776600
2024-10-17,226.9387664794922,231.61322113076284,226.9387664794922,231.04872931458524,2407800
2024-10-18,227.146728515625,229.07790843466043,226.2157968850271,229.0680103725534,1643700
2024-10-21,226.7208709716797,227.32498521663155,223.7993408145697,226.235609030216,2034300
2024-10-22,225.8791046142578,226.60205612243476,224.0964710016224,225.4829554161462,2476400
2024-10-23,223.8587646484375,226.30493098346656,220.71935615827877,225.45322916100852,2260000
2024-10-24,225.10659790039062,226.00782018681397,223.40319438970596,225.8691717667138,2247900
2024-10-25,227.3646240234375,230.82095201570274,227.15664381104972,227.23587364855237,2209600
2024-10-28,227.50326538085938,229.07791868440952,226.166286470874,227.2853871123944,1508500
2024-10-29,233.09872436523438,234.17821758017388,226.65154993073344,227.70131873671676,3135000
2024-10-30,224.87884521484375,228.51342892714626,224.78970220491567,227.07740893266487,4324400
2024-10-31,216.15383911132812,222.81890714288934,214.47024671653136,222.7297641360327,6120800
2024-11-01,218.4514617919922,220.61041810157187,217.19371273270232,217.8968680651844,2130100
2024-11-04,217.19371032714844,220.31332267320911,216.39152904464714,217.80772264480711,1727700
2024-11-05,219.72901916503906,219.92710131692624,217.0253670411001,217.2927658569106,2273700
2024-11-06,226.13656616210938,226.95855866010882,222.14545597465394,224.17567695293744,3644000
2024-11-07,230.85064697265625,231.15765312918774,229.08782475450175,229.5928979367105,3154600
2024-11-08,229.12744140625,230.93978423220153,227.91921285561565,229.5929072468163,1769200
2024-11-11,223.39332580566406,226.96847590368284,220.63023998911544,226.96847590368284,4250400
2024-11-12,220.95704650878906,222.9773543845838,218.02560309812586,222.61092962508053,3259700
2024-11-13,216.26280212402344,219.98652912915242,215.8666680267552,219.36260356998514,3057500
2024-11-14,216.13406372070312,219.23385001018346,215.73791451763026,218.37225004976375,2523600
2024-11-15,209.17189025878906,213.58884406562538,208.55786280648766,212.49946781949646,4748200
2024-11-18,211.8755340576172,212.26177004911455,208.21124116954417,209.11244840867437,2422300
2024-11-19,212.28158569335938,212.7371383535362,210.41972235643013,211.2714241901801,2363400
2024-11-20,210.65745544433594,211.61808149907728,207.62697030780902,211.0139822185421,3995000
2024-11-21,213.994873046875,215.16347902942903,208.86485115245245,212.97481354971524,4245400
2024-11-22,214.0840301513672,214.60891462011062,212.48956550719927,213.53933444468618,2672600
2024-11-25,216.1736602783203,218.17417209707494,214.78717591574554,216.8570043968558,2787700
2024-11-26,213.3709716796875,218.4613716784666,211.70719040921333,217.87706862120817,2783900
2024-11-27,210.50885009765625,212.34100413415302,206.87426643526126,212.1825444648412,3122300
2024-11-29,213.32144165039062,215.91616962801024,212.01418715483172,212.0537945164656,2505300
2024-12-02,218.92681884765625,220.32321629503852,214.43063546441286,214.6088912518003,3707000
2024-12-03,217.68887329101562,218.92681103104601,216.90650328839607,217.530413633521,1914900
2024-12-04,220.57081604003906,222.15538253603043,219.00606078092275,221.98700968991153,2681200
2024-12-05,216.40142822265625,220.51139083725042,215.78741590183193,220.1845734405565,2422000
2024-12-06,217.70870971679688,218.25340540774502,215.8963668423039,216.49058307089211,1822900
2024-12-09,216.658935546875,219.4021949492529,215.2823492585785,216.3915367393509,1574800
2024-12-10,211.5091094970703,217.46110904115145,210.14242132056913,217.31254743717994,2566600
2024-12-11,216.82728576660156,218.10483093774576,213.32143742538122,214.63860506892033,3233900
2024-12-12,215.14369201660156,216.07460855040227,213.38086979472942,215.2922385082864,2680200
2024-12-13,221.1452178955078,222.49209486462505,217.88695705089785,220.15486762737885,3720600
2024-12-16,225.24526977539062,226.37426848849648,220.2439978463122,221.8483604618979,4774000
2024-12-17,222.05923461914062,224.35054788586447,220.7598329058293,223.0213900367803,2397300
2024-12-18,213.84622192382812,225.32264660003352,212.2194874770032,223.52728899452575,4426000
2024-12-19,210.25547790527344,214.8083479720232,209.73967969708633,214.34214836497546,3255700
2024-12-20,213.08245849609375,216.01850837446264,208.5990137984348,209.1048832688333,4681100
2024-12-23,219.52987670898438,219.807610738731,214.71909952342762,214.71909952342762,3044300
2024-12-24,221.79144287109375,221.8707824810618,219.5596417403329,220.97806808290548,1252300
2024-12-26,221.7220001220703,223.13051278662365,219.89688639915923,220.18453410539317,1303500
2024-12-27,219.84725952148438,220.91852573466525,217.0798331556265,220.39281386181278,1933000
2024-12-30,215.5225372314453,217.53611643776335,213.9255590538101,216.07800526968907,2566900
2024-12-31,213.7470245361328,217.05009180117307,212.90389366772797,216.16727599511415,1354500
2025-01-02,215.0662841796875,218.43877762517056,213.221327965651,215.91931364081535,2409100
2025-01-03,220.6705780029297,221.2359597525826,216.19706207200556,216.48470978053598,2623200
2025-01-06,227.05848693847656,229.9251108438053,225.42182372482324,225.42182372482324,4176500
2025-01-07,223.96371459960938,230.0143814433448,222.74366756354698,229.82591581676405,3694800
2025-01-08,221.73193359375,223.6364173668732,219.32159544038902,223.22972993952027,3141400
2025-01-10,216.43508911132812,219.09341983658192,215.02657657910063,218.9545528301755,4038000
2025-01-13,215.7705078125,216.07799795645147,211.9318151431976,212.12028075023068,2310000
2025-01-14,217.18898010253906,218.96449528469563,214.3719395323481,217.57582503805756,1492800
2025-01-15,221.4045867919922,222.8329267300032,219.8770345080946,220.6804804530287,2900200
2025-01-16,221.73193359375,225.94755829660667,221.7220199255358,225.41193264098357,3029500
2025-01-17,227.88177490234375,228.45708544272452,225.52102046687955,226.7311538215822,3785500
2025-01-21,230.56983947753906,232.6826159471632,227.94127989332486,229.93501668350038,3201500
2025-01-22,233.90267944335938,236.41221466066466,232.4247407988023,232.93061028222266,3461100
2025-01-23,233.4662322998047,233.47616110260518,229.3101202055887,230.15325113364446,2567100
2025-01-24,228.7744598388672,233.57530770026688,227.85198944076197,233.57530770026688,2229900
2025-01-27,210.830810546875,217.83370391956916,208.04354141299126,217.22863724693687,16943600
2025-01-28,211.7731170654297,213.03284897861687,207.28967259738232,211.89214160875252,9118300
2025-01-29,212.64601135253906,214.43144010494203,210.43403761098497,213.81645976290855,2430800
2025-01-30,216.97071838378906,218.21060770978715,214.01481133314485,215.25470065914294,4653800
2025-01-31,216.3656768798828,222.47584068413644,215.711011607344,218.21063301634794,3867800
2025-02-03,212.46746826171875,215.09604316420754,209.25368426499588,210.6721106318714,3646800
2025-02-04,214.64964294433594,215.51261624298846,211.70366457303743,211.99132738437774,3742300
2025-02-05,218.8057861328125,219.2521433459777,212.74520537659305,214.08429215145915,2200500
2025-02-06,218.51812744140625,218.9148860253234,216.117703197357,217.27823794745294,3111700
2025-02-07,215.1158447265625,220.28371036274234,213.64781992696203,219.0239785048191,3297400
2025-02-10,217.92298889160156,218.46854333221816,216.65334317636885,216.68309931536876,2698600
2025-02-11,218.12135314941406,219.38108510986658,216.12761629710505,216.12761629710505,1549700
2025-02-12,218.3594207763672,218.4387755212504,214.20330871725153,214.6893508538973,2017500
2025-02-13,221.03756713867188,221.18636295304574,218.11143108041577,218.17094335201764,2546800
2025-02-14,221.2657470703125,221.96008222346748,220.12503955014176,221.01776914880205,1566200
2025-02-18,224.92588806152344,225.6301520168721,221.6625052800533,222.88255241372116,3605000
2025-02-19,228.66539001464844,229.7465700738082,224.42992305808423,225.31272381557523,2635700
2025-02-20,229.20101928710938,231.55184492153566,226.89977712408648,230.123489804538,2642300
2025-02-21,222.16836547851562,229.97472039807104,221.32524966350186,229.88543684735268,2947000
2025-02-24,216.95089721679688,223.51734688865568,216.7723452659318,223.1503444554458,3372800
2025-02-25,212.4773712158203,217.44684243216795,211.85246212120487,216.6830663315678,3514200
2025-02-26,216.17721557617188,218.0221717494833,213.83630360503878,215.19521764775183,2562600
2025-02-27,203.58985900878906,217.7245995246246,203.26252635954634,217.40718054280012,4349100
2025-02-28,206.83340454101562,208.35102803028084,201.47707298887124,203.7088740184224,3722100
2025-03-03,199.5229949951172,209.93806589254336,197.70781024354724,209.79919888599244,5067800
2025-03-04,200.6339569091797,205.9406747117833,195.10900221562173,199.17584569475704,5487900
2025-03-05,204.9586944580078,205.61334459741363,198.94771270958023,202.8855877545525,3312100
2025-03-06,196.43817138671875,202.07223728227225,195.73392260938095,197.9657237637141,5088700
2025-03-07,202.20118713378906,202.88559342888354,194.89078829841174,197.19203049154615,3713300
2025-03-10,192.8474578857422,198.66006066096278,190.01059000973956,197.21187815248413,5410800
2025-03-11,190.56605529785156,194.72216740091565,187.58040677497894,192.94665226341058,3776600
2025-03-12,194.4940185546875,197.08290830579452,192.74825967529074,195.10899887241504,3143000
2025-03-13,193.52195739746094,197.62847077749626,191.6174738242138,194.4841128512583,2504200
2025-03-14,199.4932403564453,200.07847965699784,196.71590020460036,196.89443701348952,3696800
2025-03-17,202.78640747070312,204.59167869045598,198.59062569140133,198.68980776897868,2743100
2025-03-18,200.0958709716797,201.66509636804727,198.81466095632717,200.73150523244868,2470800
2025-03-19,201.7246856689453,205.0220336764765,198.63589686648285,200.12566609298148,2330800
2025-03-20,200.1157684326172,202.33055475676107,198.9934706049748,199.15238298237378,2265900
2025-03-21,198.02015686035156,198.77496791347153,195.0306765145637,196.58997578730887,2873400
2025-03-24,203.89976501464844,205.25048981127958,201.94320008523306,202.1815686333623,3947000
2025-03-25,202.79734802246094,204.30698528066284,202.1716400154676,203.6514830975954,1419100
2025-03-26,197.11634826660156,202.6682183637018,195.10019497441868,201.83395117136078,3595300
2025-03-27,193.23300170898438,195.6960826334869,192.061057169526,194.53406443336212,3545900
2025-03-28,187.39309692382812,192.91518755998746,186.16156406822685,191.97165493065916,4122300
2025-03-31,186.88658142089844,187.01569960314467,180.87784252026947,183.44024740392453,3843000
2025-04-01,186.98593139648438,187.05544608946647,182.54641728043325,186.1715168334025,3108800
2025-04-02,188.18765258789062,190.71033707385274,183.47004983325556,184.12555195840005,2784800
2025-04-03,169.19805908203125,179.9045328072542,168.83058751902544,178.52401391777826,9982600
2025-04-04,156.5548858642578,164.63936620370168,153.55547959933898,162.80197810871692,13988400
2025-04-07,160.17007446289062,169.2576615212929,147.2984604900116,150.993089725064,18686500
2025-04-08,153.8037872314453,168.69155428802566,150.0793638823254,166.49662079286864,11023300
2025-04-09,182.3676300048828,184.29440081879744,153.88324686620768,155.03533881850765,23539500
2025-04-10,167.4600067138672,174.45198416890435,161.2824286199895,173.36942208242957,14499000
2025-04-11,171.08509826660156,171.92930691854954,163.2985744848155,165.84111162542183,9890900
2025-04-14,172.21731567382812,176.33901960635342,169.62511662628876,176.33901960635342,5657400
2025-04-15,172.9224853515625,175.42530196383578,172.06835036549316,173.13105971705056,3201100
2025-04-16,166.24830627441406,168.42337167825048,160.72623099885104,165.19553849011524,10205000
2025-04-17,165.41404724121094,167.5990390902592,163.68590947133794,167.4202740561601,4921000
2025-04-21,162.52391052246094,162.78213176496243,159.16695859635107,162.02732071823016,4769700
2025-04-22,165.68223571777344,166.87404826129443,163.49722837414643,164.1030685640214,4996000
2025-04-23,171.88958740234375,175.9318201824404,171.1744969330633,174.05471148925844,7323800
2025-04-24,181.78163146972656,182.3080153599091,175.33589145626874,176.58730724816465,6873400
2025-04-25,183.54949951171875,184.85056222162558,179.42781068135724,179.96412093902035,4224900
2025-04-28,183.22177124023438,184.49303993580872,179.2093322613375,182.6357989041702,2875400
2025-04-29,181.26516723632812,183.28132021037806,180.01376664527768,180.9970197091341,3527000
2025-04-30,182.5861358642578,183.12246134029704,175.5643639020501,176.78597057902226,3580500
2025-05-01,182.33782958984375,186.07219438954053,182.21865289358695,184.73139593778262,3997600
2025-05-02,188.73390197753906,190.56134864756618,186.54891007600955,186.66808676827145,4581400
2025-05-05,187.2838592529297,189.1609678382332,186.64820984590764,186.90644620618934,3323200
2025-05-06,185.49615478515625,186.96605632328794,183.0132058299997,183.99644391722234,2844600
2025-05-07,188.74383544921875,189.28016089409732,183.54951063406006,185.30744268493515,3001100
2025-05-08,190.4322509765625,193.70973134376015,189.17090871398906,191.19698831305948,3457700
2025-05-09,192.61724853515625,194.29572443586537,190.96856680921684,193.15355883572863,2808500
2025-05-12,206.4522247314453,207.96186186533737,203.59187798083363,205.38953051129863,10675600
2025-05-13,212.30203247070312,213.35481541119003,206.98853153870914,207.276546909363,5693600
2025-05-14,213.32504272460938,215.22201942538544,211.75583226989386,213.74219149884013,4162800
2025-05-15,211.95445251464844,213.53360437030128,209.47150362662168,211.23936202251934,4216900
2025-05-16,211.67636108398438,212.10342101368403,209.24305907716058,212.10342101368403,2521500
2025-05-19,210.4051055908203,210.94141590997882,206.75019676032454,206.79985877156764,5334700
2025-05-20,210.09719848632812,210.1766546700845,207.98173631834473,208.60742913901032,2968000
2025-05-21,206.2535858154297,212.4410898831785,204.94259675035877,208.31940100269944,5007700
2025-05-22,204.34669494628906,208.04132413047785,204.17785623926162,206.11455335483217,5397300
2025-05-23,201.17843627929688,202.27093978675245,198.56636935538174,199.10269476984772,9527500
2025-05-27,207.86256408691406,208.79615539078273,203.86999277061298,205.54846881845526,6057600
2025-05-28,206.81971740722656,209.02457724682444,206.33305396624087,208.40879561329373,6769200
2025-05-29,207.66390991210938,211.71608432276932,206.33305294301462,211.577039790994,8600400
2025-05-30,203.54222106933594,206.45222990041276,199.74826788298853,206.40258304627983,10781000
2025-06-02,206.61114501953125,207.40569170757004,202.89664796691258,203.0257661607002,6034900
2025-06-03,212.16299438476562,212.67945195456224,205.3001357370618,206.73030144964946,8905100
2025-06-04,215.3213348388672,216.13573420971704,212.08355972613097,213.92094800132364,7339500
2025-06-05,214.4175567626953,218.77761487552735,212.9476551052989,216.97996211089114,10941600
2025-06-06,215.85763549804688,218.72792373468818,215.72853246430356,216.513137625237,7582100
2025-06-09,220.94273376464844,222.87943089480495,217.6354439786653,217.83407686168078,7712000
2025-06-10,225.7695770263672,226.52438801010075,221.469107862092,222.01534447738086,7676200
2025-06-11,225.01475524902344,228.23266242992923,222.74038075946766,227.3387917467635,10405600
2025-06-12,225.32261657714844,226.44491420319082,223.06811014099443,223.40578751627095,5149200
2025-06-13,219.45297241210938,223.04827773635682,218.79747023501022,220.4759461939225,10484600
2025-06-16,226.3836212158203,227.51832569718755,222.20313182067352,222.5514970773174,5772500
2025-06-17,224.5919647216797,228.57338584079326,224.43270423181525,225.3982000682336,7290000
2025-06-18,225.50770568847656,228.1254951193718,224.054495382565,225.7963672452391,6657600
2025-06-20,224.06443786621094,228.0159997223398,221.12814269441603,227.72733817279456,8202300
2025-06-23,225.4579315185547,226.8315267413254,220.82953528483515,223.9748617893075,7115100
2025-06-24,234.00804138183594,234.2668282969155,229.38959331294706,229.4990830054647,7017500
2025-06-25,236.1082305908203,236.13809003392643,233.70942074185632,235.560782154015,5252500
2025-06-26,237.95960998535156,238.5369027209723,236.0783738000075,237.92973535207176,4350100
2025-06-27,237.7505645751953,240.10955174639173,235.2721244417181,238.19847141697844,4520500
2025-06-30,237.59130859375,239.05448210915225,236.45660415200098,239.05448210915225,4925300
2025-07-01,236.51634216308594,238.06909413650456,232.99279077632195,235.60061702973437,10892900
2025-07-02,241.01535034179688,241.99079435848827,235.8992243123289,235.9888026511447,5979000
2025-07-03,242.2097625732422,243.06576876532276,241.57273576899038,242.0206426303067,3069400
2025-07-07,237.6709442138672,241.00539064076702,236.64572944015873,240.16928062169467,4859200
2025-07-08,242.2097625732422,244.26019212480523,238.99476910708998,239.94035363385038,7276200
2025-07-09,242.9861297607422,245.38493966684618,240.75654362015848,242.87664007077305,4415300
2025-07-10,245.4048614501953,246.3703573424148,243.1354524961727,245.27546039621214,4868500
2025-07-11,245.02664184570312,245.92247083618673,242.92644130261334,243.8720259137474,2649600
2025-07-14,242.69747924804688,243.60325619609227,239.23364713335533,243.0159850392783,5522600
2025-07-15,245.11619567871094,248.79902251369293,244.95695037029972,247.63444342372102,6042100
2025-07-16,244.44931030273438,244.5289405511805,238.1089017508897,243.1453972587522,8348900
2025-07-17,245.3849334716797,245.9821527087819,242.77710752469326,244.39952628683585,4801100
2025-07-18,245.58401489257812,247.21639701678487,243.74261665551833,246.79834960316182,3758500
2025-07-21,245.80299377441406,249.0279504859227,245.80299377441406,246.21109310160733,4672600
2025-07-22,242.40882873535156,245.35508717477882,239.5720751769126,244.8972170434122,6871000
2025-07-23,240.93572998046875,241.27414717738927,237.94966372734305,240.59731278354823,5952600
2025-07-24,240.4380340576172,240.96557117400656,238.34779695152278,240.46789350285303,4166800
2025-07-25,240.41810607910156,240.54750712479006,237.98945196960514,238.98480724310758,3511400
2025-07-28,244.60858154296875,244.85742038482326,242.7771313120199,243.0757409598288,6433000
2025-07-29,245.04653930664062,248.37102257476906,243.36438631269465,246.14142109345642,5299700
2025-07-30,246.79835510253906,248.34115892704403,244.72801415947495,247.20645443966362,5300500
2025-07-31,238.91514587402344,244.15070960059236,236.55615853067803,243.90187076056293,9419300
2025-08-01,236.1381072998047,238.4970946051669,231.25090891521762,234.4161316192268,8549000
2025-08-04,239.28341674804688,239.7412868853838,236.66564254161648,237.65103460419056,6189500
2025-08-05,237.6211700439453,241.32389302994673,234.78441650958274,240.63709543268436,5149700
2025-08-06,235.8295440673828,236.35709639429382,232.58469098007726,235.46126743508287,4966500
2025-08-07,239.72137451171875,242.23962228662373,237.78043465191885,240.91579787252508,6073400
2025-08-08,241.741943359375,242.05050108061576,239.17392479368527,239.89058184401344,5301300
2025-08-11,241.28408813476562,245.365035857161,240.82621800228534,242.64772007076618,4127900
2025-08-12,248.9980926513672,249.2170720386958,241.58269849077067,243.10559092851787,10091500
2025-08-13,252.70082092285156,252.91980031471573,249.8740001882189,250.95894906169764,6022400
2025-08-14,252.9595947265625,253.8753197778118,248.88859520444603,249.19715291663783,5315700
2025-08-15,247.16664123535156,251.09829172581001,246.4698803585296,251.0186614773756,6840100
2025-08-18,247.8932342529297,248.1818805999693,246.33051918112744,246.39023806755523,4978200
2025-08-19,244.0113525390625,248.8786394845688,243.58335703830153,247.91315878947037,3508000
2025-08-20,242.60792541503906,243.50373918049166,235.9987663095392,243.50373918049166,9423100
2025-08-21,241.23431396484375,242.98613384588532,239.88063013333814,241.34380365665365,4581100
2025-08-22,247.9330596923828,250.81959931088895,241.31395271124774,241.99078705687984,6527700
2025-08-25,247.35574340820312,248.47055168673683,246.12151254013918,247.69417575749765,3654200
2025-08-26,249.6848907470703,250.44135533064858,248.351103061298,248.41083713898215,3762000
2025-08-27,250.172607421875,250.4911284207624,247.66432290126392,248.71939713122342,4195400
2025-08-28,251.3769989013672,253.13878213905198,249.73465344660426,251.14807142146114,5060200
2025-08-29,244.1805877685547,247.78376936419977,243.03591997510088,247.78376936419977,8672600
2025-09-02,241.70213317871094,241.80165959754927,237.04386240265612,237.5614514195326,6659200
2025-09-03,240.55747985839844,242.28940367940268,238.1188622260297,242.1002837279926,5473300
2025-09-04,243.03591918945312,243.3842996445776,237.6410948995199,238.9450080058651,11842200
2025-09-05,245.9025421142578,247.34580433334781,242.99610631647238,246.69882943138526,17105500
2025-09-08,247.69418334960938,248.7592056696286,246.41016645103022,247.256224568324,10290500
2025-09-09,247.90321350097656,248.5203289888603,246.08171129637464,247.95298430856158,9305200
2025-09-10,252.27281188964844,253.02929168032273,250.69020051902834,251.85476446276297,13398400
2025-09-11,254.00474548339844,255.31862189398154,253.4373856184872,253.62650557345762,10286200
2025-09-12,254.45265197753906,255.20911660832638,252.97953024898771,254.62186057174472,7144200
2025-09-15,256.60260009765625,256.6424228173583,253.34779900017588,254.0146852699693,7239200
2025-09-16,257.92022705078125,258.3890290766643,255.92532999420877,257.6309888941719,7543300
2025-09-17,257.870361328125,260.0747140057405,254.17980489575257,257.28187036168976,6566900
2025-09-18,266.8872985839844,268.2937046013745,263.46605758408083,264.3836931445475,12601600
2025-09-19,265.181640625,266.7177198208928,262.9274277392849,266.61796888406894,5839100
2025-09-22,269.1415100097656,269.96940929454223,265.89980244922555,265.969631148368,5721400
2025-09-23,268.82232666015625,271.43563658453746,267.2264031403153,270.09905938808714,6068300
2025-09-24,268.41339111328125,269.0717107605347,264.93227523130275,268.05429383309223,7825500
2025-09-25,267.5555725097656,268.2537986268052,261.1320018159656,263.90490739324855,11157800
2025-09-26,268.1440734863281,268.7325949028152,265.0619611979466,267.8448511048205,7244300
2025-09-29,268.2438049316406,272.10392557111413,268.1839604596884,271.02669463626313,5954900
2025-09-30,270.42822265625,270.7573976955681,267.07681042868137,268.164025601543,7091800
2025-10-01,275.6349182128906,275.99401550593893,268.1939608348819,268.69268509098976,9339600
2025-10-02,280.9712829589844,281.81912030982335,278.89657294001034,280.78176530033636,7250000
2025-10-03,279.2456970214844,283.6145266892576,277.7694925987514,282.22808898630853,8629100
2025-10-06,287.6242370605469,291.763672719146,287.6142832744749,290.247531506072,11275000
2025-10-07,281.1907043457031,290.73629359451877,280.8116690533588,290.2375693550577,9952000
2025-10-08,290.796142578125,291.11530296214903,280.7618131597198,281.28047541850714,9301700
2025-10-09,289.4495849609375,290.8659447960057,286.7365238016898,290.33729830437386,7603500
2025-10-10,271.2959899902344,290.8858918571346,270.76734353747685,290.0779610602733,26691200
2025-10-13,284.1431579589844,285.22041941795845,279.62471733426975,282.0584941834026,8703400
2025-10-14,278.3180236816406,284.04336771264843,276.65227147305296,277.78937725131806,8476000
2025-10-15,286.9060974121094,287.2851022678117,281.1208779236747,285.5196294041158,7595200
2025-10-16,288.24267578125,291.5143056129358,285.210423846608,290.3372932598083,7410400
2025-10-17,287.43475341796875,288.9010039600394,282.99609532783495,286.1580205298858,6261500
2025-10-20,292.22247314453125,294.2472922771892,289.7587742594016,289.86847897766404,5832300
2025-10-21,290.5866394042969,291.9531693306817,288.48203781584783,291.75366746764007,3965200
2025-10-22,283.405029296875,289.0904671243842,277.7494832651791,287.3748545950243,7875300
2025-10-23,290.3173522949219,291.11529890342547,281.5298336170219,281.7692115116306,5374800
2025-10-24,295.1051025390625,297.45909685914256,294.6861912097084,295.5739045579102,4621200
2025-10-27,303.30413818359375,304.2317884585505,299.6435190936593,300.66090564459876,5165000
2025-10-28,303.6731872558594,305.1892979139918,301.60846169637733,302.68569260931423,4156400
2025-10-29,308.8100891113281,311.9919525440654,306.1867944530166,309.07938927194635,4503100
2025-10-30,304.6307373046875,310.3261594785085,304.60081506852674,307.1542806866189,4630700
2025-10-31,305.767822265625,310.5256710417268,303.4836871413727,307.91236086971657,5163900
2025-11-03,307.5931701660156,310.95456670640937,306.34635955372045,309.6080051571882,3750800
2025-11-04,295.50408935546875,303.9724170073532,294.79587903502033,299.57366566302943,5288800
2025-11-05,304.6905822753906,308.3811537530523,296.13248788258034,296.4516482555805,4949400
2025-11-06,296.7409362792969,305.10954401769806,294.5964280378261,304.22180021911106,8548300
2025-11-07,293.6288757324219,293.6987044285372,282.866398574879,291.8933251928793,13798600
2025-11-10,301.22943115234375,302.58594642991557,297.7782680470287,301.66831090443134,6030800
2025-11-11,294.39691162109375,299.25448082915085,293.9380938452256,298.27700080402786,5877900
2025-11-12,298.9053955078125,300.9202304529133,296.74091894088826,299.4539799887934,4145000
2025-11-13,288.64166259765625,296.3718887618231,285.7191456888638,295.1849225672449,10980600
2025-11-14,287.7838134765625,292.0528915899778,278.6970727826134,279.9039768741006,7142000
2025-11-17,282.8365173339844,290.78618374610045,279.5249807378842,285.3401230142495,8188700
2025-11-18,276.2733154296875,280.69200528210337,273.3906744559907,278.826781329577,11103100
2025-11-19,280.8914489746094,284.41247129519286,276.1136927207697,277.4303320064613,5108100
2025-11-20,267.41595458984375,289.2500868876629,266.31875512871164,288.1628716524499,13398300
2025-11-21,270.1389465332031,274.05894202093276,259.7754731116286,267.58548097217465,15355900
2025-11-24,281.97869873046875,283.32522983270934,272.9218494454057,273.0814448556835,6424800
2025-11-25,282.8564453125,283.61451594825235,272.0640751777686,278.2482378998244,5942800
2025-11-26,290.64654541015625,293.3296539849447,285.87871215488065,285.98844732320686,5818300
2025-11-28,295.98284912109375,296.2322112384876,291.0853734827132,292.50176370298334,3038000
2025-12-01,296.16241455078125,298.65603573794704,291.7836011350565,292.1227299637456,3933000
2025-12-02,302.0672912597656,304.06218820146773,297.9278861936761,299.68340524308167,5086900
2025-12-03,308.5706481933594,308.7801342914523,300.7007954884989,303.72306317541455,3867100
2025-12-04,305.49853515625,307.48344799417544,303.81284470203224,307.0545524309567,4639700
2025-12-05,308.6105651855469,312.0318062945861,308.14176316479563,308.5108142458675,4338100
2025-12-08,311.9620056152344,313.2786145137754,309.0793648113171,311.13410630599526,3620900
2025-12-09,311.38348388671875,312.0517878148167,308.6504845753844,309.98706199186597,2775300
2025-12-10,315.5228576660156,316.54027457568833,309.7675910154436,311.2139034569882,5093800
2025-12-11,313.71746826171875,313.97681459341294,305.0097629765343,312.0018557499092,6504700
2025-12-12,298.71588134765625,310.80495203867224,297.1997401786761,310.00697499191637,13813600
2025-12-15,297.2496337890625,302.725616250044,296.47162518564596,301.82791869836524,5241800
2025-12-16,295.87713623046875,298.59417248488495,292.76051161286114,296.3865595702072,5850400
2025-12-17,284.9190979003906,297.85496354800097,284.11995164450894,296.9959156177799,10422000
2025-12-18,291.7216796875,296.6362997278696,290.5229755153393,295.3976611051333,6740400
2025-12-19,299.4831848144531,301.3611403674909,294.1789755047091,294.34880360655274,5075000
2025-12-22,303.5087890625,306.6054159381733,302.2201867189359,306.3956533887644,4019000
2025-12-23,304.6275634765625,304.78739272335366,301.0414804888126,301.8805611712324,2708600
2025-12-24,305.8063049316406,306.16589787906133,304.3778405434424,304.6675329628506,1723200
2025-12-26,305.7063903808594,307.20475521149547,304.95720796554133,307.06489319483376,1860900
2025-12-29,304.9871826171875,306.12592406864405,301.5609289243751,303.03929608887347,3620700
2025-12-30,304.587646484375,307.1448536109666,304.3678850679813,305.74635524247225,2984800
2025-12-31,300.82171630859375,305.7862998303242,300.78175137618683,305.3068425786876,2954200
2026-01-02,313.3480529785156,315.46573711611813,308.22364024846746,308.22364024846746,8491300
2026-01-05,317.7132873535156,322.28831186750364,316.5345809617869,320.350424180073,7923200
2026-01-06,327.9920654296875,328.7911811405355,321.6489815902841,321.71891259816863,7579900
2026-01-07,324.5358581542969,325.5947002294894,321.75885931506906,324.6956569151122,4528500
2026-01-08,319.23162841796875,323.83661913945645,316.0551020931036,323.83661913945645,5408300
2026-01-09,328.421630859375,330.3095854049452,320.7599776931166,322.448138043575,7323100
2026-01-12,329.9898986816406,331.01877468146694,325.1751455435241,325.3449736432851,5159600
2026-01-13,332.9366455078125,336.0532698905967,331.5282094256368,332.4871543595574,3835900
2026-01-14,331.5382080078125,331.6281062456559,326.82335180026865,330.6691612243472,5468900
2026-01-15,336.8524169921875,344.17441356549267,336.8524169921875,342.7260124181152,6531500
2026-01-16,342.0966796875,345.03347727529825,339.849132379551,343.1355545343369,5127300
2026-01-20,336.9822998046875,342.8159306367245,335.5938002507585,335.8335593837973,6232600
2026-01-21,347.7605285644531,350.9470232954782,339.9290476415532,341.46737751758496,7204200
2026-01-22,348.2899475097656,354.21347622815716,346.99134627735435,353.9737171095648,4662000
2026-01-23,344.334228515625,347.6506167520828,341.79701927837544,346.01242034212777,4335900
2026-01-26,342.696044921875,345.12338879164196,340.75815717414076,342.91580633092667,4458700
2026-01-27,350.6972961425781,352.8150108694249,346.27213232593283,347.78049612394886,5293600
2026-01-28,360.0670471191406,361.645341802113,356.33113391970403,358.13915836531555,5364000
2026-01-29,360.7363586425781,363.4034311638997,347.34097242419193,360.7862919468406,8446200
2026-01-30,345.9224853515625,359.7973584619527,343.3353123748479,355.6119235521863,8719100
2026-02-02,352.3055419921875,355.7217968460993,341.52729542379893,341.9967843053964,7758000
2026-02-03,345.26324462890625,356.7307111748402,337.7214563276921,355.52203868887693,8371200
2026-02-04,330.0198669433594,345.0135147200375,322.9775336592365,341.8069919019359,15231400
2026-02-05,330.4693603515625,335.104317081992,323.6867838422614,326.1840586795242,10406500
2026-02-06,348.130126953125,349.17897023860553,335.5038901709758,337.0322212213033,9096100
2026-02-09,352.3854675292969,354.3533214364042,343.5051735364893,344.46411859490445,7091400
2026-02-10,351.04693603515625,354.65301700807214,347.74054635458,353.1346542892384,6252400
2026-02-11,359.807373046875,361.8850923116637,351.0169472729237,358.42887245040293,7497000
2026-02-12,351.1168518066406,364.9817269631525,350.667330129806,363.063806422121,9488000
2026-02-13,354.27337646484375,357.22014227672173,348.29988449634504,352.4153882636525,5963000
2026-02-17,353.7140197753906,356.71074962864,344.9435916242535,349.4286875496366,4068900
2026-02-18,357.5298767089844,361.27578916808017,353.2145782398707,355.432159635028,5681200
2026-02-19,355.4521179199219,355.9316056769787,351.3865470503408,353.793923721619,5576400
2026-02-20,359.0381774902344,360.936100200462,352.4153999858997,353.2045473412967,6013600
2026-02-23,356.4310607910156,359.9871778253108,352.46538701322464,357.1802432642685,6339800
2026-02-24,361.6453857421875,364.34242445761436,357.649745733276,361.2058629024621,6206000
2026-02-25,367.5988464355469,368.4179598769912,365.11157051763377,365.8008207934453,4539900
2026-02-26,356.4110412597656,366.0805122905936,350.02802283030746,365.9806152034137,13329100
2026-02-27,351.9059753417969,353.6440688036069,347.96026906398146,349.21890528629126,6250200
2026-03-02,351.6662292480469,351.94592280953987,342.9657322788741,343.41525394184697,7284000
2026-03-03,334.4150695800781,338.940130403604,330.5293257526987,337.721459053473,17946100
2026-03-04,341.1676940917969,343.4352085792139,336.4228720902981,339.5893993864001,10649900
2026-03-05,337.3918151855469,343.34530961170617,330.2096506167518,338.53055661162705,7239300
2026-03-06,323.1573791503906,334.67481006334503,321.13956146980547,328.0420331274356,8733700
2026-03-09,336.0033264160156,336.80247264617753,315.8752975348355,317.9630156188575,9824600
2026-03-10,338.440673828125,345.1833159130734,335.9433989818478,335.9433989818478,7471000
2026-03-11,341.71710205078125,345.0234915553741,340.07890558024485,340.12883888415337,6215100
2026-03-12,329.830078125,337.1820407088323,328.2817798995309,336.97227815538764,8008100
2026-03-13,330.9588317871094,338.03110038914554,329.43050087609294,333.5160386645708,6450800
2026-03-16,337.46173095703125,341.6671637449102,335.9533976799138,338.5206035369273,8018200
2026-03-17,340.0885009765625,340.99807270714285,336.63015179992993,340.3983513953973,4472100
2026-03-18,338.12945556640625,343.2770052675596,338.12945556640625,340.3683826978374,6363900
2026-03-19,340.0385437011719,342.60730072444926,326.60492026339614,328.6039710070759,8292100
2026-03-20,332.3522033691406,341.08804567917144,327.7843649311706,339.5487680090861,9441300
2026-03-23,336.43023681640625,344.76627464739346,334.9609333190287,339.95856011240903,8151000
2026-03-24,340.8581237792969,343.0570917499109,333.4616422920114,333.63157502282417,5287500
2026-03-25,345.08612060546875,347.5149598396036,341.97761146684303,344.0066466691063,5869000
2026-03-26,328.69390869140625,339.72867680229575,328.364048252962,339.28888321976484,10172400
2026-03-27,323.32647705078125,329.7934074024456,322.0070962441604,326.68486764607786,6334800
2026-03-30,309.6429748535156,327.47450390568406,307.1141768716929,326.59491669407726,13204800
2026-03-31,328.5039978027344,329.023739991931,314.73054000964754,315.4501994655849,14036500
2026-04-01,338.37933349609375,342.48736820052335,332.19226890226656,333.33171198332013,10130800
2026-04-02,339.44879150390625,340.2284505645424,324.8757252350349,324.9556738421526,6521000
2026-04-06,343.9366760253906,345.6058662635494,339.75866741970003,341.3578835632289,3105000
2026-04-07,347.5949401855469,347.77484742506584,338.30934128453566,342.8771793852417,4026000
2026-04-08,370.22418212890625,370.97382613855024,361.95811849701164,367.71539425206737,9868700
2026-04-09,378.4502868652344,378.77014229688996,371.12374899289375,371.12374899289375,6036700
2026-04-10,386.41650390625,389.4150799368162,382.4883766269505,382.4883766269505,5596900
2026-04-13,393.1532897949219,393.3831916020246,384.18754636120696,384.697314040695,4377400
2026-04-14,401.049560546875,401.24947782752054,393.3232487497452,397.6511802975618,5202600
2026-04-15,401.66925048828125,401.8991523044615,392.2037745187281,400.11999836624403,5570200
2026-04-16,405.75732421875,407.28659676974786,397.8010805453288,400.40985754590906,4400500
2026-04-17,415.5126953125,415.5327053424718,409.3855997326685,413.18381455287397,5729100
2026-04-20,417.351806640625,418.6611824369548,411.5945612432744,417.231868476548,3493500
2026-04-21,420.5003356933594,423.14907182533904,416.4722496691921,420.2004597802657,3676800
2026-04-22,431.5650634765625,431.95489301727287,422.6193296038903,427.05722474301007,6557600
2026-04-23,440.7906799316406,446.4280175545639,433.83399202732704,435.1333627828044,10812400
2026-04-24,461.38092041015625,463.64983203624064,450.7559607655573,457.3728138849088,9072000
2026-04-27,455.19384765625,462.78024147491686,448.7169123452067,461.53083477547057,8924600
2026-04-28,438.50177001953125,445.92826676005024,431.53507691509674,437.42229603270664,11014900
2026-04-29,449.7763977050781,450.15622221453606,442.2000090539644,445.0486623718062,5972800
2026-04-30,461.2209777832031,461.92065772616195,449.126715004252,455.48371206207474,5170200
2026-05-01,465.5289306640625,466.6883837276979,454.8540072719928,458.2523873533556,4155900
2026-05-04,461.8406982421875,469.38710271876744,457.5927153440783,467.70790738802214,5233100
2026-05-05,482.5008850097656,485.9492291784396,470.0068180875562,470.91638981986426,7203000
2026-05-06,506.6294250488281,506.6993991462492,487.62843779270827,497.7236502426596,9768600
2026-05-07,492.12628173828125,503.4409159073031,487.898309072255,502.6912719023376,9913700
2026-05-08,520.0530395507812,520.2129977739816,502.5113814497932,504.00066449508904,7754500
2026-05-11,532.5071411132812,533.4866564451293,521.412373001929,523.8312683001212,7492600
2026-05-12,515.7450561523438,524.9007421768235,495.47468403825087,520.6027345288228,14660600
2026-05-13,528.0392456054688,531.997388106734,515.6951314581682,527.3695806768088,7346400
2026-05-14,529.7784423828125,532.8769465176091,521.9621469454717,526.2500886686937,5212400
2026-05-15,508.27862548828125,518.5437399624903,506.0197189149972,511.4271547772472,9388200
2026-05-18,495.6346435546875,519.7132367168153,486.68890973704697,517.7741550461965,9999000
2026-05-19,496.50421142578125,505.7998154606904,477.7231521058496,484.1700722962729,12217000
2026-05-20,520.0630493164062,520.2929206323959,506.3095702925315,507.4890334262058,9457600
2026-05-21,524.4609985351562,526.5300234494382,514.7555848660364,517.9240633261002,6749900
2026-05-22,537.0750122070312,541.6328456921393,529.9183760204185,531.6275864546553,7671100
2026-05-26,569.8194580078125,572.6780859896537,555.1463715564813,556.7256387587931,8926200
2026-05-27,563.7122802734375,584.2225597191764,551.6280531075515,584.1026215591813,11412400
2026-05-28,569.19970703125,575.5267199703048,554.5667013657503,564.052187763683,6763900
2026-05-29,568.8099365234375,581.953659040864,564.3320212093649,576.1664288881567,7323900
2026-06-01,571.6585083007812,577.7156292928883,557.1154271124544,563.4024194059227,6999500
2026-06-02,604.7328491210938,605.1526326879875,581.6537818574874,584.8922342430401,7475400
2026-06-03,615.3877563476562,618.546290597516,597.7261606045107,615.9175340628373,8564700
2026-06-04,602.4338989257812,610.9698845899006,577.2658575468018,587.3611003406327,11445300
2026-06-05,539.5138549804688,580.2245057777428,539.3139376954141,577.5857440298778,22377300
2026-06-08,571.1787719726562,581.1040513515906,560.5237976059141,569.4995767097674,12843000
2026-06-09,561.8732299804688,588.3006843251578,521.9921416223493,585.1721649037813,24548100
2026-06-10,541.2529907226562,572.2382770697443,539.1239968125066,551.3981365842004,16672200
2026-06-11,586.6514282226562,587.720927707765,554.5466776644209,555.1563735091632,12295400
2026-06-12,595.9669799804688,602.4039255671719,578.2554203573512,583.8327277927153,9928200
2026-06-15,628.4500122070312,629.719970703125,618.4500122070312,622.6099853515625,8170800
2026-06-16,591.239990234375,629.6400146484375,590.6300048828125,623.8400268554688,11204900
2026-06-17,599.72998046875,621.989990234375,598.9500122070312,611.5599975585938,8948400
2026-06-18,639.4500122070312,644.4299926757812,626.1500244140625,626.52001953125,9666000
2026-06-22,655.010009765625,655.9500122070312,643.9299926757812,653.9600219726562,7782700
2026-06-23,603.3900146484375,619.9400024414062,598.1900024414062,607.6400146484375,12712200
2026-06-24,601.5,609.6900024414062,586.6599731445312,606.1900024414062,9230700
2026-06-25,625.2000122070312,638.469970703125,598.8300170898438,637.3300170898438,12713200
2026-06-26,589.9400024414062,605.8900146484375,588.510009765625,601.4400024414062,11017500
2026-06-29,614.3499755859375,615.3499755859375,571.5999755859375,593.7100219726562,11036800
2026-06-30,640.760009765625,644.9400024414062,616.1500244140625,616.1500244140625,10112600
2026-07-01,599.7000122070312,622.8900146484375,597.8800048828125,616.8200073242188,9983000
2026-07-02,566.3200073242188,608.1099853515625,554.9099731445312,601.239990234375,16092600
2026-07-06,581.510009765625,598.0,580.47998046875,583.1500244140625,8419400
2026-07-07,551.6900024414062,558.0599975585938,536.1199951171875,551.9299926757812,12285700
2026-07-08,562.030029296875,564.5,543.8699951171875,544.6599731445312,7195400
2026-07-09,581.7000122070312,594.989990234375,579.1400146484375,589.5,10026200
2026-07-10,581.3400268554688,585.7899780273438,566.6699829101562,571.989990234375,5861000
2026-07-13,553.6099853515625,566.6500244140625,550.260009765625,563.5800170898438,8307000
2026-07-14,567.9199829101562,580.6699829101562,560.239990234375,580.510009765625,7372300
2026-07-15,555.27001953125,575.8800048828125,538.530029296875,575.1199951171875,10199600
2026-07-16,530.5,545.5499877929688,525.4299926757812,539.0499877929688,10343300
2026-07-17,521.8099975585938,533.1900024414062,498.5400085449219,508.54998779296875,15576800
2026-07-20,524.1400146484375,539.5399780273438,522.8400268554688,534.0,6533100
2026-07-21,552.6900024414062,555.1599731445312,540.1500244140625,549.0999755859375,10079700
2026-07-22,555.52001953125,561.1799926757812,538.719970703125,538.75,6268400
2026-07-23,551.239990234375,558.0900268554688,543.7899780273438,545.5,6689500
2026-07-24,527.010009765625,548.0,522.2100219726562,544.3599853515625,10952000
2026-07-27,516.22998046875,534.3099975585938,500.0,532.6400146484375,13472800
2026-07-28,491.4599914550781,498.4800109863281,480.5,496.739990234375,14904200
2026-07-29,465.0,496.05999755859375,464.0799865722656,488.6499938964844,18817200
2026-07-30,504.5299987792969,509.9800109863281,488.010009765625,491.57000732421875,17477800
2026-07-31,504.8900146484375,532.6699829101562,501.29998779296875,527.0999755859375,13113700
2026-08-03,507.67999267578125,510.95001220703125,485.7099914550781,491.9200134277344,10302000
2026-08-04,542.2100219726562,545.3900146484375,526.5700073242188,529.3099975585938,10898600
2026-08-05,530.7000122070312,547.5700073242188,528.8800048828125,536.4000244140625,9649300
2026-08-06,532.52001953125,542.5599975585938,516.4099731445312,522.6599731445312,7654700
2026-08-07,543.27001953125,547.9000244140625,531.27001953125,545.2000122070312,5262600
2026-08-10,529.3900146484375,547.219970703125,529.3900146484375,545.8499755859375,8763500
2026-08-11,534.2000122070312,539.0499877929688,530.0999755859375,537.9099731445312,7176100
2026-08-12,546.6099853515625,554.1099853515625,546.469970703125,553.4000244140625,7723600
2026-08-13,550.739990234375,562.25,546.4000244140625,547.1400146484375,5940700
2026-08-14,550.4199829101562,552.8900146484375,542.9299926757812,549.5800170898438,4302100
