Date,Close,High,Low,Open,Volume
2015-01-02,16.54633140563965,16.680007933967467,16.338387778518477,16.672582640588203,6074100
2015-01-05,16.145292282104492,16.464633619802218,16.123012159765253,16.442353497462978,9031800
2015-01-06,15.863086700439453,16.026470037614462,15.714555363735041,15.83337986649865,10169500
2015-01-07,16.093307495117188,16.160146448744552,15.84823180398341,16.033895249281716,10180200
2015-01-08,16.197282791137695,16.345814152673594,16.093311687962593,16.10816510741619,15825900
2015-01-09,15.7442626953125,16.071029379990794,15.610584771353267,16.056177379050762,17596000
2015-01-12,15.439774513244629,15.662570105855732,15.365508843540985,15.640289979994687,24695300
2015-01-13,15.632863998413086,15.818527473056948,15.588305161118532,15.61058528801576,11043200
2015-01-14,15.64029312133789,15.66999996178588,15.29867295518669,15.335805089246563,21760200
2015-01-15,16.999347686767578,17.177584456657023,16.27154718892736,16.776552078530756,36350200
2015-01-16,16.78397560119629,16.858241262009038,16.553753327526465,16.61316557287673,22402000
2015-01-20,17.147872924804688,17.222138573247424,16.68742703765925,16.78397280558464,23999700
2015-01-21,17.236997604370117,17.296411280571313,17.0513341157414,17.081040953842,17966600
2015-01-22,17.60832405090332,17.615750760204627,16.999348053195988,17.229571792036534,25334400
2015-01-23,17.816261291503906,18.046483531526825,17.734568934899226,17.771702468128378,13027300
2015-01-26,17.94251823425293,17.96479836134634,17.7494280489431,17.786561594098785,14091400
2015-01-27,17.96479034423828,18.016775867756863,17.786553656532025,17.920230109937258,14735300
2015-01-28,17.77170753479004,18.187593310028166,17.71229528118459,18.15046118271221,16762900
2015-01-29,17.29640769958496,17.675159891452044,17.14044966484583,17.593468936588412,19411300
2015-01-30,16.86566734313965,17.17015670838256,16.8359619273231,17.073610919854392,17590300
2015-02-02,17.036481857299805,17.14045295609022,16.865670373787,17.103320825522207,12854500
2015-02-03,17.19243812561035,17.407808444346053,17.125599158864787,17.333542768350984,16676200
2015-02-04,17.511781692504883,17.63803293225895,17.41523729339889,17.5192084026669,11266500
2015-02-05,17.57119369506836,17.64545937908008,17.311264509277386,17.615752538875352,12016600
2015-02-06,17.155305862426758,17.548911534089186,17.118172316468076,17.415235018137757,16529800
2015-02-09,16.835962295532227,17.036479168553285,16.702284380184853,17.021625752070296,12821100
2015-02-10,17.719722747802734,17.786561713029982,17.422660050570567,17.749428167626,17077300
2015-02-11,18.0390625,18.08362133389487,17.652882162245003,17.734573121635638,14211100
2015-02-12,18.17273712158203,18.180163829212795,17.93508814339619,18.128178292297097,10136200
2015-02-13,18.44751739501953,18.53663504275422,18.120749381493567,18.157882915132582,11637500
2015-02-17,18.39553451538086,18.48465217595818,18.32869556169803,18.336122269496087,10525500
2015-02-18,18.350976943969727,18.45494945180092,18.27671268816158,18.336124942708025,7433100
2015-02-19,18.20987319946289,18.350976414628093,18.1653129474635,18.32869770512824,9929400
2015-02-20,18.15046501159668,18.35098052450188,18.046492483478996,18.343555230672195,7268000
2015-02-23,17.987079620361328,18.14303769911163,17.920240646111214,18.128184278944914,7827400
2015-02-24,18.596050262451172,18.625755675364246,18.083618787079423,18.105897492639333,15932700
2015-02-25,18.596050262451172,18.803992402341464,18.55891672568534,18.603475553304747,10388400
2015-02-26,18.32870101928711,18.558923363579584,18.306420889258767,18.417818706400283,7588500
2015-02-27,18.21729850769043,18.402961960582303,18.172738259116574,18.380681836295373,8541000
2015-03-02,18.291566848754883,18.291566848754883,18.120756773832092,18.120756773832092,7081200
2015-03-03,18.195022583007812,18.365832659133176,18.12075690140981,18.350979239513563,7485300
2015-03-04,18.068763732910156,18.26928056375305,17.920232432322948,18.24700044371513,9415000
2015-03-05,18.165315628051758,18.18016904757675,17.92766658165207,18.165315628051758,6882400
2015-03-06,17.89052963256836,18.105898491695548,17.853397510253224,18.009354123776394,6375000
2015-03-09,17.415233612060547,17.600897077363967,17.274128981809998,17.57861695158762,15598700
2015-03-10,17.11817169189453,17.274129746230823,17.014200600003598,17.095892981632126,12405600
2015-03-11,17.4449405670166,17.615750630185996,17.38552830954464,17.38552830954464,9485000
2015-03-12,17.47464942932129,17.63803280218039,17.430089168677803,17.452369298999546,10892000
2015-03-13,17.73457145690918,17.801410409727275,17.56376142926278,17.57118813696475,9748200
2015-03-16,18.031633377075195,18.113324325527003,17.749424161697387,17.801409697030245,18384800
2015-03-17,18.05391502380371,18.15046081929187,17.786560596182273,17.86082484932722,12558800
2015-03-18,18.350976943969727,18.492081579704994,17.9350911621446,18.20244701585355,14551700
2015-03-19,18.3138427734375,18.677742969009486,18.291562649280134,18.492079517197265,11699700
2015-03-20,18.39553451538086,18.492078883756236,18.32869556169803,18.41781322227535,7196900
2015-03-23,18.417816162109375,18.529215380361972,18.380684033691775,18.477228417477473,9110900
2015-03-24,18.195022583007812,18.34355394620382,18.15789045045884,18.276714974415622,9071500
2015-03-25,17.21471405029297,18.157884647200213,17.140448392430265,18.15045793976398,32339400
2015-03-26,17.22957420349121,17.459796558053764,17.051335988313575,17.125601675220896,36432500
2015-03-27,17.036481857299805,17.170159793744613,16.828538243218993,17.014201729059007,20264000
2015-03-30,17.266698837280273,17.303830956352027,16.917652101907347,16.917652101907347,14707100
2015-03-31,17.437511444091797,17.49692369333999,17.318686945595413,17.3855259030621,13621500
2015-04-01,17.251848220825195,17.430084970973866,17.18500926245697,17.400379554198974,13314800
2015-04-02,17.59347152709961,17.69744262123488,17.511779143707656,17.541485980031975,12443500
2015-04-06,17.482072830200195,17.63060275472918,17.22214369164967,17.229570400351097,11439200
2015-04-07,17.370670318603516,17.54890704410249,17.340964905936808,17.482069511477505,13305600
2015-04-08,17.22957420349121,17.340972025602113,17.140455095902393,17.177587231105974,10835200
2015-04-09,17.407808303833008,17.578618365692947,17.259276953041795,17.26670366223135,10183300
2015-04-10,17.45236587524414,17.675161468753707,17.36324678794041,17.623175924701464,10531900
2015-04-13,17.326112747192383,17.59346856306923,17.31125933153263,17.459790655130806,11125700
2015-04-14,17.21471405029297,17.303831706528527,16.954784956023307,17.259272878410748,13787000
2015-04-15,17.459789276123047,17.556333637286826,17.147874654402237,17.199860188605776,16883000
2015-04-16,17.259273529052734,17.489495802256418,16.821107689294326,17.45979038789126,28320800
2015-04-17,17.244422912597656,17.2667030393626,16.98449518283942,17.11074640150766,16113600
2015-04-20,17.28155517578125,17.54148430276567,17.222142925313364,17.378099551604144,15253500
2015-04-21,17.326112747192383,17.35581957851189,17.199861547083835,17.30383262370275,13191400
2015-04-22,17.704864501953125,17.704864501953125,17.37066976694371,17.378096473999424,15880200
2015-04-23,18.046489715576172,18.13560880936541,17.6008984961298,17.704869591800627,22973300
2015-04-24,18.499507904052734,18.796569170610216,18.336124561571083,18.707451498892897,28481800
2015-04-27,18.870834350585938,19.13819019178426,18.395536336455418,18.48465400585498,25744900
2015-04-28,18.573774337768555,18.781717941150376,18.41781628110721,18.737157686961474,14437100
2015-04-29,18.41038703918457,18.492077988006756,18.261855723417607,18.454945867314816,12642500
2015-04-30,18.15046501159668,18.284142964533586,18.09105274545807,18.195023857075594,16033300
2015-05-01,18.37325096130371,18.447516608917592,18.246999785309935,18.343545552157803,9732900
2015-05-04,18.06134605407715,18.276716405930124,18.03164062901132,18.239582853972628,9436900
2015-05-05,18.0390625,18.157887001386182,17.949943415710464,17.972223540907795,13233000
2015-05-06,18.157888412475586,18.202447249833224,18.00935706595026,18.10590144964179,8302200
2015-05-07,18.09847068786621,18.128176098294457,17.99449821011867,18.083617274402354,7299600
2015-05-08,18.232152938842773,18.3732575784784,18.113328426465383,18.165313973568,11054400
2015-05-11,18.09847068786621,18.28413410666603,18.076190567670423,18.254427279738312,6256500
2015-05-12,18.105899810791016,18.1950188939396,17.92766306099362,17.95736989420974,10406900
2015-05-13,18.15046501159668,18.321275099682655,18.11333145994745,18.180170436415903,6596700
2015-05-14,18.1281795501709,18.2098719232781,18.053913885209784,18.098474134086295,9130500
2015-05-15,18.239580154418945,18.269286991588174,18.12818234803425,18.157889185203484,5952400
2015-05-18,18.1281795501709,18.180165090693755,18.098474134086295,18.180165090693755,9387100
2015-05-19,18.261856079101562,18.313841615682634,18.165310297022742,18.18016371218866,10063100
2015-05-20,18.25442886352539,18.32126781341235,18.128177671127755,18.20987003576728,9053200
2015-05-21,18.001924514770508,18.143029106526598,17.93508557217549,18.10589557369634,12175800
2015-05-22,17.972227096557617,18.254434989057252,17.972227096557617,18.098478331320628,8574500
2015-05-26,18.016775131225586,18.10589276318592,17.935082788179265,17.949936199005727,10911600
2015-05-27,18.269287109375,18.343552786276923,17.897960141365346,17.9499456902467,14361100
2015-05-28,18.157888412475586,18.306418342501008,18.09104944818918,18.18759383188071,10416600
2015-05-29,18.031633377075195,18.14303115514555,17.779130991315935,17.860821939767742,13170000
2015-06-01,17.927663803100586,18.001929472715304,17.77170717175953,17.957370637546404,10391300
2015-06-02,17.57861328125,17.82368894761979,17.556333160125643,17.808835533536886,12267300
2015-06-03,17.57119369506836,17.675164802784707,17.43751574714728,17.660312799182446,10846500
2015-06-04,17.066184997558594,17.40037979400548,16.917655078637594,17.281555292268763,16981800
2015-06-05,16.97706413269043,17.110742026097366,16.89537177194185,16.94735730460021,9277100
2015-06-08,16.821109771728516,17.021626655390804,16.783977645050243,16.984494528712528,9155900
2015-06-09,16.954784393310547,17.155301237935006,16.865665323533158,16.98449122206953,14045900
2015-06-10,17.326112747192383,17.333539455022258,17.081037054805165,17.118169177454867,14611900
2015-06-11,17.459789276123047,17.60831917149037,17.422655739906542,17.57118705177343,12836500
2015-06-12,17.57861328125,17.645452228123535,17.37809644062939,17.482068922710187,12115900
2015-06-15,17.274126052856445,17.40780395184882,17.251845930857854,17.3706704151845,12984800
2015-06-16,17.511781692504883,17.563767247138887,17.229573788848796,17.259279212996745,12381400
2015-06-17,17.526630401611328,17.60089606676853,17.4152326121254,17.49692356894855,12642300
2015-06-18,17.64545440673828,17.697439945947362,17.504349788528124,17.571188743654005,11225200
2015-06-19,17.378101348876953,17.586044955270328,17.37067463973791,17.54148611693601,11609100
2015-06-22,17.704864501953125,17.741996620732156,17.526627782114616,17.571186607949357,13407100
2015-06-23,17.77170753479004,17.853399914684974,17.63802961005282,17.831119788395487,9339600
2015-06-24,17.749427795410156,17.823693468160805,17.69744224943467,17.793986632460587,9368200
2015-06-25,17.883106231689453,18.068769710596737,17.82369397509912,17.853400811644253,8369700
2015-06-26,17.54891014099121,17.853399527681123,17.407806927049347,17.76428044095484,14805800
2015-06-29,17.148923873901367,17.578031169699806,17.133599761679903,17.371140308674896,14494500
2015-06-30,17.401784896850586,17.72361454365692,17.37113521985922,17.516725204766704,15836800
2015-07-01,17.57036590576172,17.800243633474324,17.509065080936562,17.723617237061138,12403200
2015-07-02,17.738941192626953,17.87686840130009,17.585689875288768,17.62400233924161,7884900
2015-07-06,17.578035354614258,17.82323874686069,17.52439729525129,17.62401062527859,7476100
2015-07-07,17.593347549438477,17.623998683464183,17.19489303778987,17.4784087198951,10131500
2015-07-08,17.033985137939453,17.363477668686343,16.995672664770954,17.30983962163958,13956700
2015-07-09,17.026321411132812,17.355813923691436,16.942033682509436,17.302175879605535,12147200
2015-07-10,17.294513702392578,17.371140108726525,17.118273990893496,17.118273990893496,9042600
2015-07-13,17.5167293548584,17.53205346622133,17.286850146089535,17.3864649083475,11501200
2015-07-14,17.47075080871582,17.547377203623515,17.386463089691585,17.447763913312357,8778400
2015-07-15,17.286849975585938,17.555041652407514,17.171911103098704,17.401788848073167,13861500
2015-07-16,17.417112350463867,17.493738743522567,16.627864448081848,16.89605463149697,29850800
2015-07-17,17.646991729736328,17.692966981482098,17.45542647568089,17.585690906899664,10314200
2015-07-20,17.54738426208496,17.654661842719065,17.332832023871763,17.646999053993238,12307200
2015-07-21,17.532047271728516,17.746600831800457,17.493734814567283,17.57802397415386,9372700
2015-07-22,17.026321411132812,17.27152619506806,16.942033682509436,17.21788668945507,17279900
2015-07-23,17.09528350830078,17.240873516108802,16.9267066045152,16.9573562863276,16251500
2015-07-24,16.581892013549805,17.01866066668816,16.55890511277027,16.903721778208684,15045700
2015-07-27,16.57422637939453,16.620203096111364,16.344348641918423,16.52825112420471,10167100
2015-07-28,16.765785217285156,16.85007437074324,16.55123313433942,16.63552082627105,13102700
2015-07-29,16.942033767700195,17.064635429520763,16.658516511285704,16.719817342195988,12780100
2015-07-30,17.39413070678711,17.45543154743501,17.003337299584015,17.0339869891443,17400600
2015-07-31,16.942033767700195,17.32516432627124,16.880732936789915,17.279187606943207,16313800
2015-08-03,16.6431941986084,16.78112146055851,16.489942822074013,16.78112146055851,11945800
2015-08-04,16.436298370361328,16.796440499657027,16.352009196079155,16.727476895521942,13832400
2015-08-05,16.558900833129883,16.758128870383295,16.48993722556036,16.512924120398946,7506500
2015-08-06,16.3060359954834,16.512925372350708,16.099145157089097,16.413312076935114,12945100
2015-08-07,16.114471435546875,16.40565001004848,16.08382029005878,16.290711137522244,16644500
2015-08-10,16.558900833129883,16.773452979766724,16.030180328939167,16.183433114988528,25398700
2015-08-11,15.961221694946289,16.168112582122838,15.746668019926833,16.091486165221077,18685200
2015-08-12,15.899923324584961,15.922911691686092,15.463154580356436,15.731346350426033,20957100
2015-08-13,15.73900032043457,15.853939168481473,15.639385580340972,15.74666164364785,7873400
2015-08-14,15.616397857666016,15.631723427765852,15.493796219920934,15.608736534142905,11355400
2015-08-17,15.539772987365723,15.562759881073204,15.087678898445676,15.248593000505279,18060200
2015-08-18,15.348210334777832,15.478474780032062,15.332884762035674,15.463149207289904,10410700
2015-08-19,15.256256103515625,15.371194959028722,15.041702501438158,15.325219709128852,12520400
2015-08-20,15.02638053894043,15.37885994106761,15.02638053894043,15.16430776986917,12865500
2015-08-21,14.467010498046875,14.949755861994962,14.45934917235761,14.750527778947983,20217500
2015-08-24,14.3750581741333,14.88845316112117,13.271641799116813,13.593471514266328,31876000
2015-08-25,14.3750581741333,15.332884533325068,14.329082918119665,15.118330902716378,25640300
2015-08-26,14.903779983520508,14.926766882691572,14.512986620813654,14.819490789154179,20952300
2015-08-27,15.279245376586914,15.279245376586912,15.003390937571847,15.034042080363268,17880000
2015-08-28,15.325222969055176,15.386523802470311,14.980404867640573,15.041705701055708,10980800
2015-08-31,15.233267784118652,15.470809742475781,15.133654498843645,15.44782138670762,9081400
2015-09-01,14.873126983642578,15.141318645612973,14.750525331575021,14.827151729498988,14185700
2015-09-02,15.279245376586914,15.37885866760517,15.057028975929903,15.09534290441918,14670900
2015-09-03,15.37885570526123,15.509120113978796,15.340543245678804,15.440156517509106,8174900
2015-09-04,15.072355270385742,15.194956924379085,15.018717229454529,15.09534362858212,8944000
2015-09-08,15.363530158996582,15.37119294322946,15.187290506220352,15.294566562427336,10390900
2015-09-09,15.233267784118652,15.83095188034923,15.187292534109176,15.662374989296586,10318700
2015-09-10,15.095341682434082,15.256255784482072,14.76584923173375,15.171966610155899,17806400
2015-09-11,15.2485933303833,15.286907256602644,15.02637840441848,15.125991689535086,9549900
2015-09-14,15.355868339538574,15.45548160829026,15.240928041290301,15.317554419613614,7790800
2015-09-15,15.624062538146973,15.754326976744984,15.355872336498404,15.447822845198775,11469800
2015-09-16,15.838615417480469,15.899916240912065,15.677699842518205,15.869265098432809,11471100
2015-09-17,15.830953598022461,16.106808051063478,15.761989984762208,15.769652770849682,11394200
2015-09-18,15.792638778686523,15.90757762983821,15.593410754644431,15.731337960637171,14057800
2015-09-21,15.731339454650879,15.876927997890471,15.631724702405974,15.731339454650879,12292100
2015-09-22,15.286909103393555,15.509124056203866,15.233269600206357,15.455486014543688,13482400
2015-09-23,15.332884788513184,15.547438422692728,15.018717854391706,15.057030324786204,22169600
2015-09-24,15.317557334899902,15.348208476673491,14.98806486846822,15.240930941992808,11088800
2015-09-25,15.363530158996582,15.55509538023857,15.294566562427336,15.447819324031585,10742300
2015-09-28,15.041703224182129,15.363532911998613,15.003390757679155,15.302232088677707,15576100
2015-09-29,15.24093246459961,15.286909181853181,14.934428323877599,15.034043083066644,10919600
2015-09-30,15.899923324584961,15.930574480719804,15.578093492806959,15.60108185990809,12400200
2015-10-01,15.98420524597168,16.0914813204192,15.784977206621356,16.053168854267057,14508200
2015-10-02,15.907578468322754,15.915241253673676,15.486134043183286,15.486134043183286,15271100
2015-10-05,16.397979736328125,16.428630867820857,15.93056167327512,16.137450964745483,10938100
2015-10-06,16.26772117614746,16.36733592764534,16.060830349061323,16.137456743707325,10577700
2015-10-07,16.804101943969727,16.934366356772852,16.574222794685372,16.61253671699611,13647100
2015-10-08,17.049306869506836,17.064632439931263,16.604875557886384,16.689164733693882,10343500
2015-10-09,16.819433212280273,17.18723822193659,16.78878206404532,17.095286238758913,11648800
2015-10-12,16.926706314086914,17.01099549529695,16.86540548998696,16.91138074268019,6779500
2015-10-13,16.811763763427734,16.880727358101826,16.612535763427765,16.719811816686743,12740800
2015-10-14,17.118276596069336,17.263866644108006,16.59721870753292,16.689170701432968,22801100
2015-10-15,16.819433212280273,17.463092709942416,16.696831542394836,17.27918874358707,17867300
2015-10-16,16.980348587036133,17.026323851194658,16.850084120647562,16.86540969587617,9598700
2015-10-19,17.033985137939453,17.087623184986217,16.82709427516436,16.91904625690679,8940900
2015-10-20,17.09528350830078,17.179572690957052,16.988007429666954,17.01099578717147,6718400
2015-10-21,17.026321411132812,17.202562577949877,16.965020580530773,17.110610601283273,8154300
2015-10-22,17.248537063598633,17.332826249976915,17.102947049361696,17.15658509104714,8214500
2015-10-23,17.217885971069336,17.43243959998815,17.16424792922139,17.43243959998815,11854100
2015-10-26,16.980348587036133,17.25620309504188,16.804108856489037,17.21788915697036,12350400
2015-10-27,17.01099967956543,17.08762463239294,16.765794861324604,16.90372211485779,6885400
2015-10-28,16.919042587280273,17.064632584491978,16.758128481041165,16.911379802003147,9913700
2015-10-29,16.719812393188477,16.719812393188477,16.4899347106997,16.71214960890196,7939100
2015-10-30,16.82709312438965,16.91138231342856,16.58955259163016,16.735142610462717,8791800
2015-11-02,16.934370040893555,16.96501972388338,16.68150394473771,16.750467558373575,5716700
2015-11-03,17.4477596282959,17.58568681295066,16.942027592246152,17.041640858093167,12846400
2015-11-04,18.04544448852539,18.129733659315647,17.66231401988131,17.700627943661768,14372000
2015-11-05,17.608680725097656,17.800246010953444,17.585693826172335,17.800246010953444,8345300
2015-11-06,17.486074447631836,17.49373723242849,17.187233148196135,17.309834781889077,8805900
2015-11-09,17.593347549438477,17.608673116451328,17.378795457364575,17.43243348038305,8629200
2015-11-10,17.248537063598633,17.37113871931594,17.110609835534905,17.248537063598633,7388700
2015-11-11,17.30217742919922,17.394129414101098,17.072299659235345,17.179575757014856,5255100
2015-11-12,17.04164695739746,17.37880225594265,17.04164695739746,17.194899764425386,5685100
2015-11-13,16.773456573486328,16.972684653424434,16.528253232493952,16.91138381817634,7883500
2015-11-16,17.12593650817871,17.148923406648166,16.704492010737596,16.727480370734167,7121500
2015-11-17,17.256200790405273,17.48607854202408,17.148923239659677,17.187237172614214,7148400
2015-11-18,17.256200790405273,17.286850475241803,16.97268353265012,17.148923239659677,8010400
2015-11-19,17.371135711669922,17.57802651794435,17.309834894424917,17.57802651794435,7115100
2015-11-20,17.493741989135742,17.539717248889996,17.40179000810008,17.47841641537527,6039900
2015-11-23,17.294513702392578,17.578030967370044,17.271526803561393,17.562705393797827,5502100
2015-11-24,17.240877151489258,17.302177989566797,16.980348224277908,17.18723910086232,8911500
2015-11-25,17.286849975585938,17.36347637775311,17.24853750526588,17.29451276195536,5442600
2015-11-27,17.202558517456055,17.34814704231674,17.118269347201217,17.15658180921156,3995600
2015-11-30,17.440101623535156,17.524390806482867,17.14892160691232,17.194898322080324,8612900
2015-12-01,17.838558197021484,17.89219623796071,17.493740131659298,17.5014029177259,10256000
2015-12-02,17.76959228515625,17.899856708382647,17.66997754070422,17.76959228515625,6829100
2015-12-03,17.57036590576172,17.86154445829948,17.486076723554522,17.83855756244439,5884700
2015-12-04,17.86154556274414,17.90752228035113,17.41711418989919,17.493740591050468,6355600
2015-12-07,17.807905197143555,18.00713322953439,17.761929947061624,17.96882076472059,4634000
2015-12-08,17.685302734375,17.792578800091846,17.53204995918512,17.624001916604403,6133900
2015-12-09,17.417112350463867,17.631665958722852,17.355811528322285,17.585690707498387,8663600
2015-12-10,17.355810165405273,17.50906293948804,17.32516048750478,17.40944819787621,7171900
2015-12-11,16.995670318603516,17.286848874458993,16.980344746840867,17.17957279517439,11326300
2015-12-14,17.026321411132812,17.171911431885313,16.911382536444872,17.110610601283273,7898600
2015-12-15,17.486074447631836,17.54737526447831,17.17957036339948,17.17957036339948,9444200
2015-12-16,17.746606826782227,17.80024486953804,17.53971598055804,17.70829435667866,7384800
2015-12-17,17.593347549438477,17.846215020571023,17.585686227458563,17.69296227349551,8925700
2015-12-18,17.57036590576172,17.68530476961802,17.409450327141336,17.4477642561114,8648000
2015-12-21,17.585691452026367,17.662316386802264,17.43243865942068,17.570365880460407,4958700
2015-12-22,17.669981002807617,17.692969362537642,17.585693273518384,17.60868017172131,4553900
2015-12-23,17.685302734375,17.784916015179675,17.601013561867887,17.777254691794283,6172900
2015-12-24,17.738941192626953,17.838555937347248,17.68530315848225,17.738941192626953,2009500
2015-12-28,17.63166618347168,17.769593400430107,17.509064537625726,17.738942258205164,3100100
2015-12-29,17.685302734375,17.80024158500402,17.608676346780058,17.677639949462826,4136700
2015-12-30,17.532047271728516,17.69296280716411,17.50139759830484,17.662311672213878,2574100
2015-12-31,17.43243980407715,17.624005076649425,17.294512573980782,17.516728991697605,3898300
2016-01-04,16.926706314086914,17.087620429276694,16.75046662749041,17.04164517658346,9145100
2016-01-05,16.819433212280273,17.179575434877847,16.819433212280273,16.995672930049693,7642100
2016-01-06,16.352006912231445,16.63552261272052,16.29070610173165,16.597210154230627,8063200
2016-01-07,16.168102264404297,16.38265434097942,15.953548726302765,15.999523962493662,11242800
2016-01-08,15.945895195007324,16.397989420843423,15.915245506939536,16.29837610771404,9290700
2016-01-11,16.037843704223633,16.283047001699025,15.861604016854061,16.221746177330175,9771200
2016-01-12,15.899923324584961,16.27539121807137,15.716020772358613,16.26772842903766,11629400
2016-01-13,15.693028450012207,16.145122658363068,15.670041550232222,16.014858200676766,12858400
2016-01-14,16.719812393188477,16.758126314621048,15.861601014472157,15.884587905805038,18687600
2016-01-15,16.168102264404297,16.306029434503394,15.754320754107003,15.754320754107003,12066200
2016-01-19,16.59721565246582,16.704491740996648,16.267723138804456,16.57422729284046,14807000
2016-01-20,16.160449981689453,16.252400513816024,15.892258250186801,15.96888466797718,10815300
2016-01-21,16.34434700012207,16.45162307196473,15.976542072495649,16.206419786880446,9105000
2016-01-22,16.804101943969727,16.81942751289402,16.566561471749917,16.6738375311666,8369200
2016-01-25,16.696828842163086,16.911380999001366,16.62786523131451,16.635526555607058,8463700
2016-01-26,16.5435791015625,16.750469972285163,16.474615477988277,16.689169135944436,7709700
2016-01-27,16.612533569335938,16.85773677955801,16.558895549790662,16.643183239850487,6432800
2016-01-28,16.57422637939453,16.758130323207833,16.459287510656477,16.6891667096596,7169000
2016-01-29,17.12593650817871,17.164248979979217,16.75813151739626,16.75813151739626,9010200
2016-02-01,17.21022605895996,17.2791896847176,16.97268549330991,16.995673855738215,5389200
2016-02-02,17.286849975585938,17.332826693802478,17.07229780335032,17.08762191456211,13487900
2016-02-03,17.562698364257812,17.700625548147585,17.309832347635414,17.43243396408709,13083200
2016-02-04,17.80023956298828,17.81556513107172,17.562699103801442,17.601011562483425,6473100
2016-02-05,17.43243980407715,17.899859536842154,17.363476189028965,17.63166786293556,9325400
2016-02-08,17.47075080871582,17.555039989266977,17.05697061465735,17.225547514232737,8355200
2016-02-09,17.286849975585938,17.378801950491958,16.91138221264655,17.033983871503203,8426600
2016-02-10,17.087623596191406,17.555043380036587,17.07229948347154,17.37114087365337,5761600
2016-02-11,16.85774040222168,17.133594803764773,16.69682630900603,16.980342033679335,10394600
2016-02-12,17.04164695739746,17.102947787903215,16.796443635374448,17.079960889917984,7326900
2016-02-16,17.88452911376953,18.152720714939324,17.309833451917108,17.332821804540796,13843800
2016-02-17,18.114416122436523,18.19104254244981,17.830900268372986,17.8998639002322,11956100
2016-02-18,18.237014770507812,18.535857612602424,18.206365084526944,18.37494201123961,12780200
2016-02-19,18.221689224243164,18.413254496510756,18.014798379427674,18.23701333526402,8950300
2016-02-22,18.359615325927734,18.489879771895843,18.275327598438068,18.405592044406173,7250300
2016-02-23,17.93050765991211,18.198699310477156,17.823231584296856,18.191036524857935,5802500
2016-02-24,17.945829391479492,18.00713020179048,17.493735367363474,17.685300582276138,5267500
2016-02-25,18.152729034423828,18.160391822143616,17.9151869996923,18.145066246704037,5076800
2016-02-26,18.214017868041992,18.459221067328958,17.945826320749493,18.15271706822025,9920900
2016-02-29,18.04544448852539,18.198697260593722,17.976480887247316,18.060770058037573,6614000
2016-03-01,18.834693908691406,18.911320295248803,18.382599835682203,18.505201469563335,9858800
2016-03-02,18.86534881591797,18.926649645102202,18.681444866838213,18.73508437121059,5841300
2016-03-03,18.81937026977539,19.0569122386257,18.735082551289167,18.873008307410327,7957500
2016-03-04,18.888336181640625,19.118215392925393,18.72742204911567,18.819372564407907,7264600
2016-03-07,18.926645278930664,18.941969386546326,18.436237297061535,18.69676612637512,8971500
2016-03-08,18.888336181640625,19.041588989163802,18.635470072296346,18.666121218411817,11734000
2016-03-09,18.957294464111328,18.995608385973767,18.78871759249663,18.94196889536635,5807300
2016-03-10,18.957294464111328,19.156522473215976,18.781054808124143,19.049246415054505,6483700
2016-03-11,19.424720764160156,19.447707663660694,19.148866277936243,19.15652906494548,7560000
2016-03-14,19.325105667114258,19.447707334130317,19.240817934495187,19.394069287501686,4109400
2016-03-15,19.0645751953125,19.30977997075578,18.94963632460514,19.079900767814024,8839800
2016-03-16,19.75421142578125,19.769535536820257,18.941973618105155,18.972624763237253,10874100
2016-03-17,19.746543884277344,19.807844698252474,19.631605040764807,19.72355553096416,6264700
2016-03-18,19.95343589782715,20.114349996264412,19.769531983146308,19.83083280086433,7208700
2016-03-21,19.86914825439453,19.938111862325147,19.731221038533295,19.830834326918136,5494100
2016-03-22,19.777191162109375,19.96875636524127,19.66225233253554,19.7388787060936,6247400
2016-03-23,19.677581787109375,19.784857854368507,19.570305719850246,19.784857854368507,5465900
2016-03-24,19.715890884399414,19.7312164518274,19.493676002799823,19.554976810985217,5549000
2016-03-28,19.63927459716797,19.738889375093848,19.570312431370372,19.708238224492867,2197200
2016-03-29,19.899795532226562,19.938109455077086,19.493678180698026,19.58562867248585,4550800
2016-03-30,20.275270462036133,20.397873597501775,20.167994362721835,20.167994362721835,5999600
2016-03-31,20.076040267944336,20.259942746148887,20.060714696045544,20.13734109401252,5369100
2016-04-01,20.01473617553711,20.083698314773315,19.74654455718418,19.830832265818092,5091200
2016-04-04,19.80784797668457,20.022400130345098,19.777196833860533,20.022400130345098,4302700
2016-04-05,19.547319412231445,19.639269919077087,19.34042857953832,19.547319412231445,8612600
2016-04-06,19.631608963012695,19.72355947158307,19.171852035579878,19.27146533011895,8333100
2016-04-07,19.440046310424805,19.554985192344947,19.348094327972383,19.53199683135005,7774400
2016-04-08,19.37108039855957,19.7771978307605,19.317440895913727,19.731222575733923,8214600
2016-04-11,19.547319412231445,19.800185498347393,19.539656626406483,19.692909419851826,5406300
2016-04-12,19.593290328979492,19.708229167860072,19.394062326207397,19.692905061128858,4766900
2016-04-13,20.053050994873047,20.083700675744797,19.754209664120673,19.884474096261155,9082700
2016-04-14,19.38640785217285,19.5626490396316,19.2254937010686,19.38640785217285,13870800
2016-04-15,19.509004592895508,19.600956557072266,19.44004244667155,19.54731852027203,8019100
2016-04-18,19.539657592773438,19.67758482139028,19.401730364156595,19.4477056198532,6507600
2016-04-19,19.279125213623047,19.669918470030822,19.271462428807983,19.55497962085836,9378700
2016-04-20,19.248476028442383,19.348089310533737,18.95729604412588,19.10288603628413,9391300
2016-04-21,19.279125213623047,19.42471520205577,19.15652357963552,19.386401277980443,6044400
2016-04-22,19.210161209106445,19.39406365623254,19.118210716306763,19.29445037877843,6447400
2016-04-25,19.164186477661133,19.4093897470847,19.118211230025906,19.27146254265225,7772500
2016-04-26,19.164186477661133,19.424715316805365,19.141198123080134,19.309776466953917,9920000
2016-04-27,19.348094940185547,19.41705856382522,19.018602396468722,19.07990323286763,7302200
2016-04-28,18.51287078857422,19.064578335767006,18.44390716248421,18.88833860754911,12170200
2016-04-29,18.07609748840332,18.397927173656345,17.94583305719312,18.390264388111405,14955900
2016-05-02,18.152729034423828,18.198704299215247,17.976487839923298,18.06843983103346,6112100
2016-05-03,17.869211196899414,17.968825972730187,17.746609520128672,17.892199559366656,9323900
2016-05-04,17.945829391479492,18.045442660162372,17.800239418918416,17.861540229229405,7789900
2016-05-05,18.00713539123535,18.152725405753756,17.930508990882135,17.968822921822255,7238400
2016-05-06,17.938173294067383,18.09142610773411,17.88453524774217,18.007136914064695,5373300
2016-05-09,17.907522201538086,17.9994727132933,17.77725775861234,17.930509098713372,5189800
2016-05-10,17.9228458404541,17.96115977061558,17.807906973023655,17.853882227690434,5374500
2016-05-11,17.792583465576172,17.96882464171567,17.7236198448101,17.899861020949597,6185400
2016-05-12,17.616334915161133,17.84621402292359,17.432432505867027,17.80023732445524,7674600
2016-05-13,17.486074447631836,17.624001650918085,17.447761985175326,17.5090628020218,4837700
2016-05-16,17.708293914794922,17.807907211494726,17.555041115150743,17.60101637043319,4654300
2016-05-17,17.585691452026367,17.861544432578874,17.55504030889445,17.77725671202,4017400
2016-05-18,18.022457122802734,18.114407614409185,17.547374711080366,17.624001095103548,10028100
2016-05-19,17.81557273864746,17.86921078831731,17.662319915424543,17.86154800100344,3868700
2016-05-20,18.321306228637695,18.405595433173435,17.953501182253742,18.00713923549382,8380600
2016-05-23,18.59715461730957,18.972622327818648,18.551177905513217,18.873007580453407,6840000
2016-05-24,18.750410079956055,18.827036488346927,18.58949593770969,18.627808411141533,7573600
2016-05-25,18.86534881591797,18.94197375625297,18.788722414055915,18.857686029579057,5151600
2016-05-26,18.99561309814453,19.095226396644215,18.842360295731282,19.003274422890858,8204700
2016-05-27,19.003273010253906,19.16418858697862,18.987948900373354,19.102887762875618,5381300
2016-05-31,18.94197654724121,19.041591322797647,18.79638796993145,19.026265747861693,7999900
2016-06-01,19.348094940185547,19.35575772742631,18.941975985588286,18.941975985588286,6126800
2016-06-02,19.294448852539062,19.34808687935043,19.210159689534564,19.317435743157297,4188200
2016-06-03,19.56264877319336,19.616286822830908,19.394070375444226,19.41705873737199,5041800
2016-06-06,19.51666831970215,19.669921113546163,19.486018637849522,19.616283074158847,7579500
2016-06-07,19.968765258789062,20.014741980316593,19.69291223725969,19.70823634957504,6624300
2016-06-08,20.175657272338867,20.3672225717198,20.145007584432086,20.3135845217375,6173600
2016-06-09,20.09902572631836,20.114351297120713,19.853822439588235,19.853822439588235,5760100
2016-06-10,19.815509796142578,19.899797511744758,19.570306511614667,19.846159475945136,6699400
2016-06-13,19.63927459716797,19.78486463946801,19.539661280769394,19.577973757493314,7414600
2016-06-14,19.593290328979492,19.700566383731147,19.455363137712148,19.570303438119357,7191500
2016-06-15,19.80018424987793,19.94577424831836,19.662257036779295,19.66991982212109,6926800
2016-06-16,19.815509796142578,19.85382226127749,19.44770340782385,19.547318155617603,4637700
2016-06-17,19.80784797668457,19.86914880080571,19.61628271861514,19.838497657981673,5813100
2016-06-20,20.206302642822266,20.413191996223144,20.137339037846363,20.167988716987416,10019300
2016-06-21,20.3748836517334,20.420858910504624,20.183318368404972,20.26760756075816,6095200
2016-06-22,20.336570739746094,20.627749321034422,20.321245166644843,20.382545997522758,8010400
2016-06-23,20.54345703125,20.54345703125,20.3212421009143,20.413192602595668,6708600
2016-06-24,19.677581787109375,20.07603783911015,19.547317364783233,19.608618183435134,9529800
2016-06-27,19.796037673950195,19.843738545693515,19.366726795493545,19.5893318745513,10314300
2016-06-28,20.08224868774414,20.169701561571035,19.947094935640568,20.05044709130397,14428100
2016-06-29,20.511558532714844,20.646712277621177,20.40820638255518,20.416156781241842,8758600
2016-06-30,20.85342788696289,21.004482500176856,20.535419372078923,20.726224481009304,9765900
2016-07-01,21.0919246673584,21.18732641503913,21.060123073875864,21.17142561829786,5939300
2016-07-05,20.877269744873047,20.909069823928487,20.765967193603707,20.797767272659147,5678400
2016-07-06,20.789812088012695,20.829564073160558,20.47180378874571,20.51155425751039,6062900
2016-07-07,20.91702651977539,21.091932314577367,20.86137522738712,20.8693256286403,5327900
2016-07-08,21.250934600830078,21.306585890102905,20.996527840506353,21.06807993139539,5780600
2016-07-11,21.624595642089844,21.7597494217173,21.568942836985922,21.592794039173317,6051600
2016-07-12,21.44173812866211,21.69614638706889,21.338385958359193,21.62459430132695,8538700
2016-07-13,21.37813377380371,21.47353704834182,21.274781616405726,21.40198497153414,10553300
2016-07-14,21.553037643432617,21.64843939326129,21.179376493517122,21.4655847757701,12145100
2016-07-15,21.47353744506836,21.672292880676487,21.441735847506916,21.616641601327593,5996500
2016-07-18,21.974397659301758,21.982348057673175,21.584837237402834,21.71204057857867,7767300
2016-07-19,21.680238723754883,21.878994117592644,21.616637058382132,21.767690065902844,4997300
2016-07-20,21.90285301208496,21.934654616346556,21.68819824885501,21.783600028871888,5805100
2016-07-21,21.847196578979492,22.117504086046726,21.799495700198097,21.99825113090144,6369300
2016-07-22,22.053903579711914,22.093655577793164,21.847197738840457,21.886949736921704,5116800
2016-07-25,22.14930534362793,22.197006221678834,21.855146643482957,21.855146643482957,7799700
2016-07-26,22.52297019958496,22.586571890458696,22.228811431553975,22.236761832461184,10178800
2016-07-27,22.340110778808594,22.65016876635792,22.212907424102017,22.65016876635792,7057700
2016-07-28,22.371910095214844,22.570665519703628,22.260607542743863,22.491164563014955,4746300
2016-07-29,22.085704803466797,22.340111521335764,21.99030152607411,22.340111521335764,7366600
2016-08-01,22.753530502319336,22.85688269599656,22.53887419654648,22.53887419654648,7328200
2016-08-02,22.387813568115234,22.650170699132843,22.30831108554365,22.650170699132843,6088500
2016-08-03,22.387813568115234,22.451415250895753,22.189058119878144,22.324211885334712,3872000
2016-08-04,22.578617095947266,22.60246829402765,22.356011979398183,22.43551294023221,3165000
2016-08-05,22.88867950439453,22.93638039021317,22.761474614905133,22.777375415639284,5573000
2016-08-08,23.127178192138672,23.166928665115808,22.82506913853242,22.8648211278929,8731700
2016-08-09,23.373638153076172,23.397489350460337,23.1669323248975,23.198733921409715,6660600
2016-08-10,23.230533599853516,23.4133897438698,23.198733520274743,23.389538546898052,8229100
2016-08-11,23.16693878173828,23.349794979880095,22.89663120158152,23.16693878173828,9134000
2016-08-12,23.24643325805664,23.27028445385896,23.1033291160097,23.190781984234714,3481800
2016-08-15,23.365684509277344,23.41338689742149,23.302082841468522,23.35773411125332,3187000
2016-08-16,23.119230270385742,23.21463353868544,23.039727799533246,23.18283194379104,5914400
2016-08-17,23.03972816467285,23.05562896237205,22.848923141433037,23.05562896237205,6996800
2016-08-18,23.182830810546875,23.21463240388672,22.928424129361833,22.984075401323132,4254200
2016-08-19,22.76942253112793,22.809174528626365,22.6660703703993,22.761472131628242,6241800
2016-08-22,22.578617095947266,22.642218774444665,22.43551294023221,22.49911461872961,6415400
2016-08-23,22.658119201660156,22.809173754258634,22.626317604741065,22.737621677574282,5501800
2016-08-24,22.570667266845703,22.73762262485935,22.530916785424374,22.71377142617635,5391500
2016-08-25,22.737625122070312,22.928430183338882,22.67402343498079,22.76147480698899,6388200
2016-08-26,22.76942253112793,22.97612836896884,22.602468690785454,22.737622449512834,5267500
2016-08-29,22.817121505737305,22.87277277750421,22.70581744582007,22.72171824243445,3143900
2016-08-30,22.753530502319336,22.809181800175082,22.68197840039505,22.729679296216528,5001800
2016-08-31,22.84893035888672,23.039735442397486,22.793279065744077,22.864831161608617,4674700
2016-09-01,23.023834228515625,23.079487037048427,22.761477053825494,22.809179461139323,6066600
2016-09-02,23.16693878173828,23.222590074761612,23.079487399723334,23.135138692746665,6050200
2016-09-06,23.4451904296875,23.62804506204843,23.29413587772762,23.461091228079823,6433000
2016-09-07,23.707550048828125,24.287915604170276,23.67574996505868,24.12891215255553,14429800
2016-09-08,23.683698654174805,23.787050814438988,23.56444417859905,23.77115001551107,6361600
2016-09-09,22.729673385620117,23.317989335713843,22.697871785752692,23.294138135813274,8325600
2016-09-12,23.047679901123047,23.087431897678105,22.419613519389326,22.697869913356634,5844500
2016-09-13,22.650169372558594,22.880726406874555,22.507065215587808,22.825073610865307,6857800
2016-09-14,22.753530502319336,22.86483309803083,22.54682459858075,22.67402799836078,5088700
2016-09-15,23.1987361907959,23.270288273564297,22.745574010851858,22.745574010851858,6305100
2016-09-16,22.98408317565918,23.230539541872805,22.872780594088628,23.15898744903918,7329300
2016-09-19,23.79500389099121,23.94605846503375,23.747303005224445,23.77910309027435,7696400
2016-09-20,23.771150588989258,24.04145811175047,23.763200189333496,23.97785643088805,5763300
2016-09-21,24.24816131591797,24.29586219227993,23.890400952244462,23.922202547408116,8097200
2016-09-22,24.3753662109375,24.605923241357146,24.256113254271717,24.454868687509226,5329000
2016-09-23,23.946054458618164,24.383315790486886,23.86655198471924,24.36741499243039,7959800
2016-09-26,23.72344970703125,23.906304349959612,23.620096027891787,23.866553868065164,4363300
2016-09-27,24.16866111755371,24.192512316169754,23.572394799605593,23.691647759918485,5707200
2016-09-28,24.11301040649414,24.248164169075483,23.954005444733607,24.224312969896292,4125100
2016-09-29,24.16866111755371,24.367416556869752,23.985806477315034,24.097109038089243,5985800
2016-09-30,24.319717407226562,24.391269491784485,24.03350906899488,24.081211469622676,5725700
2016-10-03,24.423067092895508,24.494619170179224,24.303814136217184,24.359465414908158,4198500
2016-10-04,24.16071128845215,24.58207337564868,24.136861605656673,24.502570894768468,5104800
2016-10-05,24.27202033996582,24.415123015202017,24.24816913590112,24.38332292616642,6205000
2016-10-06,24.462820053100586,24.49462013515523,24.152760533861677,24.407168772217204,4099900
2016-10-07,24.788780212402344,24.81262989615322,24.367418108326387,24.550272760207296,5753400
2016-10-10,24.868284225463867,25.027287686986277,24.77288093544334,24.796732137044433,7810500
2016-10-11,24.431015014648438,24.63772082624123,24.256110797016134,24.63772082624123,10157600
2016-10-12,24.923931121826172,24.971632000240778,24.407167309247797,24.566170742757674,9587000
2016-10-13,24.27202033996582,24.590028812241822,23.469047999728918,24.590028812241822,17323000
2016-10-14,24.3753662109375,24.86032995327978,24.303814133661305,24.69337460084079,9822900
2016-10-17,24.303815841674805,24.454870406138475,24.152761277211138,24.26406535878718,7598400
2016-10-18,24.534372329711914,24.62977409302364,24.39921856803389,24.57412281169452,5487500
2016-10-19,24.62977409362793,24.677476491668653,24.37536736961216,24.605924410991257,6733000
2016-10-20,24.693374633789062,24.764926711160726,24.486668800980212,24.590022475576447,7329800
2016-10-21,24.709280014038086,24.756980902336103,24.454873254603466,24.582076634320778,3817100
2016-10-24,24.971635818481445,24.971635818481445,24.70927867251052,24.756979558218738,3768900
2016-10-25,25.082937240600586,25.138590040489742,24.947783473637273,24.963684273605605,3214700
2016-10-26,24.8126277923584,24.987533545748406,24.70132523393467,24.79672851000046,4121500
2016-10-27,24.462820053100586,24.85238053566794,24.446919253881426,24.8285293368392,6243200
2016-10-28,24.462820053100586,24.725177174682013,24.454869653491006,24.59797381369609,5210800
2016-10-31,24.725177764892578,24.749027447906954,24.518471919260293,24.59002400107084,3212300
2016-11-01,24.41511344909668,24.804675380932213,24.232258838730395,24.741073711396837,5815800
2016-11-02,24.16071128845215,24.431018813614646,24.04145832532368,24.38331793164,5274700
2016-11-03,24.073261260986328,24.24816551552804,23.993758775691447,24.12891254577761,4890800
2016-11-04,24.04145622253418,24.208411569418217,23.866551993002698,24.017605025441156,4431900
2016-11-07,24.923931121826172,24.94778080284168,24.391266510981733,24.423066591130276,3981800
2016-11-08,24.915987014770508,25.043190400254737,24.653629842661296,24.804684431567804,4077100
2016-11-09,24.319717407226562,24.637725829493004,24.09711075344817,24.359467891365956,8996700
2016-11-10,23.405441284179688,24.287914415883463,23.34979000301808,24.287914415883463,10104300
2016-11-11,23.79500389099121,23.914256863600027,22.864828278428316,23.103334223645955,7506800
2016-11-14,22.93638038635254,23.53264676632851,22.904578784889587,23.278240020160176,8551400
2016-11-15,23.214637756347656,23.405442811229225,22.872778131040928,23.302089125428513,11135600
2016-11-16,23.739351272583008,23.77115135584825,23.12718412679385,23.12718412679385,8802600
2016-11-17,23.42929458618164,23.866557536142423,23.333892808419083,23.85065673438736,7065100
2016-11-18,23.42929458618164,23.508797078573046,23.206689427146397,23.397494499055426,5136600
2016-11-21,23.572397232055664,23.643949318903637,23.421342658000636,23.532646746644044,4477100
2016-11-22,23.779102325439453,23.969907378753245,23.66779975676902,23.826803209671958,8937500
2016-11-23,23.763198852539062,23.954003884392627,23.64394589717854,23.77114925174758,4017500
2016-11-25,23.580347061157227,23.699600030886884,23.5405965767086,23.651899146271777,2101800
2016-11-28,23.580347061157227,23.802953716667357,23.484945291927016,23.62009754560585,5435000
2016-11-29,23.492895126342773,23.651900103338924,23.16693628824612,23.516746327807347,9254600
2016-11-30,23.60420036315918,23.70755254175741,23.37364328695587,23.492896267302722,6403400
2016-12-01,22.697872161865234,23.469044291207805,22.530918308945978,23.453143491010607,12499600
2016-12-02,22.944332122802734,22.952282523631435,22.570670865773266,22.674024560162486,5195800
2016-12-05,23.071533203125,23.286189454947593,22.952280235351477,23.007931519220204,3953100
2016-12-06,23.461097717285156,23.54060021485311,23.214641339570107,23.302092722149247,4336200
2016-12-07,23.79500389099121,23.80295429134964,23.254388797688495,23.437243456780937,3911600
2016-12-08,23.882455825805664,24.065310477603475,23.73935165783042,24.065310477603475,4094600
2016-12-09,23.946054458618164,24.35151419437389,23.81884959054975,24.10505789003244,4387400
2016-12-12,23.771150588989258,23.826801870195915,23.556494347434704,23.826801870195915,3428000
2016-12-13,24.136859893798828,24.359465004815164,23.874502786969867,23.89835246807385,5857700
2016-12-14,23.747299194335938,24.160709331944886,23.731398396170782,24.057357176638543,6108400
2016-12-15,23.977853775024414,24.08120744271787,23.874501623714476,23.977853775024414,5073300
2016-12-16,23.437236785888672,23.914250056936464,23.365684719412336,23.89039886264989,6662100
2016-12-19,23.270286560058594,23.484942792557597,23.190784083238558,23.445190795955767,6157000
2016-12-20,23.302087783813477,23.500843227419765,23.166934021505856,23.333889382654657,5570800
2016-12-21,23.16693878173828,23.27824288416895,22.984084099980475,23.238490877449422,6267500
2016-12-22,22.84893035888672,23.055636245119388,22.658125275375948,23.047685843758437,7455900
2016-12-23,23.095378875732422,23.15898054859112,22.809172106060018,22.880724177573992,4853500
2016-12-27,23.1351375579834,23.2384897376168,23.055635064827893,23.055635064827893,3083000
2016-12-28,23.151037216186523,23.310040678258527,23.08743552808095,23.262339791275313,3663300
2016-12-29,23.158985137939453,23.182836338631798,22.90457839608961,23.047682567476095,5323900
2016-12-30,22.856876373291016,23.23848646706952,22.75352420820323,23.214636783948187,4862800
2017-01-03,23.302087783813477,23.46109274525198,23.103332340207192,23.254386901935405,6280300
2017-01-04,23.29413604736328,23.42133940266101,23.214635087589905,23.365688124266207,4391800
2017-01-05,23.691648483276367,23.779101364488326,23.469043354931326,23.476993754712748,4775700
2017-01-06,23.556495666503906,23.73140143595735,23.421341897555234,23.64394855123063,4878700
2017-01-09,23.882455825805664,23.961956793450792,23.628047573636476,23.683700373925326,8371700
2017-01-10,23.906307220458984,24.089161885343234,23.771153442852395,23.882457535012087,7582000
2017-01-11,23.985803604125977,24.009654799884956,23.628043249658703,23.67574564117666,7467300
2017-01-12,23.28618812561035,23.739350287110348,23.039730287713006,23.3100378079733,13032200
2017-01-13,23.405441284179688,23.572395127664514,23.230535524661853,23.45314216569197,9811100
2017-01-17,23.54854393005371,23.57239361108359,23.421339060232157,23.540593530915892,7679800
2017-01-18,23.4451904296875,23.596244981647377,23.405439950090287,23.49289130848087,7692800
2017-01-19,23.556495666503906,23.60419806710963,23.365690613232328,23.445193097858095,8493200
2017-01-20,23.906307220458984,24.057361799286085,23.508796288249467,23.548548291300737,7399400
2017-01-23,24.11301040649414,24.240213769349086,24.01760712616108,24.097109607041347,6959800
2017-01-24,24.502567291259766,24.566168963333514,24.256111001521923,24.27201179863623,7213600
2017-01-25,24.892131805419922,24.908032605142502,24.5979745924708,24.725177957483993,8025800
2017-01-26,24.733131408691406,25.00343897178844,24.65362891665394,24.85238438855565,8308700
2017-01-27,24.84442901611328,24.923931492241564,24.645673583984376,24.780827338487377,5982200
2017-01-30,24.79672622680664,24.80467662544538,24.597970809988595,24.701322959525246,7253100
2017-01-31,24.574125289916992,24.772880752641253,24.431021114134108,24.67747897970856,6263100
2017-02-01,24.709280014038086,24.892134682833735,24.51847494446212,24.836483393755397,5036900
2017-02-02,24.470773696899414,24.558225071431224,24.343570319049626,24.41512089225424,5794800
2017-02-03,24.62181854248047,24.70927140420754,24.486664809076526,24.61386814447043,5249100
2017-02-06,24.542325973510742,24.60592766292031,24.407172193967426,24.60592766292031,3523700
2017-02-07,24.26406478881836,24.621823675554296,24.248163989483334,24.574122793932908,6209500
2017-02-08,24.11301040649414,24.407169130836014,24.08121032397225,24.399218731109617,7776600
2017-02-09,24.017606735229492,24.248163774391145,23.98580665322521,24.113010014009685,8547000
2017-02-10,24.41511344909668,24.49461591511176,24.128906694379186,24.200458762154412,6749400
2017-02-13,25.194238662719727,25.281690020540534,24.59797237434487,24.59797237434487,10203800
2017-02-14,24.908035278320312,25.019337855556135,24.733131011752036,25.019337855556135,5208600
2017-02-15,25.241943359375,25.281693844726,25.043187899852363,25.043187899852363,4577200
2017-02-16,25.695100784301758,25.83025604867284,25.146535393483646,25.21808746691138,13197100
2017-02-17,25.711002349853516,25.74280394627489,25.456595644016826,25.52019580409242,7518200
2017-02-21,25.70305824279785,25.81436081818569,25.575851833477213,25.75075761352537,5475400
2017-02-22,25.496347427368164,25.599701104640882,25.36914406794302,25.599701104640882,5296200
2017-02-23,25.241943359375,25.559953307718274,25.226042558681073,25.559953307718274,5291200
2017-02-24,25.377098083496094,25.377098083496094,25.01933763639498,25.1306417290397,3687100
2017-02-27,25.06703758239746,25.297593112957685,25.027285583070718,25.297593112957685,5841900
2017-02-28,25.019332885742188,25.186288234815972,24.96368160817879,25.114736158982005,6040800
2017-03-01,25.106786727905273,25.122687526788937,24.852380011301214,24.979583369603244,4910300
2017-03-02,24.542325973510742,24.83648321838603,24.478724284101173,24.796732731149007,8561100
2017-03-03,24.526426315307617,24.582077606587063,24.279969946905513,24.542327117497162,6120700
2017-03-06,24.526426315307617,24.59797840877661,24.415122216364765,24.486674309833756,5467400
2017-03-07,24.892131805419922,24.96368388778781,24.613873875809656,24.653625875116106,7014000
2017-03-08,24.820579528808594,25.059086973629597,24.804680245594163,25.01933497463424,4528500
2017-03-09,24.62977409362793,24.69337577463187,24.423068251269196,24.558222012950534,6120700
2017-03-10,24.693374633789062,24.70927543240135,24.502569599592498,24.54232159612321,5655300
2017-03-13,25.043184280395508,25.098835558397234,24.836478450400815,24.860329647994526,3965700
2017-03-14,24.8126277923584,25.019333626847917,24.804678909371244,24.947781548894483,5967200
2017-03-15,25.369144439697266,25.464546202472295,24.915982275556683,24.94778235768713,4571400
2017-03-16,25.76665687561035,25.81435927625626,25.599703022500993,25.639453506655478,6489000
2017-03-17,25.90975570678711,26.044907931621463,25.79050124612522,25.91770458887334,6199800
2017-03-20,26.116458892822266,26.323166211492566,26.005156351738314,26.07670841854468,5126700
2017-03-21,25.822303771972656,26.657075928433414,25.790502176946127,26.42652194640863,9159900
2017-03-22,25.989261627197266,26.11646499426341,25.82230777656686,25.893859860089535,6713500
2017-03-23,25.885913848876953,25.965414824827192,25.73485774869653,25.814361757414602,5909900
2017-03-24,26.08466339111328,26.31521738205914,25.925658442595104,26.02106019859915,5899900
2017-03-27,26.370872497558594,26.442424583168236,26.060814470839336,26.116465756005994,5661500
2017-03-28,26.51396942138672,26.577572605773216,26.33906672985736,26.52192133581841,4527000
2017-03-29,26.180063247680664,26.211864841630433,26.052859904648507,26.195964044655547,4083900
2017-03-30,26.291370391845703,26.35497359086883,26.060813344538047,26.108515743805395,3890600
2017-03-31,26.10851287841797,26.18801383570426,25.893856654424436,25.99721032511031,4853500
2017-04-03,26.14826202392578,26.235714892142305,26.00515788189274,26.188012500542303,4283100
2017-04-04,26.124414443969727,26.195966520736455,26.052862367203,26.076712048536173,3756600
2017-04-05,26.156217575073242,26.498077180480212,26.132364859573823,26.28342093758974,5112900
2017-04-06,26.124414443969727,26.188014605113924,26.0210607702473,26.140315242447578,3990800
2017-04-07,26.132366180419922,26.267521465856703,26.05286521211655,26.124417296696603,3366300
2017-04-10,25.85410499572754,26.13236136629628,25.77460100930291,26.13236136629628,4937100
2017-04-11,25.758703231811523,25.98925721040937,25.424792554530224,25.98925721040937,6293800
2017-04-12,25.663301467895508,25.949509787023572,25.456597144507093,25.814357543417174,6136500
2017-04-13,25.3055419921875,25.798456139533357,25.297591592799897,25.520196710118206,8781700
2017-04-17,25.464548110961914,25.496349711859477,25.257843770662937,25.4725000275701,6918900
2017-04-18,25.273744583129883,25.329395868343287,25.146539695862945,25.24989338244537,5468600
2017-04-19,25.130638122558594,25.400945640158035,25.035234844894934,25.377094441646207,4739200
2017-04-20,25.273744583129883,25.33734626857146,25.154490096091113,25.257843782673543,4237700
2017-04-21,25.504302978515625,25.552002349619304,25.400949286511405,25.51225186277699,4530400
2017-04-24,25.997215270996094,26.076716243407187,25.83026140927218,25.90181349754924,5717000
2017-04-25,26.291370391845703,26.378823274118776,26.0369636612881,26.044912544782267,5614300
2017-04-26,26.2357177734375,26.323170651258394,26.092613615688276,26.28342017027634,6027700
2017-04-27,26.251619338989258,26.47422446520315,26.243667422900256,26.32317141995335,5625600
2017-04-28,26.291370391845703,26.43447455688029,26.267520708595757,26.35497359086883,5250500
2017-05-01,26.553726196289062,26.561675078932357,26.34701885435781,26.362919652411534,4015100
2017-05-02,26.975082397460938,27.022784783960446,26.688874143997165,26.688874143997165,5989300
2017-05-03,27.261293411254883,27.261293411254883,26.9035330582003,26.93533465242003,6660700
2017-05-04,27.142044067382812,27.18179455126959,27.006891815614257,27.18179455126959,5697300
2017-05-05,27.364641189575195,27.380541985026834,27.054583260184845,27.157936914237172,5249800
2017-05-08,27.809865951538086,27.905267731232613,27.53160949710909,27.58726078799489,6906900
2017-05-09,28.151723861694336,28.191474348028404,27.92911871200939,27.92911871200939,7297900
2017-05-10,28.151723861694336,28.326629640885486,27.889368225675323,28.040421286851863,9936700
2017-05-11,28.270971298217773,28.461774798111847,28.11991524197077,28.318670656807818,6648900
2017-05-12,28.119918823242188,28.239173300439102,28.02451706114506,28.223272501295025,4905000
2017-05-15,27.873462677001953,28.13581826833489,27.730358524359556,28.11196858715022,9784700
2017-05-16,27.84961700439453,27.84961700439453,27.666762325956647,27.83371620199542,6046200
2017-05-17,27.364641189575195,27.674702151732177,27.340791512781056,27.66675023762304,8128100
2017-05-18,27.746265411376953,27.81781750339954,27.3567033475278,27.380553033946047,8303700
2017-05-19,27.984771728515625,28.008621415236114,27.77806433437838,27.889369948865763,7283300
2017-05-22,28.14377212524414,28.23122197320922,28.032466528914465,28.13582020912261,5914200
2017-05-23,28.14377212524414,28.21532420650095,28.0642681278658,28.13582020912261,6612800
2017-05-24,28.239166259765625,28.29481752651109,28.096062135915414,28.15966228386741,7812500
2017-05-25,28.27892303466797,28.453828787863742,28.215322872539577,28.350475112541943,4514900
2017-05-26,28.231218338012695,28.2868726453949,28.088117226692916,28.263019932869096,3109800
2017-05-30,28.445880889892578,28.469733607731097,28.207374940881177,28.36637991781134,4219300
2017-05-31,28.111968994140625,28.111968994140625,27.905261644990254,28.080167396922533,7663100
2017-06-01,28.533329010009766,28.557178691094556,28.24712070592358,28.382275975194137,6016100
2017-06-02,28.763885498046875,28.803635976699955,28.50152687995574,28.549229273999707,5779200
2017-06-05,28.93083953857422,29.15344464686501,28.859287463371157,29.06599480629873,4819600
2017-06-06,28.962636947631836,29.08189139998506,28.811583936382227,28.92288647443633,5028000
2017-06-07,28.986494064331055,29.185249514085548,28.92289389744871,29.089847747378286,6537700
2017-06-08,29.28065299987793,29.33630428069098,29.05009596064251,29.217049803081668,7593900
2017-06-09,28.453828811645508,29.177298473968264,27.984765863583462,29.08189671431231,12040100
2017-06-12,28.016565322875977,28.453826640092498,27.833707667737208,28.453826640092498,11057000
2017-06-13,28.270971298217773,28.294820977512796,28.024513492023733,28.191467312622784,4969400
2017-06-14,28.342525482177734,28.437927239238228,28.11991733868035,28.199421330203407,7016400
2017-06-15,28.175575256347656,28.199427975809403,27.833715594152245,27.91321960441158,4623300
2017-06-16,28.51743507385254,28.581038282406396,28.398183606965915,28.51743507385254,7432400
2017-06-19,28.78774070739746,28.906995199026753,28.67643813268623,28.724140535891486,4523700
2017-06-20,28.72413444519043,29.209098160257945,28.716182529958502,29.034192418360266,4987400
2017-06-21,29.185256958007812,29.24090825551196,28.787745957110616,28.787745957110616,6329400
2017-06-22,29.185256958007812,29.352210850520255,29.121656774903755,29.19320887637598,6273400
2017-06-23,29.20114517211914,29.240895648517085,29.050092148700166,29.193196289946332,5558600
2017-06-26,29.660043716430664,29.980204209217423,29.487646955129325,29.91452865603925,10127200
2017-06-27,28.806283950805664,29.380932587321198,28.70777374018627,29.380932587321198,8081100
2017-06-28,29.01972770690918,29.052565492672603,28.527173446792254,28.95405526696594,8306200
2017-06-29,28.57642364501953,28.921210922595527,28.346562328385964,28.921210922595527,7332200
2017-06-30,28.699562072753906,28.80628329190733,28.48612276603012,28.60105186438778,5177500
2017-07-03,28.63389015197754,28.8719562321174,28.592844492062607,28.7652381426552,4470600
2017-07-05,28.584632873535156,28.79807531108887,28.428658116540557,28.79807531108887,9222200
2017-07-06,28.321941375732422,28.436870491855938,28.165966594076725,28.321941375732422,6493700
2017-07-07,28.428659439086914,28.461494088898576,28.305519324647786,28.362983876297193,7937800
2017-07-10,28.732410430908203,28.8637584676147,28.362993099051113,28.41224978716013,7779700
2017-07-11,29.044347763061523,29.085393415555384,28.773440819753453,29.085393415555384,9300800
2017-07-12,29.298837661743164,29.38913999151045,29.142862903152537,29.266003013123036,9211200
2017-07-13,29.676467895507812,29.684675775327037,29.11002710889939,29.11002710889939,9943900
2017-07-14,29.758556365966797,29.84064768261902,29.536906053106186,29.660046159667523,7196600
2017-07-17,29.479440689086914,29.6025807922395,29.257790382362,29.57795089265924,4649800
2017-07-18,29.446609497070312,29.58616852063082,29.32347249795839,29.454820509294606,6185300
2017-07-19,29.889894485473633,29.898102361796393,29.60257184044759,29.60257184044759,7033800
2017-07-20,29.635417938232422,29.889906044803705,29.619002179238432,29.889906044803705,6996600
2017-07-21,29.43018913269043,29.602585933361024,29.307052139735383,29.602585933361024,5023500
2017-07-24,29.73393440246582,29.73393440246582,29.561537599103016,29.643632060605185,6842100
2017-07-25,29.635417938232422,29.758558051769565,29.528699846855616,29.561534496426773,5276300
2017-07-26,29.73393440246582,29.75856117512472,29.50407304184325,29.63542104866322,4342200
2017-07-27,29.701091766357422,30.054090064197695,29.520487112136916,29.996625516324443,7243100
2017-07-28,29.438405990600586,29.610799693922942,29.30705795974773,29.594380798618324,3678400
2017-07-31,29.520490646362305,29.881699998047697,29.430188308440954,29.577955201115277,7757600
2017-08-01,29.421981811523438,29.545121938401792,29.315260577001098,29.512284153689762,5437300
2017-08-02,29.61079216003418,29.939163719410608,29.438398500574028,29.881699166257224,6064600
2017-08-03,29.38093376159668,29.643629754803055,29.266004656016797,29.643629754803055,3919800
2017-08-04,29.57794761657715,29.618996400803347,29.356297334402434,29.495856311289874,4071400
2017-08-07,30.201860427856445,30.226487199337384,29.766767631665264,29.766767631665264,4860200
2017-08-08,30.127975463867188,30.341414779642605,30.078718791803695,30.136183343419507,3301200
2017-08-09,29.930953979492188,29.939164991196197,29.57795563422166,29.717514648939115,3153700
2017-08-10,29.011520385742188,29.57795810895866,29.011520385742188,29.553331334952976,5605400
2017-08-11,29.668254852294922,29.71751152258683,29.08539834596459,29.159281785610908,4291100
2017-08-14,29.59436798095703,29.63541363564919,29.43018223060568,29.577949092763625,3875600
2017-08-15,29.898117065429688,29.955584754278966,29.627213171402953,29.709304501330205,3820400
2017-08-16,29.832447052001953,29.914538388599983,29.668261247222137,29.717517928131212,3232000
2017-08-17,29.38093376159668,29.83244230419618,29.364514870573373,29.799604522149572,3324000
2017-08-18,29.438405990600586,29.63542647108783,29.233174496668994,29.553335126148824,3692800
2017-08-21,29.536907196044922,29.56153396567693,29.249584445061096,29.479442645848156,3588100
2017-08-22,29.980201721191406,30.10333867580737,29.83243487038627,29.939156069652753,3202300
2017-08-23,30.02945899963379,30.04587475532091,29.857062249093616,29.939156685441922,2956400
2017-08-24,30.234697341918945,30.316788665551616,30.029465901254003,30.193648548519345,4544500
2017-08-25,30.251110076904297,30.423506849830073,30.169018761479027,30.316785634510868,2975200
2017-08-28,30.18543815612793,30.267529472927247,30.021252390946287,30.03767128062275,2199900
2017-08-29,30.27574348449707,30.34962692957301,29.963790812889417,29.980209704193324,2997700
2017-08-30,30.31678009033203,30.439920172533647,30.210058894529453,30.275734440125618,2838900
2017-08-31,30.34962272644043,30.35783060516402,30.12797242190907,30.33320383741038,4288600
2017-09-01,30.554853439331055,30.57127232798355,30.30036536259156,30.374248795736392,4100000
2017-09-05,30.251110076904297,30.70262170649211,30.08692744605376,30.57948160177126,7123000
2017-09-06,30.59590721130371,30.67799854475964,30.374256853072335,30.423513532096074,4187700
2017-09-07,30.817550659179688,30.817550659179688,30.522016914473358,30.571273582452058,3597500
2017-09-08,30.784717559814453,30.932484454628238,30.661577436941833,30.842182115399435,5581800
2017-09-11,31.06382942199707,31.096667202431917,30.661574440628,30.694412221062844,6920100
2017-09-12,31.080244064331055,31.14591648464188,30.907850437984635,31.07203305455303,3524500
2017-09-13,30.809337615966797,31.022780031542258,30.776502971063653,30.924266702084633,4983400
2017-09-14,30.68621063232422,30.973533441071627,30.677999619740724,30.784720862239936,5799000
2017-09-15,30.907859802246094,30.924275563610333,30.702628337773238,30.801138563876794,7245600
2017-09-18,31.252639770507812,31.293685427381455,31.055619364881167,31.08845401143035,6179600
2017-09-19,31.441452026367188,31.548173238585033,31.301896167883196,31.342941824403024,6559400
2017-09-20,31.04741096496582,31.515338382150187,30.735458309648525,31.490711612272,7961100
2017-09-21,31.39220428466797,31.466087732672136,30.92427369291927,31.02278704464712,8458000
2017-09-22,31.00638198852539,31.0556386863689,30.85861502657969,30.94891740683371,4529900
2017-09-25,30.431718826293945,30.78471716700224,30.25932516173874,30.78471716700224,5895000
2017-09-26,30.489179611206055,30.636946485863188,30.316785967967057,30.448133953041957,5995400
2017-09-27,30.579486846923828,30.669789188330515,30.38246327189255,30.61232463135962,4802700
2017-09-28,30.41529083251953,30.45633648347543,30.20185156859941,30.341407408165946,7618700
2017-09-29,30.825756072998047,30.866801727239853,30.58768689417982,30.58768689417982,3818500
2017-10-02,31.301908493041992,31.342954165723597,31.00637463919988,31.05563132536826,5096200
2017-10-03,31.556379318237305,31.581009216011346,31.400404579720874,31.490706897866108,3727100
2017-10-04,31.41682243347168,31.474286973748253,31.30189335291853,31.400403546023718,2717200
2017-10-05,31.57279396057129,31.892954404337132,31.515329426130354,31.73697968679492,4456400
2017-10-06,31.57279396057129,31.589212846351877,31.36756258568731,31.531748311910945,3086100
2017-10-09,31.827293395996094,31.860131179322515,31.605643055917835,31.6877343826505,1963500
2017-10-10,31.99147605895996,32.14745081716363,31.868335949294963,32.10640515780299,4112000
2017-10-11,33.12435531616211,33.15719310027626,32.574336524375624,32.67284674513463,9015400
2017-10-12,33.19823455810547,33.378839216265575,33.09972434982862,33.239283348838626,5524100
2017-10-13,33.51019287109375,33.543030656599946,33.3542180873147,33.41168264615875,3913100
2017-10-16,33.567657470703125,33.59228424407089,33.37063702059386,33.55944959010841,2707000
2017-10-17,33.86318588256836,33.86318588256836,33.280329374108945,33.518398584014825,7582200
2017-10-18,34.068416595458984,34.24902125180654,33.60048919636125,33.98632527798266,6653200
2017-10-19,33.71542739868164,33.89603210380348,33.247499873214956,33.67438172885864,5710500
2017-10-20,33.756473541259766,33.756473541259766,33.51840740031874,33.67438220046409,5251600
2017-10-23,33.83034896850586,34.05199929392999,33.74825764720056,33.96169696154425,5092400
2017-10-24,33.92064666748047,33.96990333248531,33.63332395057575,33.87139000247563,4251600
2017-10-25,33.789306640625,33.99453809571421,33.41168151484088,33.904235754421606,3360000
2017-10-26,33.8221435546875,33.93707266552668,33.71542232394395,33.805724662912844,3651500
2017-10-27,34.60200881958008,34.62663558086667,34.002730487895306,34.05198714205054,4822800
2017-10-30,34.585601806640625,35.02069144048922,34.544556146546384,34.77441434834064,5200800
2017-10-31,34.749794006347656,34.90576879619003,34.56097829813885,34.6266538717043,3704500
2017-11-01,34.56097412109375,34.889345686066534,34.36395368737675,34.87292679465956,4235700
2017-11-02,34.60200881958008,34.6758922350219,34.43782310397803,34.55275216542485,3255800
2017-11-03,34.634849548339844,34.66768732355153,34.14229544649491,34.396783507011605,6140900
2017-11-06,34.83187484741211,34.872920502732235,34.544552128588464,34.63485131765963,5650500
2017-11-07,34.89756393432617,35.0617497655935,34.69233242813808,35.00428519438757,2761600
2017-11-08,34.83187484741211,34.92217716806604,34.651270206104236,34.82366383739843,2378400
2017-11-09,34.183349609375,34.65948807372735,33.89602683370264,34.59381250695459,4680100
2017-11-10,34.24903106689453,34.33112240789659,34.142309818324705,34.30649563191276,5333900
2017-11-13,34.487091064453125,34.487091064453125,34.076628169400166,34.249024965325766,2222000
2017-11-14,34.36395263671875,34.38857940728459,34.076626743256554,34.29827707309885,2799400
2017-11-15,34.10124969482422,34.19155201060437,33.88780728814703,33.97810960392718,3417300
2017-11-16,34.56097412109375,34.675906360942555,34.273651350430065,34.273651350430065,3304500
2017-11-17,34.53634262084961,34.823665352171325,34.45425130663852,34.67590161290794,3702000
2017-11-20,34.651275634765625,34.70874018753307,34.44604419442953,34.536346529230734,4455300
2017-11-21,34.95502471923828,35.19309083929725,34.93039481389287,34.987859373726096,3668500
2017-11-22,34.815460205078125,35.086367200079884,34.71694999397892,34.96322708751851,2768600
2017-11-24,35.29159927368164,35.31622604400752,34.97964661269323,35.028900153345,1499700
2017-11-27,33.73184585571289,34.216192269147705,33.70721908045507,34.20798125633921,8188400
2017-11-28,33.60049057006836,33.838559784699065,33.50198035875271,33.68258189090087,4864800
2017-11-29,32.35268783569336,33.58407661877976,32.213131943437034,33.55944984522479,11796100
2017-11-30,32.508663177490234,32.623595429743176,32.15566480310109,32.508663177490234,9357100
2017-12-01,32.59075164794922,32.82882085787358,32.016103018732274,32.79598307755648,7192200
2017-12-04,32.336273193359375,32.94375978409883,32.262389731398954,32.878084203874444,7109000
2017-12-05,32.18029022216797,32.4429862132401,31.958639892529007,32.18029022216797,4504000
2017-12-06,31.753398895263672,32.08997822823053,31.622050939266416,31.983257035363295,8622000
2017-12-07,32.0243034362793,32.04072232261221,31.69593510436816,31.810864177116176,11285400
2017-12-08,32.0161018371582,32.467610339314355,31.975056179068186,32.3280544754917,5071600
2017-12-11,32.31985092163086,32.4922477359164,32.16387613226972,32.17208401314822,5272500
2017-12-12,32.26238250732422,32.32805807284277,32.08178096531485,32.19671007338899,5488100
2017-12-13,32.254173278808594,32.41835905415669,32.19670872717424,32.40194016346356,4227100
2017-12-14,32.3444709777832,32.54970238466867,32.27879542442013,32.42656228790429,4737600
2017-12-15,32.426570892333984,32.525081116935645,32.2213394309901,32.34447956042986,7156400
2017-12-18,32.3444709777832,32.40193552118451,32.18028522595828,32.32805208944244,5746900
2017-12-19,32.295223236083984,32.352687795363025,32.11461854601636,32.18850199817278,4454900
2017-12-20,32.377315521240234,32.51687454901122,32.15566515825128,32.32806197274294,6330100
2017-12-21,32.20491027832031,32.55790852989885,32.18028351291149,32.47581722414771,3563100
2017-12-22,32.53329086303711,32.53329086303711,32.26238384144546,32.50866095915749,2523600
2017-12-26,31.975055694580078,32.27058943888302,31.86012660103625,32.27058943888302,2861500
2017-12-27,32.081787109375,32.10641388536913,31.917601295718324,32.01611153127876,3092900
2017-12-28,32.62358474731445,32.74672170846081,32.34446991783368,32.43476910337462,4279500
2017-12-29,32.54970169067383,33.01762903786936,32.54970169067383,32.713884307415455,3870900
2018-01-02,33.67436981201172,33.698996578873704,33.18181255369265,33.25569598586137,4984000
2018-01-03,34.240814208984375,34.32290866755695,34.01916386821349,34.142303990280666,6963200
2018-01-04,34.060211181640625,34.47888194160635,34.02737339964006,34.413206377605235,4876600
2018-01-05,34.85650634765625,34.946808680572865,34.306487602194224,34.38857892398214,5330800
2018-01-08,34.840091705322266,34.87292949067489,34.63486024424373,34.807257051553215,3538200
2018-01-09,34.626644134521484,34.889340091744465,34.58559847837717,34.88113221314873,5729900
2018-01-10,33.904232025146484,34.02737213728869,33.428096730135124,33.94527768533284,7102700
2018-01-11,33.68258285522461,33.986327640483985,33.61691042299505,33.83856075348841,5701800
2018-01-12,33.81393051147461,33.904232845018164,33.46093218848611,33.69079352793785,5028000
2018-01-16,34.66769027709961,34.76620047954474,34.32290300275019,34.487085629631125,9081600
2018-01-17,35.40652847290039,35.521457576842394,34.88934437357817,35.02069236830948,7117700
2018-01-18,36.588661193847656,36.81851940655871,35.71027087346383,36.00580465071134,11866200
2018-01-19,36.670753479003906,37.38496116993114,36.59687316433905,36.999125047125624,6543700
2018-01-22,38.07453918457031,38.09095807623256,37.71332983116765,37.762586506154385,8335800
2018-01-23,37.99243927001953,38.23050846755701,37.81183775083845,38.15662503147927,5659600
2018-01-24,37.212562561035156,37.49167428579158,37.1468870035045,37.467047517509066,7400600
2018-01-25,37.023738861083984,37.58196845257127,36.97448533521187,37.52450391799895,7655700
2018-01-26,37.53273391723633,37.54915281136197,36.96629303044525,37.35212921343815,7057300
2018-01-29,37.270042419433594,37.50810858432764,37.10585658973877,37.32750699008915,11604400
2018-01-30,36.84314727783203,36.966284257174244,36.44910330708737,36.588659176658496,10224600
2018-01-31,37.196144104003906,37.59839593801443,37.04016621884707,37.294654309861976,6333300
2018-02-01,37.31106948852539,37.705113404349554,37.18792939476292,37.212559292465016,6706500
2018-02-02,36.53940200805664,37.204352961142604,36.49014846962417,36.94986486343693,12051800
2018-02-05,35.258758544921875,36.78568080915572,35.14382945089704,36.161775539330975,11748300
2018-02-06,35.78415298461914,35.874455316700875,34.560972259155676,34.70053126280467,13414100
2018-02-07,34.380367279052734,35.29159525638232,34.380367279052734,35.29159525638232,15239500
2018-02-08,33.132568359375,34.57739650156358,33.132568359375,34.56918862082353,11356000
2018-02-09,34.04379653930664,34.21619021894942,32.80419673254114,33.4445210351315,10588400
2018-02-12,34.91396713256836,35.12740955672302,34.44603975937609,34.503504304744766,6573300
2018-02-13,34.790836334228516,35.02069455647454,34.38037343359868,34.922184337166726,5831900
2018-02-14,35.340858459472656,35.37369624620795,34.41321133949468,34.618442809214706,6860100
2018-02-15,35.7266845703125,35.915497093528536,35.09457144567646,35.7266845703125,6116500
2018-02-16,35.6938591003418,36.08790317139035,35.554303195246725,35.587137852479515,4792100
2018-02-20,35.907291412353516,36.25207870239147,35.29980501787038,35.36548057687743,9291700
2018-02-21,35.20949935913086,35.97296043665611,35.19308047093236,35.841612462650836,6612600
2018-02-22,34.79904556274414,35.08637148326843,34.62665188937969,35.028903793896745,7984000
2018-02-23,36.03864669799805,36.03864669799805,35.39011451357428,35.619972753488064,7204900
2018-02-26,36.457313537597656,36.457313537597656,35.95654831386148,36.21103643144735,3897600
2018-02-27,35.808773040771484,36.36700268753784,35.80056516284076,36.16177129186146,5999100
2018-02-28,35.58712387084961,36.04684333891488,35.53787033855943,35.84981981500614,6400100
2018-03-01,35.0699462890625,35.75952399019293,34.733366883247825,35.5871272162231,7792400
2018-03-02,35.30801773071289,35.34085551471199,34.60202416423289,34.7990446050606,4819600
2018-03-05,35.70206069946289,35.923707886572124,35.19308450176214,35.34085138089034,5977200
2018-03-06,35.74311065673828,36.44910735711263,35.65280831623689,36.399850680952746,8632000
2018-03-07,36.284912109375,36.350584528885165,35.44756762243758,35.554288827172066,4482900
2018-03-08,35.956546783447266,36.44089309528047,35.78415312963795,36.36700965342174,7092400
2018-03-09,36.60508728027344,36.61329516166224,35.72669678722848,36.16178652726461,8336200
2018-03-12,37.122257232666016,37.22897530764723,36.73642119233835,36.76925896844766,5176100
2018-03-13,36.933448791503906,37.55735094848938,36.86777323204068,37.35211952254135,5842300
2018-03-14,37.064796447753906,37.31107353037498,36.80210047541369,37.29465464065584,4300500
2018-03-15,37.196144104003906,37.475258963587585,36.85135368612619,37.02374732927356,3942200
2018-03-16,36.917022705078125,37.36853112783067,36.88418493174787,36.941649469284606,8125600
2018-03-19,36.61328125,36.83493154228569,36.27670187243641,36.71179457873767,5116500
2018-03-20,36.80209732055664,36.867769742220425,36.54760924910046,36.69537611232241,6404200
2018-03-21,36.695377349853516,36.81851431896937,36.325960179340264,36.58865613802017,7036400
2018-03-22,35.86624526977539,36.42447503621093,35.86624526977539,36.20282470557477,6318500
2018-03-23,34.95502471923828,35.874460808153614,34.95502471923828,35.81699624832038,5923500
2018-03-26,36.34238052368164,36.35058840265161,35.44757139997238,35.964755459403634,5395200
2018-03-27,35.537872314453125,36.810306451879995,35.40652433507195,36.71179625023983,6995000
2018-03-28,35.045318603515625,35.43936258169203,34.84008716915813,35.28338781895028,8563100
2018-03-29,35.9237174987793,36.05506552297363,35.26697737780767,35.29981516675223,7758900
2018-04-02,34.889339447021484,35.784148513396644,34.82366389313795,35.57891710488475,6361200
2018-04-03,35.6938591003418,36.35059921875605,35.32444180511381,36.342391337343834,6174500
2018-04-04,36.071475982666016,36.071475982666016,34.766203927385455,34.78262281801842,5497100
2018-04-05,35.56250762939453,36.3095500288479,35.41474072562717,36.14536423226377,6115100
2018-04-06,34.82367706298828,35.43937152137139,34.69232903712991,35.20130537746706,5133100
2018-04-09,35.35727310180664,36.15357211068747,35.22592510224125,35.37369199320023,6696400
2018-04-10,35.77593994140625,36.30133183595829,35.3244283461668,36.01400599066203,5682300
2018-04-11,35.61176300048828,35.94834246191684,35.50504176688894,35.50504176688894,4788000
2018-04-12,35.997589111328125,35.997589111328125,35.340849206489196,35.570710521869984,7574700
2018-04-13,35.01248550415039,35.907294722828816,34.93860205924728,35.866245928873404,5749900
2018-04-16,35.19308853149414,35.30801764362407,35.0371137552583,35.14383498720042,5206900
2018-04-17,34.73336410522461,34.77440975990293,34.29006351890021,34.55275946674073,9831100
2018-04-18,34.4132080078125,34.692322904872846,33.830351441816404,34.560974902231706,8947400
2018-04-19,32.45119094848633,32.90270257525093,32.106403667956556,32.779562471300046,27527000
2018-04-20,31.975055694580078,32.45940196850258,31.868334479896696,32.31984297521156,15313300
2018-04-23,31.810876846313477,32.08178388132609,31.63027215630507,31.983270524094078,11178300
2018-04-24,31.810876846313477,32.18850198761868,31.44145958565247,32.04894609558208,13004000
2018-04-25,31.334732055664062,31.597431157281672,31.211595081225756,31.490709940835423,12359200
2018-04-26,31.334732055664062,31.65489570500281,31.260851749950866,31.260851749950866,7685800
2018-04-27,31.334732055664062,31.802662579595165,31.18696831265469,31.802662579595165,8276100
2018-04-30,31.564592361450195,31.884752868893738,31.507127815579963,31.761612766838738,7968000
2018-05-01,31.958635330200195,31.9668432086818,31.408613524449088,31.47428907863307,5507000
2018-05-02,30.989952087402344,31.68773783541235,30.90786075172483,31.68773783541235,11522200
2018-05-03,31.277271270751953,31.35115471693667,30.620531266656336,30.825762713660176,7021400
2018-05-04,31.67951011657715,31.736974641883517,31.145907374067427,31.195164023579355,9474000
2018-05-07,31.564592361450195,31.728778120329235,31.392198723839503,31.564592361450195,4590100
2018-05-08,32.163875579833984,32.328061378837326,31.966851994713245,31.999689780830643,8116600
2018-05-09,32.303428649902344,32.39373098804028,32.14745387685351,32.31984754152591,5861400
2018-05-10,32.64820861816406,32.730299918315566,32.377301690815855,32.4840228862787,7957900
2018-05-11,32.763145446777344,32.984795767554814,32.54149512599987,32.86986666750348,4184400
2018-05-14,32.795982360839844,33.28853652849985,32.738517812332276,32.94374923745445,5014000
2018-05-15,32.26238250732422,32.34447696422241,31.983267617037022,32.311639181463136,5622800
2018-05-16,32.664642333984375,32.697480121586004,32.24596837102311,32.34448173382799,7671500
2018-05-17,31.98326873779297,32.213130093579366,31.745199501820792,32.073571077753684,7964200
2018-05-18,31.539960861206055,31.64668206879798,31.42503177529908,31.58100964752945,7783900
2018-05-21,32.401947021484375,32.590759607043616,32.11462107091556,32.295225775182594,7902200
2018-05-22,32.54149627685547,32.664636392170046,32.385521511495796,32.401940402309954,5752000
2018-05-23,32.54970169067383,32.54970169067383,32.0899822216823,32.13102787586771,4815400
2018-05-24,32.23775863647461,32.3855255406026,31.835503590440936,32.31984996917522,7930800
2018-05-25,32.26238250732422,32.41836040963912,31.958640845759227,32.098196725111166,5403000
2018-05-29,31.32653045654297,31.654902050704784,31.21980921870284,31.597437491464007,7198200
2018-05-30,31.47429084777832,31.523547516184987,31.25264053732277,31.441453068840545,8413400
2018-05-31,31.76982879638672,31.90117679792471,31.433249346721666,31.466087130002006,8129400
2018-06-01,32.18029022216797,32.18029022216797,31.851918667536193,32.00789656519874,5970000
2018-06-04,32.812408447265625,32.837035221575015,32.566128177836845,32.713895086860624,8927200
2018-06-05,32.45941162109375,32.72210766490807,32.344482493372965,32.59075964300091,6345900
2018-06-06,32.475826263427734,32.77956793714912,32.475826263427734,32.71389236900209,9829700
2018-06-07,32.442989349365234,32.78777669663281,32.39373267193407,32.475827134319346,8216900
2018-06-08,31.958635330200195,32.14744785110497,31.62205594396425,32.14744785110497,8081300
2018-06-11,31.819067001342773,32.1392305366162,31.819067001342777,32.01609047446628,4511600
2018-06-12,32.18029022216797,32.311638217704036,31.99968555396217,32.12282566984489,6582600
2018-06-13,32.05714797973633,32.74672569345252,32.05714797973633,32.61537770662958,9616600
2018-06-14,31.68773651123047,32.07357266227546,31.68773651123047,32.0407348767432,7636000
2018-06-15,31.761611938476562,31.96684334882708,31.64668284973352,31.868333148702014,11235700
2018-06-18,31.400409698486328,31.49071203135228,31.063830268811632,31.449666370481353,8921400
2018-06-19,30.833969116210938,31.170548513722512,30.661572346493973,30.94889820830032,9848900
2018-06-20,31.482501983642578,31.67952554606872,31.20338709696246,31.474294103850493,8668600
2018-06-21,30.883228302001953,31.203388868990857,30.825763745444124,31.088459755875196,9246700
2018-06-22,31.293685913085938,31.44966379584273,31.170548940553815,31.416826017200993,10338500
2018-06-25,31.06818199157715,31.110732086991142,30.676745784254003,30.889483276857867,10528100
2018-06-26,31.025636672973633,31.229866104240564,30.727805467080906,30.91501550856587,8817000
2018-06-27,30.21723747253418,30.90650824152127,30.21723747253418,30.8469419925354,8798100
2018-06-28,30.583152770996094,30.583152770996094,30.08109196156421,30.208735805669082,7199000
2018-06-29,31.11073875427246,31.28943750728832,31.008622398734353,31.10222743491901,8088200
2018-07-02,31.09371566772461,31.119243130517845,30.668240641880924,30.812900592531697,7365500
2018-07-03,30.966081619262695,31.15329172838318,30.93204282740118,30.966081619262695,6512600
2018-07-05,31.13625717163086,31.144765242394573,30.83842600315676,30.974577858190102,9230900
2018-07-06,31.714916229248047,31.78299056131458,31.28092978361822,31.331987967256314,7251600
2018-07-09,32.19143295288086,32.361620318423995,31.97018418388931,32.22546847831993,7124100
2018-07-10,32.27653503417969,32.293554424385725,31.885098797791198,31.885098797791198,7211500
2018-07-11,31.459625244140625,31.782983934744006,31.400058998707532,31.76596778986334,7316200
2018-07-12,31.74894905090332,31.98721403752901,31.65534402155266,31.76596844225044,5275300
2018-07-13,32.140384674072266,32.16591213752656,31.893608373624378,31.944666546649884,4947500
2018-07-16,32.15740203857422,32.242495742137336,32.03826955513916,32.23398767022771,5399200
2018-07-17,32.370140075683594,32.43821439042972,31.78298247464981,31.910626278209353,6238500
2018-07-18,32.684993743896484,32.73605191933082,32.233991222302926,32.37014311067742,10532200
2018-07-19,33.876319885253906,34.36986918586054,32.863687331155134,33.561466055330534,17762300
2018-07-20,34.659175872802734,34.76128891310438,33.90183126884503,34.029475003808365,14481000
2018-07-23,34.66770553588867,34.87193172458817,34.574100513519426,34.73577985008293,6832800
2018-07-24,34.369873046875,35.0676518494369,34.36136497440729,34.97404682170741,7018300
2018-07-25,34.79535675048828,34.80386807119264,34.301807271521035,34.48901412748626,7725700
2018-07-26,34.73577880859375,34.837891899881825,34.41241689904543,34.633665717305675,8476600
2018-07-27,35.27187728881836,35.671821571703,34.83789098157949,34.83789098157949,9468500
2018-07-30,34.965538024902344,35.331446809655574,34.79534736402135,35.27188056526475,5174300
2018-07-31,35.06764602661133,35.38249983962443,34.965532943369546,35.110192874119036,4908300
2018-08-01,35.49312973022461,35.51014912264014,35.16125969341481,35.26337280179079,6115000
2018-08-02,35.356971740722656,35.44206868812776,34.888949891402774,34.97404359269125,4669300
2018-08-03,35.476112365722656,35.69736123365452,35.365491177874105,35.43356550531034,4575200
2018-08-06,34.948516845703125,35.24634805241562,34.88895060436062,35.059141256532065,7245800
2018-08-07,35.09319305419922,35.10170112921139,34.752811623590006,34.94852981004904,7494900
2018-08-08,35.71437072753906,35.83350320211872,35.271876360445724,35.3654813750773,5089600
2018-08-09,35.60375213623047,35.697357166142226,35.46760025075436,35.688845847359154,4513300
2018-08-10,34.91448211669922,35.14423903686873,34.71025590729325,35.14423903686873,7053200
2018-08-13,34.642181396484375,34.88044965663599,34.43795516905997,34.62516200317945,6708600
2018-08-14,34.81236267089844,35.05062762051095,34.778323893491944,34.888948297004816,5339100
2018-08-15,34.420928955078125,34.506022658623664,34.14011389036776,34.420928955078125,6052800
2018-08-16,34.386898040771484,34.65920184974324,34.35285925312065,34.42093682842231,5544000
2018-08-17,34.14862060546875,34.22520622678337,33.85929750784864,34.19967552226765,7897200
2018-08-20,34.123085021972656,34.24222071840716,33.95289766215499,34.05501072726875,4156700
2018-08-21,34.79535675048828,34.923000592111705,34.344354136689596,34.35286221127622,6075100
2018-08-22,34.803855895996094,34.931496446850154,34.49751338015979,34.7613057995948,5512700
2018-08-23,34.61665725708008,35.18679238007073,34.61665725708008,35.144245515777314,4126100
2018-08-24,35.09319305419922,35.2378530522315,34.74430354857783,34.82939728317118,4232000
2018-08-27,35.3399543762207,35.493125644209975,35.20380249868766,35.25486067005635,5733000
2018-08-28,36.03773498535156,36.38662439213869,35.952641274863765,36.07177376799347,10683500
2018-08-29,37.55242919921875,37.76516672635622,36.667440307258786,36.75253401966695,12278200
2018-08-30,36.9822883605957,37.85876911866508,36.939741507357425,37.73963338503433,7826200
2018-08-31,37.10142135620117,37.10993267463549,36.55681383661256,36.69296571650972,8782900
2018-09-04,37.53541564941406,37.54392372353223,36.752539739722835,36.81210599690267,8174900
2018-09-05,37.62901306152344,37.92684428700178,37.45882239862857,37.518388643724236,7262400
2018-09-06,37.48434829711914,37.50136768730984,37.084403989046514,37.39074327412871,10424900
2018-09-07,38.19063949584961,38.49698203597914,37.42478314552579,37.441802536212634,14256000
2018-09-10,37.96940231323242,38.34382253099312,37.88430857980564,38.29276434326634,6824900
2018-09-11,37.909828186035156,37.92684757841333,37.08440875545543,37.13546368647277,12509700
2018-09-12,37.390750885009766,37.69709347856471,37.28863776919726,37.373731491354775,10303700
2018-09-13,36.956756591796875,37.43328973244531,36.82060472962824,37.43328973244531,9624500
2018-09-14,37.79069900512695,37.91834283611719,37.39926268439584,37.458828939893294,5295400
2018-09-17,37.237579345703125,37.560941330807,36.99080625460659,37.12695815684231,6210300
2018-09-18,37.0673942565918,37.51839685274312,36.88869223608792,37.01633607271675,8814200
2018-09-19,37.458824157714844,37.773674788879916,37.22055916614312,37.61199543690154,6393200
2018-09-20,37.58646774291992,37.80771660666535,37.35671405181728,37.65454531518538,4728000
2018-09-21,37.49285125732422,37.7906824039766,37.458812484530796,37.654530558918935,6668600
2018-09-24,38.199161529541016,38.241708398750156,37.26311742246781,37.30566429167695,8229100
2018-09-25,37.58646774291992,38.21617230190616,37.552432202904505,38.12256726309982,6678200
2018-09-26,37.67156982421875,38.063006179552,37.65455042884108,37.65455042884108,4564300
2018-09-27,38.088523864746094,38.48847143808187,37.935355837930885,37.952371982819415,6711700
2018-09-28,37.577945709228516,37.96938186598433,37.416266404337925,37.86726879163849,7727700
2018-10-01,38.00343704223633,38.25872146134297,37.79920755928051,37.90983199780314,5029800
2018-10-02,37.11843490600586,37.43328871619267,36.973774976554914,37.22905930542599,5440300
2018-10-03,37.40776062011719,37.646028823649615,37.07589064482609,37.475838177159766,5631100
2018-10-04,36.10581588745117,36.65893479509076,35.71437958924451,36.65042347558519,7885000
2018-10-05,35.42506408691406,35.7994810734478,35.03362445767654,35.63780167505964,7921400
2018-10-08,34.854915618896484,35.033614362376554,34.37838563628297,34.684724948198635,7761800
2018-10-09,34.803855895996094,35.14423394439019,34.531552158834174,34.88894959656547,5678700
2018-10-10,33.484893798828125,34.41242977761897,33.484893798828125,34.335844118962186,12853500
2018-10-11,33.1359977722168,33.697624743063955,32.61692090589158,32.761580873691095,10209000
2018-10-12,33.74867248535156,34.53154807161693,33.3487249985575,34.15712804274889,7578600
2018-10-15,32.97431945800781,33.68911773868415,32.948791991378506,33.58700462604963,8209000
2018-10-16,34.0465087890625,34.089058886852335,33.52743200486362,33.90184884415053,10748100
2018-10-17,33.67210388183594,34.11459843749576,33.340233776620536,34.038012778898526,8173600
2018-10-18,32.795616149902344,33.99545560679551,32.72753858684495,33.86781179912133,9555600
2018-10-19,32.719032287597656,33.459357972323,32.62542725637963,33.32320608494688,11266200
2018-10-22,32.94879150390625,33.382774660770274,32.79562021416194,33.34873587502326,8165700
2018-10-23,32.33610153198242,32.489272798928525,31.70639707385769,31.84254895046347,12350000
2018-10-24,31.042654037475586,31.961681549042698,31.000107188854845,31.961681549042698,13312400
2018-10-25,31.817020416259766,31.95317228827929,31.05116735344369,31.297940389773864,9927300
2018-10-26,31.20433235168457,31.731923645094753,30.753329927878273,31.102219269073334,11973200
2018-10-29,30.915016174316406,31.834040519516943,30.60867364387731,31.629811083851962,8269300
2018-10-30,32.148895263671875,32.16591465601294,31.204340088504438,31.349003300344897,12106400
2018-10-31,32.421199798583984,33.178548167746555,32.36163354707147,32.92326052284464,12610900
2018-11-01,33.22959518432617,33.25512589040513,32.66796834233619,32.99983830631439,14348600
2018-11-02,32.999847412109375,33.60402451557208,32.70201614331023,33.340228787408996,9736200
2018-11-05,32.74455261230469,33.03387571565831,32.59989268368604,32.94878202189633,8591900
2018-11-06,32.95729446411133,33.05940755939273,32.69349878467454,32.76157634560665,8578100
2018-11-07,33.34022521972656,33.44233832294255,32.9487889523011,33.43383025022331,6568700
2018-11-08,32.93177795410156,33.2381205879444,32.92326663309601,33.00836361256227,7953700
2018-11-09,32.39567184448242,32.667975631899296,32.17442623450016,32.412691236960626,5975400
2018-11-12,31.53621482849121,32.268029256299464,31.493664722612074,32.21697432303221,11666700
2018-11-13,31.825532913208008,32.438214736934896,31.68938103614461,31.81702159495084,15057100
2018-11-14,32.199951171875,32.62542621207096,31.800003595333376,32.506293720194805,10404900
2018-11-15,32.778602600097656,32.821149461531704,32.24250305689986,32.39567435495637,10840400
2018-11-16,31.374528884887695,31.655343972504564,31.195830145195313,31.544719551978194,16382400
2018-11-19,30.676746368408203,31.212845768891107,30.600160739767787,31.178806990358346,15191700
2018-11-20,30.32786750793457,30.625702054077692,29.97046994790408,30.123641258236493,11673500
2018-11-21,30.778867721557617,31.246892936749393,30.753340253862596,30.99160527532935,7013100
2018-11-23,30.600170135498047,30.80439962328633,30.421471362506786,30.48954894047541,2320500
2018-11-26,31.348997116088867,31.39154396548967,31.034146535183083,31.238372710753552,7077300
2018-11-27,31.314966201782227,31.33198559503968,30.96607675529778,30.96607675529778,6870200
2018-11-28,32.344608306884766,32.35311962477196,31.544716469670778,31.714907120131553,8380200
2018-11-29,32.27653503417969,32.65095188036214,32.22547686356158,32.293554424385725,7056600
2018-11-30,31.987220764160156,31.995728838564396,31.55323755495523,31.68938946824674,8734400
2018-12-03,32.95729446411133,33.18705136308206,32.659463250325246,33.03388009710157,7457600
2018-12-04,31.859561920166016,32.99983487423472,31.851053849768878,32.787097407028746,13321200
2018-12-06,31.366010665893555,31.366010665893555,30.30232339830962,30.3789090114203,12075700
2018-12-07,31.07669448852539,31.434091931527856,30.7533325785827,31.187318897790433,10802700
2018-12-10,31.000102996826172,31.34048423199657,30.7022718506391,30.897989924721465,12439100
2018-12-11,31.22987174987793,31.782987410257302,30.88949038493887,31.68938561871047,8635800
2018-12-12,31.808513641357422,32.080817396499064,31.714908616880578,32.00423176248318,8405400
2018-12-13,31.765974044799805,32.04678593626146,31.64683828435806,31.902125953472815,5825900
2018-12-14,31.0851993560791,31.578751864913126,31.0851993560791,31.314956222662218,5969600
2018-12-17,30.821413040161133,31.43409489246507,30.73631608420437,31.170302444291483,10733100
2018-12-18,31.28092384338379,31.485153293035488,31.15328327770383,31.15328327770383,7100400
2018-12-19,30.829923629760742,31.72342064049478,30.71929920104366,31.16179366979477,11786400
2018-12-20,30.53209114074707,31.27241683444565,30.242767970801392,30.983093664499975,12540400
2018-12-21,30.387420654296875,31.425580588285264,30.336365736963877,31.178804334121416,16981000
2018-12-24,30.030029296875,30.540598049736918,30.013009905630675,30.259786209497953,6288500
2018-12-26,31.28092384338379,31.289435162099306,30.064068202540035,30.064068202540035,10063400
2018-12-27,31.297943115234375,31.314962506483468,30.600164304606352,30.804393753478514,8688600
2018-12-28,31.604284286499023,32.06379809182376,31.50217118957691,31.595776214304188,7369000
2018-12-31,31.4085693359375,31.98721568711243,31.289436836480984,31.851063795431102,4600600
2019-01-02,31.07669448852539,31.272412599614835,30.63420009758188,30.80439074734733,5273100
2019-01-03,29.238645553588867,30.225747526179685,29.162059915796604,30.072576250595166,15998000
2019-01-04,29.75772476196289,29.808779688262568,29.111000895820705,29.323738411714366,14178200
2019-01-07,29.978965759277344,30.18319517155137,29.7577202049205,29.791755735202518,6850800
2019-01-08,29.73219108581543,29.93642050898537,29.476906741440423,29.87685427016842,11462600
2019-01-09,30.302330017089844,30.60016121862069,30.064065055865164,30.064065055865164,11770300
2019-01-10,30.991592407226562,31.042650567534068,30.123626404811773,30.174681319003167,7894600
2019-01-11,31.15328025817871,31.289432129377694,30.838429664677935,31.017128386979728,7232700
2019-01-14,30.429967880249023,30.79587660757458,30.395932350308033,30.74482168960492,6146200
2019-01-15,30.668243408203125,30.82992276400539,30.46401394908494,30.668243408203125,10165800
2019-01-16,30.32786750793457,30.65973759828223,30.32786750793457,30.549116398911483,8727400
2019-01-17,30.880979537963867,31.10222513302078,29.638593185921778,29.71517557773161,21916900
2019-01-18,31.348997116088867,31.493657053274905,30.77035087511165,30.83842843104616,12905900
2019-01-22,30.949060440063477,31.280930526296437,30.7193034774135,31.059684884180353,13381700
2019-01-23,31.05117416381836,31.263911713390343,30.838436614246376,31.085209704700656,13918600
2019-01-24,32.02976989746094,32.02976989746094,31.297952094381696,31.38304907504085,14094100
2019-01-25,32.455238342285156,32.55735145181491,32.233992730617835,32.33610584014758,16763700
2019-01-28,31.859561920166016,32.046771930064445,31.40005145804936,31.417067598843637,14086500
2019-01-29,30.915016174316406,31.731927424742832,30.889485466035314,31.731927424742832,10100800
2019-01-30,31.808513641357422,31.868079884912355,30.8809779609947,31.32347237462907,9281600
2019-01-31,32.012733459472656,32.42118901084315,31.74894107515289,31.74894107515289,7633400
2019-02-01,31.970195770263672,32.22548015721236,31.859571345676308,32.1233670516563,6438300
2019-02-04,32.2850456237793,32.34461187108695,31.808515645318078,31.910628748400192,7283800
2019-02-05,32.548828125,32.56584750963192,32.23397762459867,32.268013147746814,7314000
2019-02-06,32.965816497802734,33.0338908347456,32.5999076041461,32.69350941167781,8795200
2019-02-07,32.43821334838867,32.72753648052826,32.1914403134799,32.650950850076114,7916200
2019-02-08,32.15740203857422,32.268023203982935,31.910625753677767,32.08932447883035,7147200
2019-02-11,32.582881927490234,32.582881927490234,32.191445638700586,32.268028035704596,8860700
2019-02-12,32.880706787109375,32.99133119368877,32.71051614147567,32.880706787109375,8831200
2019-02-13,32.44673538208008,32.744566684357046,32.37865780092093,32.650961633322076,7155600
2019-02-14,32.38716125488281,32.514801819376125,32.13187363366229,32.268025516791994,7782800
2019-02-15,32.41268539428711,32.574364724510126,32.22547535689033,32.259514135710944,6257600
2019-02-19,32.727535247802734,32.89772589196557,32.42119273753294,32.52330907170057,8105700
2019-02-20,33.18706130981445,33.62104452942022,33.093456258536136,33.12749504920421,7178600
2019-02-21,33.170040130615234,33.34023082868508,33.016868826964135,33.24662578244079,4607300
2019-02-22,33.5189208984375,33.53594028843752,33.25512846872898,33.28916400261229,5117800
2019-02-25,33.68061065673828,33.96993061003415,33.59551368860648,33.92738374902696,5101500
2019-02-26,33.69762420654297,33.75719045658464,33.510417383319364,33.53594484873232,5587300
2019-02-27,33.56996536254883,33.68909779779307,33.238095508335476,33.62102026558755,8194900
2019-02-28,33.22959518432617,33.43382460237547,33.18704833568321,33.28916142164962,5705100
2019-03-01,33.5189208984375,33.62954531037928,33.35724156261238,33.49339343649583,5299200
2019-03-04,33.3147087097168,33.46788003796381,32.94028846461607,33.46788003796381,7081100
2019-03-05,33.204071044921875,33.3827697747629,32.89772851027051,33.14450480164153,7192400
2019-03-06,33.00836181640625,33.37427069290555,32.999850495863846,33.23811877928611,4433400
2019-03-07,32.87220764160156,33.084945194880675,32.65095876836551,32.991340152059074,4231300
2019-03-08,32.50628662109375,32.65945786180234,32.28503783068525,32.293549147455856,5066200
2019-03-11,32.880706787109375,32.92325363698866,32.506289963608474,32.531817424312734,6005400
2019-03-12,33.10195541381836,33.3317090510957,33.06791663566003,33.229595962737264,5580200
2019-03-13,33.365745544433594,33.56146363626677,33.20406622842784,33.374256861448615,6086400
2019-03-14,33.03387451171875,33.22959259713132,32.96580020841344,33.18704575180097,4935000
2019-03-15,33.74017333984375,34.097570829813144,33.53594388406333,33.53594388406333,8871300
2019-03-18,33.91035461425781,34.0209790179923,33.73165590169044,33.91886593168473,6290900
2019-03-19,33.833778381347656,34.10608543062989,33.69762647976523,34.02098846331751,8033600
2019-03-20,33.91035461425781,34.16564219920147,33.73165590169044,33.84228030542493,5394000
2019-03-21,34.92299270629883,35.09318337466078,34.22521388752013,34.25074135163347,6509600
2019-03-22,34.4039306640625,34.905991613560474,34.32734498545709,34.75282025634966,6759100
2019-03-25,33.96991729736328,34.42943100684121,33.84227676436351,34.03799484518941,4901800
2019-03-26,34.37838363647461,34.57410176025114,34.09756855924076,34.13160734062369,5573500
2019-03-27,34.208194732666016,34.25924966124581,33.86781339358794,34.1996834138247,7660300
2019-03-28,34.327327728271484,34.497518400293245,34.20819523169137,34.24223401531914,6632700
2019-03-29,34.854915618896484,34.931501258404666,34.548573060863774,34.73578312324311,6116300
2019-04-01,35.203800201416016,35.203800201416016,34.66770404455405,34.957027171196195,6834200
2019-04-02,35.118709564208984,35.19529519988649,34.88895265717648,35.04212392853148,5580200
2019-04-03,35.56120300292969,35.705862951806225,35.322934784020106,35.39952041757733,6821100
2019-04-04,35.773948669433594,35.8930811829913,35.44207859706067,35.51015292790042,7610300
2019-04-05,35.93562316894531,36.02922820150029,35.79096320671823,36.02922820150029,4430600
2019-04-08,36.07176971435547,36.1568666613973,35.807977293817316,35.94412916296764,6830300
2019-04-09,35.91861343383789,35.99519909505341,35.76544211140685,35.94414415165504,5049900
2019-04-10,36.05475997924805,36.16538441696578,35.89308060575096,35.96115493549593,4040200
2019-04-11,35.82499694824219,35.910093903624194,35.697356384344566,35.81648887576245,5172200
2019-04-12,36.233463287353516,36.29302954530256,35.978175614866075,36.139858240257134,6555700
2019-04-15,36.25898361206055,36.39513549570634,36.131339800966444,36.23345614828851,5274400
2019-04-16,36.599361419677734,36.65893091155423,36.378115827730355,36.44619339209382,6639100
2019-04-17,37.77367401123047,37.83324025789711,37.32267150186394,37.356710284564016,15795700
2019-04-18,38.63313674926758,38.83736296025691,37.44180528273375,37.49286345853964,16569800
2019-04-22,38.420387268066406,38.42889533832896,37.94385418046158,38.11404480075731,10872000
2019-04-23,38.6501579284668,38.6501579284668,38.343818572088445,38.42040422271241,11437500
2019-04-24,38.64164352416992,38.79481480032531,38.24169594241784,38.36083168196303,10776800
2019-04-25,37.850250244140625,38.3267833451808,37.80770339939615,38.23317833907325,10149800
2019-04-26,37.390750885009766,37.44180906597473,36.863162666174816,37.14397779230599,12745000
2019-04-29,37.297142028808594,37.37372441658301,37.08440451756816,37.31415817312504,9272100
2019-04-30,37.288631439208984,37.39074453768713,36.81209823611619,36.93123397147705,11863900
2019-05-01,37.288631439208984,37.91833591307742,37.288631439208984,37.68857900691395,7319000
2019-05-02,37.78217697143555,37.84174320492438,37.22905823633492,37.32266324499345,10717200
2019-05-03,38.04597473144531,38.4118835008533,37.91833417572512,38.233184775175,5479900
2019-05-06,37.237579345703125,37.28863752633555,36.76955738465016,36.86316242608424,10756400
2019-05-07,37.237579345703125,37.48435568291706,36.837634958826726,37.29714884616632,10225200
2019-05-08,37.18651580810547,37.441800159972864,36.982286378941566,37.0333445477617,8112600
2019-05-09,36.80359649658203,36.84614335775922,35.9781737560514,36.52278136980122,11229400
2019-05-10,36.44619369506836,36.667439288854936,35.90158291398417,36.4717211588584,8313900
2019-05-13,34.88045120239258,35.32294246346061,34.66771364582939,35.203809951164025,11046000
2019-05-14,35.71437072753906,35.80797574217064,35.22932951182677,35.391008835025374,7107800
2019-05-15,35.71437072753906,36.020713231381876,35.28038443172292,35.356970057683625,5347700
2019-05-16,35.3399543762207,35.43355940067157,35.07616193944114,35.42505132850186,9214700
2019-05-17,34.25075149536133,34.846417387982505,34.11459956957231,34.36988402466197,11271000
2019-05-20,32.897727966308594,33.44233546507627,32.77859548171776,33.399788612881935,13979700
2019-05-21,33.442344665527344,33.47638345509405,32.89773701693058,33.31470407382865,11806400
2019-05-22,33.10195541381836,33.51891908484996,33.0934440962205,33.357239757772724,12217600
2019-05-23,32.39567184448242,32.48927688005395,31.834044877170466,32.3190862013891,14708800
2019-05-24,32.50628662109375,32.965800343219506,32.50628662109375,32.69349339053606,10540700
2019-05-28,32.03826904296875,32.506290897317456,32.03826904296875,32.44672465655216,12484600
2019-05-29,32.07230758666992,32.12336576045421,31.63832447091287,31.87658945633894,13043000
2019-05-30,32.370140075683594,32.650951898951114,32.199949419643126,32.29355444277122,7351600
2019-05-31,32.63393783569336,33.16152928015119,32.54884411684135,32.56586350983521,9302700
2019-06-03,33.03387451171875,33.26363137184209,32.8977226589919,33.15300697709021,9618300
2019-06-04,33.238101959228516,33.272137485821524,32.693491334231936,32.88070133801563,6985600
2019-06-05,32.53182601928711,33.40830369361051,32.42120158348051,33.391287546056354,8219800
2019-06-06,32.710514068603516,32.83815785626912,32.26801971644346,32.48926851558167,6234000
2019-06-07,33.03387451171875,33.18704575180097,32.81262896833121,32.96580020841344,4456900
2019-06-10,33.71464538574219,34.14863179746679,33.56998541257888,33.60402419901166,8351800
2019-06-11,34.00397872924805,34.548586490282595,33.98695933095093,34.43796527052879,6100600
2019-06-12,33.578495025634766,34.19968829898544,33.569986951695164,34.03800892519307,6163200
2019-06-13,33.56996536254883,33.71462524931243,33.21256481070071,33.71462524931243,6646800
2019-06-14,32.199951171875,32.93176876039077,32.19144309936254,32.87220251445269,11281500
2019-06-17,32.04677963256836,32.37864964179669,32.04677963256836,32.268025223348275,6500700
2019-06-18,33.365745544433594,33.54444424835306,32.523306942461076,32.56585378918719,12303200
2019-06-19,33.52743911743164,34.00396915104928,33.442342149916065,33.98694975754617,10217600
2019-06-20,34.471981048583984,34.6506830051448,34.157130475974895,34.420926129094994,10400000
2019-06-21,34.480506896972656,34.63367821222326,34.395409918434645,34.480506896972656,12766200
2019-06-24,35.127159118652344,35.20623489946414,34.65270443378153,34.758141042639146,6571000
2019-06-25,34.19581985473633,34.72299280299287,34.187035147180204,34.72299280299287,6790500
2019-06-26,34.336395263671875,34.599980010342115,34.248531447007196,34.599980010342115,9133300
2019-06-27,34.78450012207031,34.93386363067447,34.52091529110457,34.77571541342541,11375200
2019-06-28,34.41547775268555,34.90750521515426,34.37154750731544,34.90750521515426,7040000
2019-07-01,36.357234954833984,36.814116983145546,36.15515309933027,36.49781378264803,11046800
2019-07-02,35.847633361816406,36.295730664149836,35.794918398010246,36.19029403321049,4445600
2019-07-03,35.43468475341797,35.469826945201184,35.15352375750773,35.452254173477826,3125000
2019-07-05,35.08323669433594,35.23260022935046,34.828436526961504,35.03051837815598,3149300
2019-07-08,34.547271728515625,34.87235956519651,34.47698400648378,34.76692630631731,6772300
2019-07-09,34.85478591918945,35.15351627154474,34.63513134691829,34.83721650287101,6577000
2019-07-10,35.7685546875,36.146360872152755,35.627975875884786,35.873991309958846,7945000
2019-07-11,35.93547439575195,36.19027104619041,35.873971409267355,36.14634082036732,6126600
2019-07-12,36.225433349609375,36.260578887214216,35.865199968317135,36.1200000884578,4695800
2019-07-15,36.74381637573242,36.84046492325684,36.603237584332206,36.68231336397375,5784300
2019-07-16,36.699893951416016,36.85804554439609,36.52416958680888,36.72625143302487,6529500
2019-07-17,36.576881408691406,36.822893464472116,36.48023285773102,36.62081165412898,5514600
2019-07-18,37.94752883911133,37.98267438076055,37.17434703280846,37.35885609897188,11257600
2019-07-19,38.50985336303711,38.676789684006124,37.842101375833366,37.85088943842659,11438800
2019-07-22,39.18638229370117,39.43239774363104,38.77343389327734,38.83493691784395,10035800
2019-07-23,39.028228759765625,39.168810925110485,38.87008052707926,39.13366538377427,6565800
2019-07-24,39.1336669921875,39.21274278761239,38.87008212465902,39.09852144940679,7130400
2019-07-25,38.32532501220703,38.870070710351655,38.32532501220703,38.843709885175336,6593900
2019-07-26,38.18474578857422,38.562551878957066,38.11445807613638,38.42197310241897,4399000
2019-07-29,38.606483459472656,38.61527151862172,38.13203216696198,38.23746541511296,4138600
2019-07-30,37.87723159790039,38.13203168339133,37.57850127220885,38.13203168339133,4938500
2019-07-31,37.455509185791016,37.92996064869678,36.94590882532813,37.806954589733664,7592300
2019-08-01,36.787757873535156,38.12325847621825,36.5505304620391,37.56094313859669,9662800
2019-08-02,36.59446334838867,36.708681344818736,36.0321446702074,36.15515408058887,9317000
2019-08-05,35.0305061340332,35.60160929554401,34.9514303632342,35.50496075882719,6668400
2019-08-06,36.25178909301758,36.47144366504708,35.92670126487949,36.181501372832784,8667700
2019-08-07,36.25178909301758,36.41872871282418,35.847625484882364,36.06728005691186,5484700
2019-08-08,36.81410598754883,37.060118024828895,36.68231190948443,36.770172393752276,7795900
2019-08-09,36.383583068847656,36.64716788416771,36.023349705855615,36.54173462837224,3480500
2019-08-12,35.98820877075195,36.260581680678264,35.89156021072445,36.06728456062326,3463500
2019-08-13,36.76140213012695,36.89319625997535,35.62798333875538,35.69827443511824,7697800
2019-08-14,35.52253723144531,36.10242516059389,35.364385673344536,35.89155529923862,9621800
2019-08-15,35.900352478027344,36.014573821594205,35.44347045542351,35.478615999853865,7690100
2019-08-16,36.49781036376953,36.66474665876632,36.15514971255,36.18150719290125,4845700
2019-08-19,36.708683013916016,37.08648926953531,36.5944650122926,37.042559011090624,3797600
2019-08-20,36.84925079345703,37.095266199912906,36.65595704397519,36.90196909876819,7540300
2019-08-21,37.41156768798828,37.46428263932506,37.15676758431808,37.26220083865437,3914600
2019-08-22,37.01618957519531,37.33249269653667,36.66474091777985,37.244628856351405,3145600
2019-08-23,35.979427337646484,37.03377018138032,35.90035154057486,36.84925775377086,7526900
2019-08-26,36.32208251953125,36.50659156759821,36.13757347146429,36.348439997351385,5519000
2019-08-27,36.33086395263672,36.62080958916854,36.26057623423254,36.506588276141215,4192800
2019-08-28,36.59446334838867,36.69989663419478,36.06729021603068,36.30451762284222,3586000
2019-08-29,37.14797592163086,37.40277600058772,37.10404568255681,37.20069421951716,5171600
2019-08-30,37.455509185791016,37.68394853077055,37.21828177850627,37.52579692591405,5382200
2019-09-03,36.65596008300781,37.04255096568543,36.53295404541326,37.033766256570026,4748000
2019-09-04,37.912384033203125,37.912384033203125,37.244632194595575,37.437929308665616,4460900
2019-09-05,38.87007522583008,39.10729921833777,38.44833549064058,38.44833549064058,7698300
2019-09-06,38.4044075012207,38.69435316723366,38.38683473191722,38.65920762862669,4325300
2019-09-09,38.527408599853516,38.72949374512777,38.255039089693845,38.58012690101148,4677000
2019-09-10,38.747066497802734,38.747066497802734,38.096890819167825,38.307757338636435,5001600
2019-09-11,38.85250473022461,38.89643497764154,38.51862881686246,38.580131833578776,4016800
2019-09-12,38.720706939697266,39.063367529164246,38.59770091800786,38.9140040318736,6577900
2019-09-13,39.309383392333984,39.38845917174212,38.82614065613831,39.03701051844758,6231100
2019-09-16,39.18638229370117,39.30939169449784,39.08973707771327,39.124879269134574,3716300
2019-09-17,39.65204620361328,39.66961897242712,38.843715596491165,38.90521861150815,6110900
2019-09-18,39.57296371459961,39.71354248962797,39.19515762827421,39.68718166504227,4044800
2019-09-19,39.73403549194336,40.01721764783322,39.61014034491866,39.64553895835429,6422700
2019-09-20,38.82253646850586,39.73403212023997,38.82253646850586,39.61898832423522,7249200
2019-09-23,38.99952697753906,39.194215963273514,38.804837991804604,39.09687147040629,4347000
2019-09-24,39.04376983642578,39.42429643097071,38.990675300496655,39.29155671535086,7592200
2019-09-25,39.83137893676758,39.91102413374107,38.9375858381075,39.11457553980391,6719500
2019-09-26,41.11455154418945,41.158798127267474,39.91102557999898,39.91102557999898,15832500
2019-09-27,40.273841857910156,41.13223951129116,39.99065975333442,40.70746635442755,9610400
2019-09-30,41.13225173950195,41.36233937774562,40.81367093319409,41.21189694107892,8396900
2019-10-01,41.760555267333984,42.34461885933175,41.557018313010246,41.557018313010246,11575200
2019-10-02,41.0880012512207,41.53932176673965,40.999508091565275,41.33578479889403,5785200
2019-10-03,41.70745849609375,41.71630646067949,40.91985799187005,41.10569563034586,6091600
2019-10-04,41.96408462524414,41.990635267208766,41.3977204416854,41.61895666187534,5704200
2019-10-07,42.43312072753906,42.61011043315694,41.97294884325172,42.23843171377961,11059000
2019-10-08,42.35346984863281,42.831340976972804,42.12338224944804,42.70744583659779,13089700
2019-10-09,43.07912826538086,43.41540835272049,42.62780436840967,42.65435501727707,11033100
2019-10-10,43.300357818603516,43.707431696176926,42.9109832455938,43.282658514039824,9566500
2019-10-11,43.733978271484375,44.061410337023716,43.65433646590667,43.76052891580739,7499100
2019-10-14,44.16761016845703,44.36229917231012,43.62779311289906,43.733985580547255,7974000
2019-10-15,44.59238052368164,44.8136167861534,44.34459698996845,44.424242179490186,9323200
2019-10-16,44.36228942871094,45.24723434160716,44.309191518650266,44.548127050227876,13615700
2019-10-17,44.02601623535156,45.31803519809712,43.59239167552184,45.25608931466394,12410200
2019-10-18,43.61008834838867,44.326895010859154,43.477348624388604,43.937520427676134,9169200
2019-10-21,44.247249603271484,44.344594092526236,43.65433807897032,43.83132437674561,6538900
2019-10-22,44.8136100769043,44.981751771719956,44.406536225092516,44.51272866995712,10697300
2019-10-23,44.3976936340332,44.601233975843655,44.176457361089135,44.33574774767268,7118800
2019-10-24,45.087947845458984,45.176440994002306,44.45078637339591,44.68087396088412,7006600
2019-10-25,45.24724578857422,45.33573895193269,44.85786776788225,44.95521227305524,6303500
2019-10-28,45.40652847290039,45.55696750022371,45.176440885962435,45.4861736567178,7725500
2019-10-29,45.548118591308594,45.87554728430358,45.52156794672182,45.57466586009823,5303900
2019-10-30,45.937496185302734,46.07023928958142,45.636614741295425,45.831303727358204,5198100
2019-10-31,45.68971252441406,45.95519535639689,45.4419256222057,45.91979674525322,5140800
2019-11-01,46.10563278198242,46.10563278198242,45.75165681028379,45.91979514365585,5226600
2019-11-04,47.33571243286133,47.60119527395259,47.00828033224454,47.38880697560109,7233400
2019-11-05,47.388797760009766,47.76047636589603,47.335703227595175,47.45959497095832,5287100
2019-11-06,47.46845245361328,47.56579695029031,46.99058131127013,47.5215503724728,4545100
2019-11-07,47.4949951171875,48.114457273925076,47.36225539661334,47.69853543183611,7890900
2019-11-08,46.75164794921875,47.37110677480049,46.48616173734382,47.37110677480049,6558400
2019-11-11,46.5481071472168,46.680850251806284,46.15873254997694,46.36226950142941,4046500
2019-11-12,46.14988327026367,46.62775100641747,46.04368743929857,46.62775100641747,8625100
2019-11-13,46.7958869934082,46.84898152659887,46.149877625145756,46.53040420006426,5336200
2019-11-14,46.44190979003906,46.66314602381924,46.132180413065626,46.459609093837116,5308600
2019-11-15,47.158714294433594,47.24720743367056,46.79588702228702,46.91092742813571,5986400
2019-11-18,47.273765563964844,47.7516367275735,47.24721829125247,47.24721829125247,4774400
2019-11-19,47.574649810791016,47.9109299132416,47.50385595415806,47.83128471465588,4731100
2019-11-20,47.344566345214844,47.59234991125223,47.08793143707732,47.38881292832182,5264800
2019-11-21,46.88438415527344,47.353403909616226,46.84898554624454,47.34455594525758,6037000
2019-11-22,46.716243743896484,47.04367242332706,46.671997172481056,46.83128415441719,4172300
2019-11-25,47.574649810791016,47.73394020796246,46.72510327640853,46.9817381802734,5021500
2019-11-26,47.45958709716797,47.60117811977757,47.238350913353194,47.34454333636133,5672800
2019-11-27,47.68967819213867,47.84012057446865,47.379948839983946,47.813569933000565,2786100
2019-11-29,46.98172378540039,47.043669656898636,46.725088960166644,46.95517651927167,3391700
2019-12-02,46.88438415527344,47.42420112767402,46.70739448592613,47.38880251864512,4475800
2019-12-03,46.7073860168457,46.84012908873623,46.17642048087671,46.38880534494569,5468100
2019-12-04,47.06137466430664,47.40650266900336,46.9994287852994,47.14101984814413,3905200
2019-12-05,48.14100646972656,48.26489822218574,47.33570670294482,47.45074711548716,7624300
2019-12-06,48.61887741088867,48.69852259645489,48.22950282356344,48.22950282356344,5429100
2019-12-09,48.19409942626953,48.84010881134313,48.07020767787144,48.716217062945034,6541900
2019-12-10,48.24721145629883,48.72508266208186,48.07907308795204,48.388802549590324,4364800
2019-12-11,49.46843338012695,49.7339162400111,48.69852869792589,48.70738003954073,11028000
2019-12-12,51.86662292480469,51.875470888760375,50.459560350058815,50.663097279009854,15788700
2019-12-13,51.54804611206055,52.67192666414878,51.54804611206055,52.256001435006645,9886900
2019-12-16,51.8046875,51.94627858243255,51.58345122271178,51.58345122271178,5779400
2019-12-17,52.4152946472168,52.84006786402065,52.01706870152649,52.84006786402065,8407500
2019-12-18,52.30024719238281,52.778118293827255,51.963970529112025,52.74271968428385,10021200
2019-12-19,51.649723052978516,52.130932476303265,51.57843465658591,52.130932476303265,7228700
2019-12-20,51.622989654541016,51.95270570722973,51.07940161670997,51.48931923890458,8043800
2019-12-23,51.88142776489258,51.98836207931904,51.64082300789761,51.71211141772173,4022000
2019-12-24,51.471500396728516,51.765573974838716,51.2843645194112,51.67646262355813,2692200
2019-12-26,51.90815734863281,51.99726870535901,51.47150354216159,51.50714944460421,2490400
2019-12-27,52.09529113769531,52.318072919911984,51.979447058496405,52.157669764765565,2847800
2019-12-30,51.551700592041016,52.30024748064381,51.3467417700805,52.273514755851586,3519900
2019-12-31,51.774471282958984,51.80120740140924,51.204150613583685,51.400199618448696,2950200
2020-01-02,53.50326919555664,53.574557592275745,53.11117111577176,53.11117111577176,8432600
2020-01-03,51.73884582519531,52.5586812075007,51.72102287348687,52.54977143133671,10546400
2020-01-06,51.141780853271484,51.40911828838333,50.91008931600919,51.32891671791178,8897200
2020-01-07,51.97052764892578,52.22004212727386,50.56254872190191,51.19524809164441,7444300
2020-01-08,52.35371398925781,52.55867280205613,51.78339322331817,51.85468161937067,5381500
2020-01-09,52.781455993652344,53.209196579695295,52.309159733947,53.19137363035434,5112700
2020-01-10,52.45174789428711,53.20029488337691,52.3715463097639,53.20029488337691,4807700
2020-01-13,53.52109146118164,53.610202805787665,52.977503420697154,53.60129303107902,6613700
2020-01-14,53.75278091430664,54.03794128525417,53.39632875093234,53.61020072883287,6715200
2020-01-15,52.03291320800781,53.200290986246095,51.917065727876015,53.17355486044321,10075100
2020-01-16,52.35371398925781,53.19137218930917,51.95270613840028,52.754721840115344,11215700
2020-01-17,52.20223617553711,52.353726177027475,51.69429051328294,52.255701635178085,8125700
2020-01-21,51.89923858642578,52.57649361866797,51.21307038042607,51.67645683380431,9873700
2020-01-22,51.99726867675781,52.52303383966603,51.97053594963073,52.48739133662337,8124500
2020-01-23,51.221981048583984,51.74774612992001,50.45561126229285,51.560610270303755,9999200
2020-01-24,51.44476318359375,51.810125130981156,51.20415847686841,51.76556945922754,10402200
2020-01-27,49.243682861328125,49.89420864649694,49.065460157896844,49.5644891665127,9675500
2020-01-28,50.874446868896484,50.90117959440693,49.439731677246435,49.66251345484724,8124400
2020-01-29,50.96356201171875,51.257635611732475,50.6605786356654,51.257635611732475,7693400
2020-01-30,49.72489547729492,49.9387674941284,49.06546327420409,49.08328622555525,10295700
2020-01-31,48.0673942565918,49.43973079805978,47.76441090846744,49.39517512320798,13467200
2020-02-03,48.807029724121094,48.95851969336363,48.24561872173412,48.43275458940312,9594300
2020-02-04,51.257625579833984,51.364559868282846,50.705127790238485,50.72294733883018,12746600
2020-02-05,51.61407470703125,51.819036910465904,50.9457294505732,51.77447784053156,6594400
2020-02-06,51.70319366455078,51.934885209959766,51.043758128666674,51.925975434874054,4236300
2020-02-07,50.08134460449219,50.91900286984592,49.95658735213952,50.91900286984592,6808400
2020-02-10,50.812076568603516,50.838809298494084,50.206109762292115,50.29522112818115,4281200
2020-02-11,52.27351760864258,52.48738961679246,51.51606090356472,51.640818158577055,6523200
2020-02-12,53.137916564941406,53.244850878477486,52.48739410857772,52.79928727279985,5962900
2020-02-13,52.870567321777344,53.200283364815796,52.34480224804479,52.69234123927178,6460100
2020-02-14,51.854679107666016,52.72798316313302,51.56951873850861,52.59431615224159,6932400
2020-02-18,50.063514709472656,50.40214391844135,49.57339554348464,49.99222291837201,10989000
2020-02-19,51.36456298828125,51.631900425331956,50.79424221607176,51.01702398017734,7866300
2020-02-20,50.330867767333984,50.82990026197057,49.73381412854411,50.74078549540292,7192900
2020-02-21,49.537757873535156,50.48235386618799,49.475379245654146,50.48235386618799,6816600
2020-02-24,48.22780227661133,48.73574449986063,47.390143946901006,47.71986005336203,9968800
2020-02-25,47.9961051940918,49.43082034042126,47.96937246942579,49.30606309280653,12670700
2020-02-26,49.03871536254883,49.37734455808096,48.45948488004813,48.55750938923214,10969300
2020-02-27,47.488162994384766,48.65553729567925,47.47034004482714,48.299088502666756,11878900
2020-02-28,47.9782829284668,48.16541880255657,45.44748184281336,45.75937496629632,13604500
2020-03-02,49.885292053222656,49.91202477702941,47.969370927586795,48.450576953008024,13797700
2020-03-03,48.90505599975586,50.23283346967106,48.15650910284296,50.17045484487666,14661800
2020-03-04,50.865543365478516,50.8744531419539,49.50211640686614,49.87639160706306,9878200
2020-03-05,49.66250228881836,50.25064591347213,49.234761779922835,50.00113146646125,10004200
2020-03-06,49.074371337890625,49.0832845129454,48.09413284344217,48.655540494203244,12971200
2020-03-09,46.18711471557617,48.24561594000685,45.500946507639355,45.93759684035747,13781100
2020-03-10,48.57533645629883,48.67336098065686,46.77526271572079,47.86243546012236,11698700
2020-03-11,46.5524787902832,47.72876622945099,46.41880837244962,47.32775837533017,14498000
2020-03-12,43.388980865478516,45.438576084577974,43.22857770225542,44.25337531180515,15942200
2020-03-13,46.5435676574707,46.748526480926316,43.923655227939754,46.24949748447094,14948700
2020-03-16,40.01161575317383,43.08600211289649,40.01161575317383,41.294837797248135,16628200
2020-03-17,43.255306243896484,43.27312919217148,40.127448508920374,40.76906104930107,13415700
2020-03-18,39.539306640625,41.072046269310434,38.55015506161894,39.03136448914296,15018500
2020-03-19,39.482635498046875,40.643096574560936,38.412134639652955,39.34770031831382,11182600
2020-03-20,40.05835723876953,43.43178737044127,40.013378856673356,43.19789772456282,14157700
2020-03-23,40.71505355834961,41.029909114320866,39.14978380929871,40.58911270861342,10508600
2020-03-24,43.96255111694336,44.00752950988636,42.73012530582172,43.17991609851458,12216200
2020-03-25,44.079505920410156,45.02406607523539,43.22490256827987,44.34937976012707,9796600
2020-03-26,44.86212921142578,45.39288244276857,44.007526085483185,44.169451032783094,10577500
2020-03-27,42.199363708496094,43.26087004437804,41.8395297726738,42.48722948450163,12158500
2020-03-30,43.01799011230469,43.32384798130403,42.07343015651099,42.44225846045448,8428300
2020-03-31,42.99100875854492,44.10648810570209,42.87406218079028,43.000003065311404,9595700
2020-04-01,41.83953094482422,42.78409419491235,41.650619667458926,42.12740016052526,8755200
2020-04-02,43.29686737060547,43.37782985935375,41.929502800429894,42.208370925960374,6174700
2020-04-03,42.33430862426758,43.314852642830736,42.082423458865286,42.991002738478684,5486200
2020-04-06,44.952083587646484,45.06902669869424,43.63869213760783,43.746644376217496,7370300
2020-04-07,44.72719192504883,46.16652090885426,44.6732158012945,46.13953456279259,6568700
2020-04-08,45.221961975097656,45.518822082749956,44.56526789830754,45.16798585023766,6325900
2020-04-09,43.476768493652344,45.57279126439326,42.92802331855491,45.23094938895657,12274000
2020-04-13,43.85459899902344,44.160456852384435,43.1439287762683,43.84560469376186,9873200
2020-04-14,45.54581832885742,46.121550015931476,44.93410255343335,44.97908094805509,11068800
2020-04-15,44.67320251464844,44.95207392365772,44.11546312825983,44.763159262519835,9398100
2020-04-16,47.1380729675293,47.80376136986563,46.49037317573726,46.607319734062195,18615900
2020-04-17,48.29853820800781,48.74832903910667,47.677828096478805,48.6943563356191,11288500
2020-04-20,47.308990478515625,48.41547529432473,47.28200413206183,47.67781875045199,9901700
2020-04-21,46.211509704589844,46.60732783801144,45.44686665315008,46.418413078136695,13102500
2020-04-22,47.63284683227539,47.77677975229722,47.14707194033987,47.21004237837246,8255500
2020-04-23,47.35397720336914,47.79477371896128,47.01213521770371,47.50690786733722,7619900
2020-04-24,47.434940338134766,47.57887326591765,46.77824614064839,47.317993761926274,5701800
2020-04-27,48.13660430908203,48.35250537789636,47.650832909604176,47.812757853307154,5812300
2020-04-28,47.461917877197266,48.33451302015433,47.389953142483755,48.13660399433783,8561100
2020-04-29,49.00920867919922,49.198120005187434,48.064648617626425,48.35251447578896,8565500
2020-04-30,47.79477310180664,48.9462364934345,47.641842439813296,48.75732517417648,6337900
2020-05-01,45.9686164855957,47.28200817529975,45.95962217988565,47.210040003094015,10238700
2020-05-04,46.91318130493164,46.94016765451751,46.13054285062714,46.589331383375495,7514000
2020-05-05,46.517372131347656,47.30001073576804,46.40042897295737,46.967163012752984,7780700
2020-05-06,46.89519500732422,47.33598811884976,46.778248425403795,46.87720296151863,8206700
2020-05-07,47.075103759765625,47.65982970333185,46.868196985183445,47.63284335518255,5493400
2020-05-08,47.59687042236328,47.983690850752104,47.20105568636098,47.33599089035555,6086000
2020-05-11,47.1380729675293,47.524893295223855,47.12008092535383,47.32698426292492,6459300
2020-05-12,45.9686164855957,47.35397291587416,45.9506278741756,47.35397291587416,8584500
2020-05-13,45.80669021606445,46.796231965726065,45.410875575178544,46.69727744759678,8611000
2020-05-14,46.868202209472656,46.91318403691052,44.79017081119273,45.36590251342841,13695600
2020-05-15,44.79916763305664,45.92364474950702,44.42134496911259,45.482851641572296,17777200
2020-05-18,46.66128921508789,46.949155006805775,45.671750985011535,45.82467818552313,12726500
2020-05-19,45.707740783691406,46.2924667449133,45.69874304628245,46.19351222320293,12940300
2020-05-20,46.634315490722656,46.85921091584542,45.42887587479934,46.40042575851299,8406200
2020-05-21,45.65375900268555,46.967147108038375,45.599782879807556,46.86819259857752,7842600
2020-05-22,44.79916763305664,45.75272546319402,44.62824834674364,45.73473341753499,12462300
2020-05-26,45.71672439575195,46.238483231221984,45.68973805310025,46.14852303633204,8872000
2020-05-27,46.54434585571289,46.54434585571289,45.653758707945705,45.905640416488346,11405700
2020-05-28,45.230960845947266,46.436400303122085,45.069035886652784,46.29246738726381,8178700
2020-05-29,45.275943756103516,45.6357743385625,44.85313930429194,45.28493806222161,10918500
2020-06-01,45.905635833740234,46.13053117438232,45.464842887794866,45.79768703108859,6187300
2020-06-02,46.7872314453125,46.814221223325674,46.13953511072381,46.283468010813635,6063600
2020-06-03,47.73179244995117,47.9027116881933,47.15605744568278,47.3539664606385,8380200
2020-06-04,48.82928466796875,48.91024714346075,47.70480774815273,47.73179752773755,13269500
2020-06-05,49.65690231323242,50.68242473255317,49.53096144512374,49.92677609226978,9776100
2020-06-08,49.98975372314453,50.17866505250435,49.21611292866325,50.142684393315655,6302100
2020-06-09,50.925315856933594,50.9433079010586,49.43201051087315,49.73786839773524,9355100
2020-06-10,51.770912170410156,52.211708594312135,51.114218118514856,51.114218118514856,9194300
2020-06-11,49.512969970703125,50.74539574915491,49.485980190347654,50.24162883930575,9877100
2020-06-12,50.376564025878906,51.15919897042425,49.79183467792609,50.82635477610997,9838800
2020-06-15,50.39455795288086,50.484514733639806,49.04518565170935,49.21610490780384,7509700
2020-06-16,50.196651458740234,51.27615004065934,49.96276175794627,50.90732173026371,8827200
2020-06-17,50.91631317138672,51.11422220589896,50.2776111093551,50.511504228620694,8248700
2020-06-18,50.889122009277344,51.24258106509261,50.56285104782151,50.78942772024521,6831500
2020-06-19,50.127838134765625,51.20634214957599,50.09158502738882,51.18821559588759,6965100
2020-06-22,50.75318145751953,50.75318145751953,50.13689254895248,50.30002805164882,4480400
2020-06-23,51.44197463989258,51.804498758262305,51.23352448188016,51.33321878729615,7836500
2020-06-24,51.278839111328125,51.71386594949161,50.89818846713134,51.39665650311329,7080200
2020-06-25,51.69574737548828,51.74106202988103,50.70787269766568,51.26072047020216,4509600
2020-06-26,51.05226516723633,51.89512733469917,50.94350585887208,51.65948908114896,6229300
2020-06-29,51.10664367675781,51.124770228972096,50.445040078724844,51.06132902486526,5016600
2020-06-30,51.451026916503906,51.65041547801152,50.925367420633044,50.979747062122044,7158700
2020-07-01,51.496360778808594,52.08546168101232,51.441981117020255,51.63230820463612,6866500
2020-07-02,53.12770080566406,53.535539535302185,52.520476941647445,52.520476941647445,10021200
2020-07-06,56.0822639465332,56.30884063923882,54.88593928563045,54.985630126300705,12725600
2020-07-07,55.021881103515625,55.73786425458326,54.99469300777168,55.52034911677424,6672300
2020-07-08,56.725738525390625,56.86168591817977,55.73786404867551,55.86474643805961,8721900
2020-07-09,58.710548400878906,58.8827488908862,56.99762924782932,57.052008895824116,16903300
2020-07-10,57.86768341064453,58.51116036011954,57.26952110627741,58.42959607329684,10700000
2020-07-13,58.97338104248047,60.79505957993323,58.89181675245829,59.09119843292535,16667700
2020-07-14,60.686302185058594,60.749743384148296,59.20902459792857,59.816248491297465,10482700
2020-07-15,59.870635986328125,60.912890380578574,59.05496524824583,60.88570227791895,12432500
2020-07-16,60.35096740722656,60.3872205095244,58.29365398247328,59.254336992363015,15709400
2020-07-17,60.17877960205078,61.62886926056117,60.15159150135573,61.00351528628332,11716600
2020-07-20,60.62285232543945,60.704423520942804,59.63498137865874,60.45065184626549,6357300
2020-07-21,61.45664978027344,62.76173352766294,61.36602050105378,62.39014449392035,10619700
2020-07-22,62.10920333862305,62.44453934085065,61.656049942701884,61.71949114154796,7366100
2020-07-23,61.057899475097656,62.082023801852735,60.495986697425835,61.864512077897494,8559500
2020-07-24,66.97606658935547,69.6859216893683,64.66498173588923,64.71029983676951,41226800
2020-07-27,75.45001983642578,75.58596720102707,72.89423565728822,73.73710102033199,39899200
2020-07-28,69.71311950683594,72.12389898680891,69.3234072944558,71.91544537408693,31500100
2020-07-29,74.92439270019531,75.55881170380538,69.84001023874498,69.88532835135041,28304000
2020-07-30,72.44110870361328,73.66462160039961,71.2447839067109,72.51361491301894,16820300
2020-07-31,71.49855041503906,72.29609799363439,70.2478493888065,72.16921558146178,12021200
2020-08-03,71.55290985107422,71.7341753364019,70.15720364419293,70.48346768864026,10129800
2020-08-04,72.6767578125,72.6767578125,71.36260856312292,71.89733326861385,12569400
2020-08-05,73.9818115234375,76.12976083627812,73.02112865888058,73.39271771528993,14436300
2020-08-06,72.97581481933594,74.40778111149037,72.70392694921993,74.35340492038148,9838700
2020-08-07,72.53172302246094,73.22051804035874,71.96981730209305,72.94862326854951,8705800
2020-08-10,72.38671112060547,73.27488772245032,71.79761044370882,73.00299988935463,7421400
2020-08-11,70.63755798339844,71.77949963399432,70.63755798339844,71.67980532749543,7056300
2020-08-12,71.95169830322266,72.09671071425696,70.44723256888965,70.8369447803289,8354400
2020-08-13,70.9638442993164,71.68888578565233,70.53787888237487,71.59825646418209,6551800
2020-08-14,71.06352233886719,71.80669366789958,70.73725132469956,71.0725804287362,5611200
2020-08-17,72.6767578125,73.31116992283832,72.19641622687622,72.32329864894389,8663900
2020-08-18,71.96983337402344,73.24772249192738,71.82482095278941,72.70393974144542,6804800
2020-08-19,71.18133544921875,71.80668934112083,70.91850565283342,71.60730074285803,7976800
2020-08-20,69.6134262084961,69.87625602199867,68.86119678593072,69.16933779271636,11457100
2020-08-21,71.00008392333984,71.3535499991271,70.56506045472582,70.71006597273939,7942300
2020-08-24,71.50762176513672,72.4229937466678,71.13603258610709,72.25985821446001,6405600
2020-08-25,72.5407943725586,72.93957156221855,72.02419979257724,72.36859387437418,6113100
2020-08-26,74.0905990600586,74.47124634986025,73.41993379975463,73.6374455489879,7821600
2020-08-27,73.04832458496094,74.59810833840172,72.65861239564622,74.48029094705427,8018200
2020-08-28,72.9033203125,73.30209059771094,72.42297882070977,72.55891930738848,5699500
2020-08-31,71.82479858398438,72.28701688950052,71.31726909687372,71.59822193229988,9812900
2020-09-01,73.9093246459961,73.95463583868748,72.49548129132097,72.61330560437777,10193300
2020-09-02,74.47122192382812,74.96062838501149,72.39577869410613,73.72805068601002,12567800
2020-09-03,73.57398223876953,74.14495300200187,71.03632057303787,73.51960604643457,20090100
2020-09-04,71.51666259765625,73.83680545853771,70.15720259362644,72.95768688293371,13638700
2020-09-08,70.07563018798828,71.73417302376785,69.98500090553185,70.71004207975427,11553500
2020-09-09,71.96074676513672,72.23263460146565,71.19038752368199,71.25382871028248,7867500
2020-09-10,71.50762176513672,73.61931867800035,71.3807393417055,73.1752232814176,11241800
2020-09-11,71.43509674072266,72.77643375402498,71.23570815223175,72.51360397052075,7853500
2020-09-14,72.95769500732422,73.51960769414205,72.45922351784293,72.95769500732422,7091100
2020-09-15,77.80646514892578,78.65839605745373,73.75527120162323,73.91840676039294,21048400
2020-09-16,75.3412857055664,78.38647726480185,75.2597214083272,78.38647726480185,14492600
2020-09-17,74.61890411376953,74.96507646572375,73.43461893821414,73.78990310082574,10090200
2020-09-18,73.08842468261719,75.46609223127935,72.97910383831598,75.03793456254728,10528300
2020-09-21,73.4163589477539,73.47102283434356,72.04077508175884,72.69668611866143,8417100
2020-09-22,73.31616973876953,73.68967045289635,72.33230301087426,73.63501350699313,6375200
2020-09-23,70.98404693603516,72.81513124471752,70.95671846057733,72.60560134908508,9094700
2020-09-24,71.40309143066406,71.96790534177362,69.38981288741425,69.98195527078718,9940900
2020-09-25,71.85860443115234,71.89504472103381,70.50123664687244,71.21180492387434,6057500
2020-09-28,72.66935729980469,73.21595451371131,72.39606564312366,73.16129062215727,5999300
2020-09-29,73.343505859375,74.00852193811619,72.25031817541183,72.60560226137463,6114600
2020-09-30,73.85365295410156,74.64621347164264,73.39815984177818,73.41637650815086,5878900
2020-10-01,75.26567077636719,75.35676799230923,74.46399859542429,74.75551385660205,6253800
2020-10-02,73.60767364501953,74.88304852058025,73.43458407607694,73.52568128857817,6145900
2020-10-05,77.01477813720703,77.09676356328637,74.2909312053975,74.2909312053975,10129100
2020-10-06,75.7211685180664,76.93277477100413,75.40231781702083,76.31330393367107,7795600
2020-10-07,79.18290710449219,79.25578765776004,77.23339748134607,77.23339748134607,11446400
2020-10-08,79.98458862304688,80.95023174057131,78.81852048551283,80.95023174057131,10920800
2020-10-09,80.8773422241211,80.89556583768287,79.83881865980915,80.47650612902801,7608800
2020-10-12,82.81776428222656,83.14571294177085,80.78626186309208,81.18709804181918,10022000
2020-10-13,81.66080474853516,82.58090278293837,81.4694984750941,82.44425345897379,8247000
2020-10-14,80.71337127685547,81.87943243358886,80.41274418012094,81.66990951182072,8159000
2020-10-15,80.30343627929688,81.52415447182804,79.4288903465268,79.51998757801411,10327900
2020-10-16,78.98249053955078,80.70425367873266,78.74563916239602,80.66782035168748,7457200
2020-10-19,79.76593017578125,81.64256602055569,79.51996701932823,80.47649812805825,7994500
2020-10-20,80.40363311767578,81.05954420528643,79.95724493566331,79.97546854935926,7357600
2020-10-21,79.83881378173828,80.9593296380715,79.77504503871259,80.16676930309085,7387600
2020-10-22,80.35808563232422,81.02310856483982,80.05745854158678,80.56761550018525,5656200
2020-10-23,80.44917297363281,80.57671046004886,79.64750778040742,80.394516036675,4165400
2020-10-26,79.00981140136719,79.96634244117129,78.13525880744493,79.44708074805736,5568000
2020-10-27,78.99160766601562,79.4562125452603,78.32659167343722,79.21935420188245,5315800
2020-10-28,76.38619232177734,77.80733553562511,76.37708051360045,77.57047717493829,8727300
2020-10-29,77.3336181640625,77.73445431719735,76.54105766589309,76.76880421648822,5845600
2020-10-30,76.40441131591797,77.20607663015649,75.75761197995175,76.91456133859042,4963600
2020-11-02,78.08061981201172,78.30836634288923,77.00565590825899,77.0694246588938,6597100
2020-11-03,79.88438415527344,80.38542240798724,78.39947216293346,78.51790482015222,6274700
2020-11-04,81.48770141601562,81.7792166812441,80.5858271501951,80.82268547515326,7620800
2020-11-05,82.38048553466797,82.8633071273243,81.77923128324984,82.37137372623859,6670100
2020-11-06,83.27323913574219,83.35522454506575,81.12331147670014,81.81565587856163,6403000
2020-11-09,81.10509490966797,84.24800126196013,81.02310949322158,83.99291930460181,8978000
2020-11-10,79.85704803466797,80.89557167390434,78.98249522768431,80.53117582937325,8350100
2020-11-11,82.7904281616211,83.06372681760107,81.40573211533065,81.53326963471503,7707300
2020-11-12,81.82476806640625,83.71050894262541,81.78832778977977,82.79041107105533,7474600
2020-11-13,84.92212677001953,85.45960524185061,83.0910427324121,83.39166981849007,9170900
2020-11-16,90.43360137939453,93.32143305494297,87.78263502362469,87.83729197417455,18436200
2020-11-17,87.19047546386719,89.35861979688575,87.17225880068341,89.25841772396683,10843700
2020-11-18,88.3018798828125,90.00542633271795,87.79172990862568,89.7503443953524,8526600
2020-11-19,88.01038360595703,88.23813017217671,87.1085091498037,88.15613779419535,5542800
2020-11-20,86.84432220458984,88.54786206988688,86.81699372871695,88.05593560362769,5329800
2020-11-23,89.39505004882812,90.1238415993508,88.2289891282089,88.51139950292888,8802400
2020-11-24,88.0376968383789,89.81411696720082,87.47288294985152,89.7230197465409,7022800
2020-11-25,88.8120346069336,89.26752766546785,87.58220473894559,87.63686168188251,5194900
2020-11-27,89.95075988769531,90.43358137816243,89.32218424457395,89.76856545930951,4367100
2020-11-30,88.38388061523438,89.23109808368254,87.6368721876985,88.87581401145653,13840500
2020-12-01,91.88204956054688,95.01584366025911,89.75033868217211,89.90521158613916,16157300
2020-12-02,90.6795654296875,92.95703088567642,90.66134181388671,92.92059060434784,8676300
2020-12-03,90.64311981201172,92.18268859371001,90.57935106100915,92.06425594879623,7359000
2020-12-04,94.49657440185547,94.5147910624952,91.73628117163388,92.47418450755917,10824500
2020-12-07,96.9197998046875,98.03120383467498,95.6262013551457,96.58273248321326,11793000
2020-12-08,96.23654174804688,98.24070777775466,95.75372037408901,98.18605085248252,9876200
2020-12-09,95.12516021728516,97.1111100539061,94.29616653861224,96.5736316287614,8204100
2020-12-10,94.95207214355469,95.75373730714996,93.10276475833025,93.8315563254325,7135000
2020-12-11,94.76988220214844,95.76286065828245,94.03198569044307,94.75166553839684,7492600
2020-12-14,94.34171295166016,95.56243787070214,94.28705601284119,94.5330191877985,5878000
2020-12-15,95.73552703857422,96.91069995542516,95.12516801246268,96.27301245803586,7399900
2020-12-16,95.83573913574219,96.26390373353154,94.70611826836173,96.24568706885383,5986900
2020-12-17,95.05082702636719,96.3498837958761,95.00508273999931,95.96565691693935,7779300
2020-12-18,95.3984603881836,95.87417584242945,94.37385537214303,95.14230913417344,7417000
2020-12-21,95.90160369873047,96.02052905274606,94.52020883157792,94.73976601575941,6116400
2020-12-22,95.08741760253906,96.25839870316348,94.1451439662428,96.12117282864702,5597100
2020-12-23,94.92274475097656,95.93820641674921,94.77636862853115,95.75523626369242,3320800
2020-12-24,96.94451141357422,97.28299396003041,95.75522992601117,95.83756823433646,3172100
2020-12-28,97.10917663574219,98.95712960790789,96.92620650311392,98.43567694421189,5157000
2020-12-29,96.56941986083984,98.02400269759988,96.25838111638855,97.88677684815511,4602400
2020-12-30,99.6249771118164,100.35683684116232,98.25273226724482,98.52717704840022,9571800
2020-12-31,99.7530517578125,100.32939207420856,99.20415522130222,100.32024880064539,4909500
2021-01-04,102.18650817871094,104.38210157399799,101.0429706790405,101.97610118734701,11262100
2021-01-05,103.16534423828125,105.15967330290701,102.47007867784059,102.83601196099701,10583600
2021-01-06,105.76350402832031,106.47707035995879,102.9641262720157,104.15340116488001,10609300
2021-01-07,111.0877914428711,112.46918650147516,107.57484111111202,109.17579338432665,13556100
2021-01-08,108.58116149902344,115.53386724286449,107.01680323012906,115.18623439853178,18976800
2021-01-11,112.15812683105469,113.07295658820782,108.68177794163107,109.54171316722895,12006800
2021-01-12,112.52404022216797,114.5366625399944,111.31646543555293,114.5000754982267,14163200
2021-01-13,109.07514953613281,114.1707507482738,107.94990592034728,113.80481746787869,20650500
2021-01-14,115.68022918701172,123.1818309995742,111.30734371727914,112.93573969759652,37125400
2021-01-15,114.56414794921875,117.59222561267119,112.71618769908069,117.52819478040885,17343100
2021-01-19,120.11714935302734,122.63293117361583,117.50073570124755,119.46761408639358,20443800
2021-01-20,119.51336669921875,124.53578741837585,119.01936474023053,123.67584515717857,17360700
2021-01-21,122.73358154296875,123.86796167407284,121.06858444071473,121.90108299184173,15460100
2021-01-22,118.14112854003906,120.07142011898641,117.83923300863637,118.96446983717658,19163200
2021-01-25,119.40361022949219,120.91307407907644,116.50359395321273,120.60203524303563,20469300
2021-01-26,115.86317443847656,118.30577486356682,115.49724118928434,118.05876695403369,17084600
2021-01-27,111.37137603759766,114.44520467262664,111.15181884355198,114.30797880899908,16732700
2021-01-28,115.11304473876953,116.71399701852329,113.05467752194326,113.89631933105315,14148100
2021-01-29,111.17012023925781,113.76824064120628,110.28274114811266,113.43890133702129,15169200
2021-02-01,115.87235260009766,116.04616552614446,112.8717048176109,113.93291079792901,10179900
2021-02-02,117.500732421875,119.15657199501416,116.59504596643036,118.4430059243707,9302400
2021-02-03,116.64080810546875,118.14112852979086,115.32345086280621,118.01305290670956,9676600
2021-02-04,117.23543548583984,117.28117976853707,115.24111318483686,116.64080168836158,7445100
2021-02-05,116.89694213867188,117.90326042841416,115.90892435215963,117.82091514347603,6226800
2021-02-08,121.26070404052734,121.90108216814552,117.73860339983301,117.73860339983301,11160000
2021-02-09,121.37959289550781,122.96225826193117,120.52880800996766,122.56887424835554,7929100
2021-02-10,122.30358123779297,124.4168355493141,121.22407496468766,122.69695129683771,12196300
2021-02-11,127.30773162841797,127.3717624623311,122.64209357694064,123.86796228690024,12347900
2021-02-12,126.30140686035156,127.90235909788734,125.47806557901144,127.08816108973697,11114100
2021-02-16,128.1219482421875,130.0888272191525,127.54560085747377,129.5490808527182,11833600
2021-02-17,124.66388702392578,127.74685963263175,124.5083676002579,127.35348943615381,12311200
2021-02-18,123.16357421875,124.307111782367,122.03832320552775,123.3648379466825,11614600
2021-02-19,125.02063751220703,126.20076175263618,124.16069531011105,124.55406540385601,10771900
2021-02-22,122.19381713867188,123.75816820337845,121.8370201332117,122.21210368316142,10363800
2021-02-23,118.10454559326172,120.5196959692494,114.70137027124498,118.10454559326172,18444700
2021-02-24,121.031982421875,121.10517047921873,116.80546633483775,118.47959952409259,12782900
2021-02-25,115.26853942871094,120.33668970281724,115.01238823560482,120.31840315987615,13581200
2021-02-26,115.21366119384766,116.54016154233395,112.36854010692049,114.7470960660668,17281000
2021-03-01,118.13197326660156,119.20232242783061,116.40293857129667,118.5893881539231,9714900
2021-03-02,115.26853942871094,117.57391412585923,115.26853942871094,117.49156884585197,8274500
2021-03-03,112.42343139648438,116.87865494925765,112.25876175647475,115.92723113804622,10660300
2021-03-04,105.74516296386719,112.66128032643384,103.82402196633075,111.56348048527246,24454200
2021-03-05,110.51144409179688,110.96885899783975,105.55306120579799,110.60292567708593,17448700
2021-03-08,104.2265625,110.69440909961159,104.01614856870503,110.27358821661933,17246900
2021-03-09,106.46788787841797,108.31584795291418,105.50732079181114,107.09912266361485,17717100
2021-03-10,104.13508605957031,107.97736873214963,103.75085918823198,107.76696177005398,15240300
2021-03-11,110.31016540527344,110.51142905327973,107.09911124752895,108.16946030691157,15091600
2021-03-12,108.224365234375,108.86474328539133,107.29123495478288,108.86474328539133,8171000
2021-03-15,108.93795776367188,108.96540154685758,106.76980815721454,108.54458058561251,8935000
2021-03-16,109.1849365234375,110.923114559883,108.04139925993354,109.52342606608978,10793400
2021-03-17,109.0545425415039,109.75242778726178,105.95994754923927,108.12708111550792,9890400
2021-03-18,105.14268493652344,108.65968647214694,104.77537284560978,108.35665347170101,10283800
2021-03-19,104.34378814697266,105.5008188531721,103.95811358020478,105.0324957330135,11536000
2021-03-22,107.60366821289062,108.65968786054995,105.40898737415553,105.40898737415553,9376400
2021-03-23,105.50080108642578,107.2087961726457,105.2528694797979,106.61191496408159,8977400
2021-03-24,100.0554428100586,105.31717214190853,99.9544317980305,103.27859645319072,24196100
2021-03-25,101.42365264892578,103.53569173501347,99.07286667935638,99.17387767078895,16772400
2021-03-26,107.03431701660156,107.16287517864363,102.11235393703689,102.84697801090108,12910900
2021-03-29,105.04166412353516,107.21798227902642,103.2051108464304,107.02514502563778,10863600
2021-03-30,105.66609954833984,106.60273869938761,104.94984484355709,105.85893681455863,8206200
2021-03-31,108.61378479003906,108.68724861951708,106.11607063495738,106.3272773932326,9806500
2021-04-01,114.6009292602539,114.6743860681186,111.69917166980456,112.77355367393255,17904000
2021-04-05,114.32544708251953,116.98845086554037,112.65418379897874,116.6854178786056,14113900
2021-04-06,112.43379974365234,113.87549386130753,111.60734932457403,113.86630913279134,13042300
2021-04-07,110.09219360351562,112.58990736209374,110.04627696590687,112.43380200365642,11193200
2021-04-08,113.34290313720703,113.70103052062436,111.46043293748346,111.46043293748346,10226700
2021-04-09,112.76438903808594,113.35208560457573,111.7542789964044,112.7184723976838,8315200
2021-04-12,111.01966094970703,112.45217044393047,109.49531817537542,112.2226012554513,9868400
2021-04-13,111.35942077636719,112.8562163947171,110.51460782967757,112.39707800987765,8384800
2021-04-14,110.96456146240234,112.42462516895804,110.65235072360554,112.02058114849558,9521900
2021-04-15,108.67805480957031,112.02976643609156,107.0343385432841,111.75428060151334,18709100
2021-04-16,109.12800598144531,110.74417502863903,108.21891395747818,109.4494084497641,9512100
2021-04-19,105.96913146972656,109.16473042890833,105.78547192811573,108.35664946350613,12630300
2021-04-20,105.55592346191406,107.23637181634898,105.18861831843026,106.56603362418414,9299200
2021-04-21,107.80567932128906,107.88832085635403,104.47233062243974,105.14267565462187,8472200
2021-04-22,105.89567565917969,107.8975192757659,105.06004745083314,107.8975192757659,7411800
2021-04-23,108.9443359375,109.01779974736915,106.45580717681234,107.05268837168377,8380300
2021-04-26,111.58897399902344,111.60734345508975,109.64223200968031,110.19319659145866,8444000
2021-04-27,111.35942077636719,111.70837043261847,110.09220135633277,111.57062751598747,5491800
2021-04-28,109.88099670410156,110.57888197357376,109.0269990662911,110.19320742898721,6476500
2021-04-29,109.36677551269531,110.95539760503797,107.99854491681764,110.85438658729902,8831800
2021-04-30,107.19962310791016,108.52194383617812,107.11698156534112,108.36583847406189,7950700
2021-05-03,106.46499633789062,107.94342229507228,106.27215908337494,107.86995848214399,10229500
2021-05-04,105.93240356445312,106.3548100172775,104.4447927477187,105.60182338295658,9638300
2021-05-05,105.95075988769531,106.9700475540336,105.46407437250397,106.52009394642774,7059000
2021-05-06,107.4383773803711,108.02607392693739,105.10595364610685,105.87730974215978,8581700
2021-05-07,107.28227233886719,109.66060571320077,106.56601760846395,108.72396652864934,9614300
2021-05-10,103.13166046142578,105.95076982858707,103.05820364525772,105.58346473005969,12281200
2021-05-11,103.62751007080078,103.75606823080844,100.21152009141052,100.76249164103677,10007700
2021-05-12,99.36671447753906,101.09307204042113,99.22897158021615,100.41354928776151,15058900
2021-05-13,99.8625717163086,102.32355307424281,99.08203807418748,100.42272095491296,10552000
2021-05-14,103.26937103271484,103.60913584892477,101.2307961472423,101.57056096345222,8425200
2021-05-17,100.8268051147461,101.03800487570489,99.05453044049467,100.15645990384516,10688600
2021-05-18,101.78179931640625,104.20605656545018,101.68997303563019,103.76528060947052,7476600
2021-05-19,103.21430206298828,103.29694360282373,99.1738831981797,99.63302154631941,7280500
2021-05-20,104.02235412597656,104.42639800194296,102.93878764525209,103.205088653876,6442500
2021-05-21,102.70924377441406,104.68354000909797,102.56232315080001,104.68354000909797,5979400
2021-05-24,104.34378814697266,105.17942338086556,102.95719525132209,103.08575344024472,6653600
2021-05-25,104.940673828125,105.54673989192106,104.31624531053032,105.46409133508699,5331700
2021-05-26,106.52009582519531,106.52009582519531,104.68354244889885,104.68354244889885,6605100
2021-05-27,106.30889129638672,107.00678355542036,105.60182131452686,106.5200980216097,6513700
2021-05-28,107.76895904541016,108.20972795844786,106.47418547583383,106.79558794038095,5386500
2021-06-01,108.82495880126953,110.22992083925496,107.83321841943479,109.92688788826752,7596100
2021-06-02,109.22901153564453,109.68814988931415,108.28318764802836,109.18310190381474,5383400
2021-06-03,107.27310180664062,108.59542271831948,106.94252157872091,108.40258541968238,4912200
2021-06-04,109.74324798583984,110.05545869420278,108.40256487377916,108.56785495641103,5352100
2021-06-07,108.55866241455078,109.04534789896725,107.96178121434593,108.4851986040252,6266000
2021-06-08,106.44662475585938,108.06279357853128,105.6569062973887,107.94342013932793,11564800
2021-06-09,107.55774688720703,108.03525469245875,106.4925495628447,106.52009674278322,6401600
2021-06-10,108.57703399658203,109.1371833386379,107.09860796340445,107.47510476959403,8566600
2021-06-11,108.58622741699219,108.74233278556359,107.5853091063801,108.6229593282847,6036600
2021-06-14,111.102294921875,111.11147965043891,108.7790560137636,108.86170455904842,7610300
2021-06-15,109.6881332397461,112.02974129038644,109.5228431772786,110.51458355208352,8196900
2021-06-16,108.37501525878906,110.10137997372462,107.89751444765722,109.77998452335748,8059400
2021-06-17,109.80473327636719,110.8371439737984,108.39437446387704,108.47734005650372,7608100
2021-06-18,106.73513793945312,108.67091499304756,106.20049267688057,108.32063380348465,12532800
2021-06-21,105.21416473388672,106.37563374593601,104.18174705286846,106.35719382277725,11116200
2021-06-22,105.38928985595703,105.53677405080997,103.25071628482333,104.62419493639902,11792400
2021-06-23,106.97480010986328,108.23766051450505,106.75356323798621,107.11306436382421,8913700
2021-06-24,108.07173919677734,108.468113144937,107.17759282306116,107.59240669407659,6772200
2021-06-25,107.41727447509766,108.70779493975253,107.41727447509766,108.2653281682703,6712800
2021-06-28,110.25640869140625,110.56981706021121,108.01643623592149,108.11783471589254,11026600
2021-06-29,110.82792663574219,110.88323234011293,109.15946521526674,110.06283157235295,7874900
2021-06-30,110.76341247558594,111.31649067505634,109.70334182415132,110.76341247558594,7936400
2021-07-01,109.15946960449219,110.80949116801018,108.79996844608681,110.70809268407324,8295600
2021-07-02,109.61114501953125,109.8600277063238,109.15024542469565,109.46365377345441,5144300
2021-07-06,110.66199493408203,111.50082853510168,108.97510073825079,110.477630877484,7181500
2021-07-07,109.00276184082031,111.5838025664383,108.96588902670918,111.2058614963768,7391800
2021-07-08,108.65247344970703,109.03040746193244,106.35718839471896,106.80887506304529,7565400
2021-07-09,111.13211059570312,111.34412750859087,108.42202569842627,108.77230686670835,8374200
2021-07-12,113.04024505615234,113.13243061190308,110.17344868501301,111.71285885314192,10668700
2021-07-13,114.2109146118164,115.6673589378111,112.5793261991047,113.55643806772825,13460200
2021-07-14,114.66261291503906,115.94391336322174,114.3676374240784,115.3631823433596,10587700
2021-07-15,108.33905792236328,111.26115967345807,107.73067411261701,110.72652148694459,23734500
2021-07-16,106.68904113769531,109.68488864156028,106.1636158567898,109.46365879506585,12110000
2021-07-19,106.32953643798828,106.57842616063087,104.375326632672,105.08510892308465,9230200
2021-07-20,107.29743957519531,107.73068637001988,105.48149383489857,106.81810000241347,7108000
2021-07-21,108.65247344970703,108.65247344970703,106.86418076415883,107.14072333526599,5564700
2021-07-22,107.44491577148438,108.85526746516376,107.1222874482195,108.85526746516376,5746500
2021-07-23,107.65691375732422,108.44966151667076,106.31108796495583,108.44966151667076,5773900
2021-07-26,106.60607147216797,107.0208782702105,105.88706927141729,106.73512278857095,6440600
2021-07-27,104.66107940673828,106.37562643868185,103.28760060210207,106.30188081665275,11127500
2021-07-28,106.07142639160156,106.47702026228484,104.97448316830956,105.02979589880138,6819700
2021-07-29,107.06698608398438,107.95191253484603,106.56921363673027,106.92871478761874,7162000
2021-07-30,107.51866912841797,108.23767145275468,106.18206296474284,106.46781849549961,6482600
2021-08-02,107.72146606445312,109.12259789697904,107.53710901875279,108.31141705001883,6028800
2021-08-03,109.1502456665039,109.36225554224694,107.70301418405506,108.13626092940349,5874700
2021-08-04,109.45445251464844,110.20111476814621,109.03042565887942,109.16869696751019,4254000
2021-08-05,109.89692687988281,109.91535977367926,108.99356036288711,109.75865556170972,4452300
2021-08-06,108.96589660644531,109.32539777807327,108.26532715514206,109.11338787314943,4338100
2021-08-09,108.97510528564453,109.50053056152736,108.14548457825853,109.15946231716589,4280200
2021-08-10,107.26055908203125,109.74020126391342,105.15885796058956,109.23320887375424,5132800
2021-08-11,106.91950225830078,108.11784419974532,106.19127994407165,107.38962188551619,4490400
2021-08-12,106.65216064453125,106.88261043592632,105.49069875949415,106.51389639590982,6338400
2021-08-13,106.46780395507812,106.48623684402838,105.536784825776,106.07143003133719,4593200
2021-08-16,105.66583251953125,106.44936741202628,105.1772801022706,106.09907923907011,5435900
2021-08-17,102.42109680175781,104.94682432313452,102.0892485688448,104.83621293400945,13398800
2021-08-18,101.81271362304688,104.16330427601154,101.7481879636557,103.00183537420094,9167300
2021-08-19,101.87724304199219,102.2920568957599,99.25933672691991,100.47611137231978,12146900
2021-08-20,99.6649398803711,101.13059734800272,99.30543872669654,100.60517204395757,13042000
2021-08-23,102.28282928466797,102.62389749010926,100.72498652483311,101.47164859266196,9533500
2021-08-24,103.34291076660156,104.22783717087023,103.05715525985634,103.0755881497751,6719800
2021-08-25,107.87816619873047,109.86003601292822,106.5692129382911,106.66139145767397,22106800
2021-08-26,108.86450958251953,109.19635793477771,107.25136060512004,108.75389815361441,9892100
2021-08-27,109.22399139404297,109.97065357040388,108.48655621214735,109.0765071707719,6827700
2021-08-30,109.68489074707031,110.15501033356914,109.20555823166946,109.58349226698684,6434200
2021-08-31,109.70332336425781,111.35334475517949,109.41756083361315,110.62512255252,8424900
2021-09-01,111.03993225097656,111.86955294846047,110.21031155349267,110.81870240923749,8603900
2021-09-02,111.34413146972656,111.89720960928958,111.03993603149738,111.48240276280984,6866400
2021-09-03,114.27546691894531,114.74558655816061,111.77739151619772,112.0723670278528,10361400
2021-09-07,114.94835662841797,115.48300184856886,114.20170153209084,114.8746180378352,9739900
2021-09-08,112.35810089111328,113.51034985999644,111.74971709258315,113.35364568809302,7983300
2021-09-09,113.08631134033203,113.83296634414832,112.34886926371604,112.63463176060839,5101300
2021-09-10,113.3536376953125,114.61649797518923,113.27989207863922,113.39972343115647,5163900
2021-09-13,113.95283508300781,114.39529482063567,112.64387469666282,113.32601126072608,6622800
2021-09-14,113.4642562866211,113.9620286815947,112.82821964257387,113.9620286815947,5110500
2021-09-15,111.99860382080078,112.92040302920243,111.42708577979461,112.8374444761758,5566500
2021-09-16,111.80146026611328,112.11615590957045,110.46861504286856,111.07024695956409,7301400
2021-09-17,108.98767852783203,111.50527189205542,108.93214566474524,111.24610911544231,10722700
2021-09-20,106.16466522216797,107.37718715697531,105.10024743423297,106.62745802097717,8991000
2021-09-21,106.40528106689453,107.24756704645078,106.02579478084056,107.04393715857323,8182200
2021-09-22,107.2475814819336,107.59004355613644,106.35902035658573,106.65520739836835,5345600
2021-09-23,107.54378509521484,108.26574067945313,106.988428127348,108.26574067945313,5484700
2021-09-24,107.0346908569336,107.88622769645058,106.93287590202875,107.36790215268475,4455900
2021-09-27,107.5067367553711,107.8954808965107,106.45157005133181,107.090219122731,5198800
2021-09-28,103.57300567626953,106.47934321132603,103.52672358249902,105.82217843738967,9792300
2021-09-29,103.31385040283203,104.45231655105101,102.75849348387426,103.94324879088181,6522400
2021-09-30,103.34160614013672,104.9150984165695,103.34160614013672,104.06356158606837,6433400
2021-10-01,103.25830078125,103.94323903389542,102.09206830888682,103.66556060048177,5315200
2021-10-04,100.90730285644531,103.1379667429414,100.44451022223336,102.73996479505291,8514500
2021-10-05,101.12946319580078,102.1383478963413,101.09243893225027,101.6292801612483,8039600
2021-10-06,101.20348358154297,101.37008920198981,99.574458694568,100.37046254096349,7553600
2021-10-07,102.58263397216797,103.39714660099114,102.26793125675825,102.73998179904466,7821900
2021-10-08,101.8514175415039,102.80476936688181,101.36085841284584,102.72147007106719,5143400
2021-10-11,102.0550308227539,103.39712659981477,101.72181957049722,101.88842519662556,5318500
2021-10-12,101.07392883300781,102.76775190998065,100.48155470690638,102.24942631505604,9294600
2021-10-13,101.79588317871094,101.86067387283146,100.84252430571483,101.18499343844097,7845100
2021-10-14,104.18390655517578,106.20168332321862,102.88809244312219,105.6463334092446,16930500
2021-10-15,106.312744140625,106.39604344058075,104.55413039333101,106.23869561067112,11558800
2021-10-18,106.75701141357422,106.76626924438416,104.9798892274796,104.9798892274796,6773800
2021-10-19,108.25647735595703,108.27499302016395,107.02544696749948,107.182801866631,5406100
2021-10-20,106.98841857910156,108.32126388437992,106.95140137542744,108.182424654804,8205800
2021-10-21,107.6363296508789,107.69186251650969,106.08134585830992,106.45158143971327,4640300
2021-10-22,105.7296142578125,108.43232169861875,105.7296142578125,107.59003566744897,6283000
2021-10-25,105.18354034423828,106.02582657638345,104.69298113723386,105.88698733286249,6667700
2021-10-26,105.68335723876953,106.72001558575735,105.25758873777201,106.3868042264276,4852300
2021-10-27,105.28533172607422,106.49784625369523,105.2483074653213,105.54449448968887,5394500
2021-10-28,107.3771743774414,107.38642514792306,105.09097709355132,105.20204989424293,5714300
2021-10-29,105.23905944824219,105.69260138851622,104.79478240108993,105.58152859589998,7118900
2021-11-01,105.62779998779297,105.83142282780412,104.91509533195921,105.1279830641533,4955700
2021-11-02,105.6185531616211,106.25720936308906,105.09096975308645,105.13724478723306,4479700
2021-11-03,105.52600860595703,105.60930791434055,104.3412602534546,104.99842513455651,6073000
2021-11-04,109.02470397949219,109.08023684318464,104.045057121479,104.93361824883883,14682800
2021-11-05,109.0339584350586,110.63521715630367,107.59929829973314,109.37642049943453,8668100
2021-11-08,111.91254425048828,113.1528254093472,108.33978371762052,109.58006487647943,15776300
2021-11-09,112.71778869628906,114.09690896275148,111.22759563981356,112.22722956496288,10874100
2021-11-10,109.40419006347656,111.81071772218522,108.9228887687285,110.70001101932212,9046100
2021-11-11,109.39495086669922,111.50528464523492,109.0339730920369,110.38532705440349,6994000
2021-11-12,109.85773468017578,109.97805824139732,108.54339802983034,109.58005623224145,6947200
2021-11-15,109.33015441894531,110.7370411768068,108.76554673714166,110.44085411927509,5157000
2021-11-16,109.2931137084961,109.57078506096855,108.44157692893191,108.93213600712312,5555100
2021-11-17,110.20020294189453,110.65374490306203,108.76554971153999,109.21908461105082,6391400
2021-11-18,114.20799255371094,114.36534039153482,110.88514404853412,111.042491886358,13229700
2021-11-19,115.01324462890625,115.51306159598862,112.93992823323354,112.94918606456551,9071800
2021-11-22,115.46678161621094,118.55823354203187,114.04137921619521,114.30979983648938,16076100
2021-11-23,112.32904052734375,114.03211421034973,110.62595978268185,113.58783718941596,10984000
2021-11-24,111.72740936279297,111.87550641184961,109.58930941404353,111.07024459633007,6992600
2021-11-26,108.37678527832031,110.18168094842025,107.84920191110928,108.75627866154261,6766900
2021-11-29,110.40381622314453,110.95916600474203,109.12651101930471,109.55227942058465,7634000
2021-11-30,108.4323501586914,111.22761545287675,107.1457867905686,109.31165361921018,10561800
2021-12-01,111.65335083007812,114.31904098090743,110.34827924511406,110.34827924511406,12924400
2021-12-02,112.64372253417969,114.21722170223298,111.08873902572455,111.39418385419816,8425500
2021-12-03,110.45011901855469,112.78259136316342,109.20058001031228,111.99584510328167,7809000
2021-12-06,110.27423858642578,110.60744987902729,107.90474233828695,110.04284224776673,5681200
2021-12-07,113.21760559082031,113.45825977154263,111.31090193083993,111.57006471239188,7459200
2021-12-08,112.73631286621094,113.12505706810832,111.1720711650176,112.57895796973719,5795700
2021-12-09,110.60746002197266,113.00472292071987,110.5982021903137,112.16244384282314,6103900
2021-12-10,110.26498413085938,111.80145925618224,109.44121370494976,111.07024595623828,5973900
2021-12-13,107.75665283203125,110.17243134160405,107.72888639931419,110.01508351510316,5854300
2021-12-14,107.6363296508789,108.27498585225828,106.67371996389274,106.84958345393201,6267300
2021-12-15,111.44048309326172,111.54229805175652,107.81219003565681,108.09911924869336,6700700
2021-12-16,108.34181213378906,112.22676374199125,107.94216374738785,111.84570051945792,9116100
2021-12-17,108.10945129394531,109.19686412399561,107.74698035059522,108.08157000459025,11725600
2021-12-20,106.82687377929688,108.38828996807486,105.86957825770622,107.7376957530778,6980800
2021-12-21,109.150390625,109.20615320010997,106.95697285303059,107.87709079667823,6122900
2021-12-22,112.7379379272461,112.86805533947158,108.58345559026449,108.66709945918066,9300100
2021-12-23,112.16171264648438,113.19336303744261,111.38100098454959,112.42194750350663,6512500
2021-12-27,114.03910827636719,114.55958499891561,112.64498711362008,112.6635793666755,6309900
2021-12-28,113.44428253173828,114.9313507612178,113.26769867490938,114.6711088574521,6321000
2021-12-29,112.84017944335938,114.45735813750755,112.43123493346563,113.20265040772246,5847700
2021-12-30,111.9200439453125,112.97028641388785,111.70628267372294,112.45910582379659,4187800
2021-12-31,111.81780242919922,113.15616093437922,111.73415856805872,112.78439389506627,3888200
2022-01-03,119.70855712890625,120.44278813964995,115.24736593383017,115.36818723249996,18592000
2022-01-04,123.98383331298828,125.93560856491655,121.10265815744357,121.63241681159163,25554900
2022-01-05,118.09136199951172,121.641730930985,117.92406716552013,121.48373222412278,17891200
2022-01-06,119.40184020996094,119.8944285882265,116.00018092546932,118.03560023802143,16249000
2022-01-07,114.78265380859375,118.16572093252499,114.60606284134904,117.61736995762267,21248100
2022-01-10,116.18606567382812,116.98536241557964,114.55959090017262,116.27900567129213,11857700
2022-01-11,120.05242156982422,120.40560347767196,116.6414734117044,117.60806495860982,12113100
2022-01-12,122.89643096923828,123.53772901165536,121.0283136044998,121.28854843595389,16389200
2022-01-13,129.36517333984375,134.7650679306061,129.11422751832822,130.81505731884695,52020000
2022-01-14,130.73141479492188,133.72412988282352,126.4839847681643,126.4839847681643,28255300
2022-01-18,124.38351440429688,127.49704372349485,123.88162275289775,127.09740239158113,15191400
2022-01-19,121.76254272460938,126.30737735227828,121.69749110859071,125.11772837444056,11155100
2022-01-20,119.27172088623047,123.37972977271146,119.15089250724336,122.60831431789877,11421900
2022-01-21,115.73993682861328,118.94641973063098,115.49828717698233,118.10994562180606,15573700
2022-01-24,117.06903076171875,117.1712669075639,111.65054339540094,115.03361106463468,17083400
2022-01-25,113.83465576171875,116.93889582498176,113.10970672031024,116.63218743333212,11370500
2022-01-26,114.39229583740234,117.72888924843329,113.28629072447238,116.52994413822701,13592100
2022-01-27,108.16522216796875,115.3774783537252,107.83992861576732,115.24736093284461,18599800
2022-01-28,109.30841064453125,111.15794301886842,106.12981560742081,110.33076490261807,14005900
2022-01-31,113.97407531738281,114.10419275469471,110.42371290458304,111.08359621977006,10189100
2022-02-01,114.36441802978516,114.54100190272712,111.62264193600711,114.22500448419179,6956300
2022-02-02,115.38677215576172,117.54301277515727,113.89971088219022,117.3199553568384,8562900
2022-02-03,111.38098907470703,115.13582311663603,110.8326381261687,112.87734643344922,9926800
2022-02-04,112.47769927978516,113.23052957623874,110.96275674150732,111.93864445241843,5743200
2022-02-07,113.67665100097656,115.34030330600052,113.27700260266502,113.90900455602123,6562900
2022-02-08,114.97782897949219,115.11724252663312,113.02606059212184,113.38853156016772,7036200
2022-02-09,116.66007232666016,116.68796071019922,114.09489412876502,116.06524778011625,10979700
2022-02-10,115.90724182128906,119.57843209581728,115.58194827566442,115.9908927849454,10474900
2022-02-11,112.46842193603516,117.64525909661825,111.94794512703444,116.64148999090412,9845700
2022-02-14,111.3159408569336,112.97030416718194,109.67088076543398,111.4832357044478,8081800
2022-02-15,115.73065185546875,115.81430281984636,112.88664670224571,113.40711637973293,9248700
2022-02-16,114.87560272216797,115.51690083960206,112.98889288255725,114.44807300750129,5749500
2022-02-17,111.3066635131836,114.08561040856821,111.20442736835857,113.84396069435735,7976700
2022-02-18,110.88839721679688,112.17099325013666,110.08910050035433,112.01298745949694,8389000
2022-02-22,108.65782165527344,110.93488369546859,107.5518164461609,109.20617265049765,9793500
2022-02-23,107.71910858154297,110.99993961513782,107.58899115914136,110.1820576613466,8114700
2022-02-24,103.98286437988281,104.0758114781516,97.01225746180572,100.37673962031009,27539100
2022-02-25,103.37873077392578,105.02379056815359,101.64072389942221,104.36390742522228,14258900
2022-02-28,99.45662689208984,102.02180527178133,97.58850215118122,101.65004522199538,26390800
2022-03-01,100.4232177734375,103.26722325732118,99.49380347508405,102.23557281887938,20377900
2022-03-02,101.87308502197266,102.20767468151183,100.24661026788333,100.7484947571921,13342400
2022-03-03,101.1109619140625,102.23555213666174,100.00495685368847,102.15190827034787,10841700
2022-03-04,97.64424133300781,100.48825325000355,96.48247372875684,99.44730692388266,22372100
2022-03-07,92.28153228759766,96.74271597643644,92.06776391199676,95.99918890706361,29422900
2022-03-08,92.94141387939453,95.83189241831307,91.65882492057106,93.1365899976372,25650000
2022-03-09,97.5420150756836,98.2576679631226,95.50660284909473,97.13307765944302,14348400
2022-03-10,96.62190246582031,98.08108252277098,95.2835437060146,96.83567085862677,11811000
2022-03-11,94.25189971923828,97.92308306222955,94.14966358748096,97.92308306222955,18116400
2022-03-14,92.29083251953125,94.67013059273914,92.0770641344223,94.3541260787782,17959400
2022-03-15,94.8838882446289,94.9303617890022,90.72941290339983,91.11046902196509,13415600
2022-03-16,98.70353698730469,98.79692522518043,96.0139101360621,96.18201181426475,20347100
2022-03-17,99.45064544677734,99.4880021652247,97.82566738217766,98.75956396816503,8042000
2022-03-18,99.6654281616211,99.96427473425453,97.9563959844997,98.7221907721894,10218200
2022-03-21,99.85221862792969,100.13239044635634,98.18054292813208,99.6654421656888,10366100
2022-03-22,99.96430206298828,100.82348530356413,99.20784802781456,99.35726779244824,10401200
2022-03-23,98.38600158691406,101.03827153356049,98.38600158691406,99.45998406046738,12905300
2022-03-24,100.78611755371094,100.84215619375013,98.83427711476175,99.72147601881765,10834000
2022-03-25,99.67478942871094,100.84216020419208,98.84361488150785,100.57132932927256,7432100
2022-03-28,99.30123901367188,99.665458161041,97.69493553036877,98.6381732037161,8151200
2022-03-29,102.0281982421875,102.50448747842788,99.73081358071221,100.78611411878869,14076200
2022-03-30,99.67478942871094,102.11225305285505,99.46933103221573,100.6647175662979,15456300
2022-03-31,97.36807250976562,100.06703341863638,97.30270002538374,99.88959076457138,13021600
2022-04-01,95.99522399902344,98.94633329267715,95.45356230823607,98.77823163433159,12085100
2022-04-04,97.8630142211914,98.59145234471404,96.45282852369272,97.14390993253922,9077200
2022-04-05,95.72440338134766,97.68558485487918,95.36018427019461,97.57352182071871,12291000
2022-04-06,94.49166107177734,95.38820097932434,93.12817285039968,93.7818976397363,14902600
2022-04-07,93.87528228759766,94.53835513793851,93.06279681264473,93.78189405341595,12431000
2022-04-08,92.7265853881836,94.04337576303479,92.56782469140454,93.9686694572396,11796200
2022-04-11,91.12029266357422,91.87674664355468,90.50392460119977,91.72732688982315,12480500
2022-04-12,90.99890899658203,93.52976853978699,90.99890899658203,93.38968259088719,13291500
2022-04-13,94.7905044555664,95.46291114442427,92.92271126432371,93.20288309303635,15776800
2022-04-14,91.85806274414062,97.59218683608329,91.83004698840861,97.12523857370968,17828500
2022-04-18,92.24095916748047,93.24022819161712,91.02689792674293,91.47516428099318,10277400
2022-04-19,92.8759994506836,92.8759994506836,91.2510216166093,91.93276916269366,10103000
2022-04-20,92.46509552001953,94.32354758130629,92.36236633383668,93.76321109989567,8596900
2022-04-21,91.20433807373047,93.99668668914192,90.97086394242365,93.15617839142433,13038500
2022-04-22,89.355224609375,91.32574695325593,89.05637799028273,90.61598356101224,11650100
2022-04-25,89.87820434570312,89.91556106369548,88.20652862213863,88.76687226695856,10654400
2022-04-26,86.6375732421875,88.73884032043193,86.6375732421875,88.66413401714352,14176000
2022-04-27,84.29351043701172,86.56287949571305,84.2561537174162,85.76906167317327,15846300
2022-04-28,88.92564392089844,89.84085868664025,85.71303702875525,86.0679223308344,15176200
2022-04-29,86.78703308105469,89.27119495481548,86.63760616756093,87.02050728958812,10629300
2022-05-02,87.56214141845703,88.03842352290197,85.20871815210799,86.38542978528251,8251900
2022-05-03,87.44073486328125,87.83297684481495,86.39477524603276,86.64692418945788,9511900
2022-05-04,89.64474487304688,89.71945832125897,85.8437854773221,87.70224509499845,9082500
2022-05-05,86.0585708618164,88.14115623525315,85.19004676155359,87.82363481959803,11517200
2022-05-06,85.57294464111328,86.74031541496105,84.30284466916164,85.35815240876211,7944900
2022-05-09,81.5291748046875,84.22813536811834,81.25834393975006,83.99466122162734,11428600
2022-05-10,82.94869232177734,84.3215214074303,82.26694469673566,84.06936534574508,11690400
2022-05-11,82.02413177490234,84.58300620454305,81.99611601975222,82.99538499547408,11531300
2022-05-12,81.89338684082031,82.37900988861324,79.74542202831472,80.52055783783382,11592900
2022-05-13,84.94723510742188,85.32079517782829,82.3323288647084,82.99539460527357,11180600
2022-05-16,84.4335708618164,85.33011048622603,83.58372177900495,83.92926598713656,6729100
2022-05-17,87.15123748779297,87.30999821263966,86.26403849594037,87.13256268930884,7668800
2022-05-18,84.545654296875,87.06717927974131,84.39623455255624,85.98385585190276,9610900
2022-05-19,84.24679565429688,86.01185932775239,83.63976155296157,83.90125141198249,7739000
2022-05-20,84.77912139892578,86.88972944084846,82.95802611113578,86.88972944084846,10469900
2022-05-23,85.45152282714844,85.83442378115886,84.65771229147194,85.00324940843676,6920500
2022-05-24,82.85530853271484,83.86391858339924,82.66852493532937,83.60242154705959,8788600
2022-05-25,84.4335708618164,84.90985286146105,83.15413032095847,83.42496111245673,9113500
2022-05-26,84.98458862304688,85.33013292203228,83.15415218463527,83.49969648362067,9762700
2022-05-27,87.57148742675781,87.61818511018609,86.413457553411,86.4975119585687,6279000
2022-05-31,89.00035095214844,89.92490661317515,88.26257176554897,89.2244841464743,9621700
2022-06-01,88.48670959472656,89.99028380533882,87.62752636725274,89.28052034022011,6152400
2022-06-02,89.97159576416016,89.99961864744581,87.43140297631723,87.77694016111795,6335000
2022-06-03,87.57148742675781,88.32794857291239,86.75900188560834,88.12249016593377,9137100
2022-06-06,86.9551010131836,89.22446972345655,86.73096785508856,88.72016477394426,9440200
2022-06-07,87.6368637084961,87.65554563270392,85.70369780684005,86.54420626953103,7360200
2022-06-08,87.29131317138672,88.65480130285378,86.98312559456507,87.78627721139797,6446300
2022-06-09,84.8445053100586,87.31933274330443,84.79781475475399,86.8523844398643,8086700
2022-06-10,82.81794738769531,84.72309722882734,82.7712497095779,84.55499556269612,10460400
2022-06-13,79.89485931396484,81.09024585687473,79.39988811645033,80.37114146383107,14603700
2022-06-14,81.42643737792969,82.07082111205249,80.5859291105252,81.00617968169504,10449600
2022-06-15,83.23819732666016,83.8732472686396,81.5945445210024,81.72528946861007,11742500
2022-06-16,79.34869384765625,80.67242732319431,78.85112271007495,80.00586908581228,10505200
2022-06-17,79.79932403564453,80.3626119492596,78.81356481487232,79.79932403564453,9735500
2022-06-21,81.62999725341797,82.38105244846977,80.73812547656297,80.73812547656297,9604000
2022-06-22,79.71484375,80.9071365258657,79.3768695282784,79.46135950241116,7868700
2022-06-23,78.97315216064453,79.07642242521203,77.69636267380363,78.98253515735583,10370300
2022-06-24,80.66302490234375,81.25448324305482,79.00132464234149,79.00132464234149,10670100
2022-06-27,80.60670471191406,81.67695387939514,80.34383750061616,81.60184691542594,7358000
2022-06-28,79.17969512939453,81.49857053983419,79.17969512939453,80.87895603988082,8289200
2022-06-29,78.53192138671875,79.43318344598846,78.23150070029551,79.26419636221326,7981300
2022-06-30,76.7481689453125,77.18941338679295,75.21790222255143,76.47591158434383,14201600
2022-07-01,72.2887954711914,74.3729670840382,71.51896702670325,74.20398000292646,19531700
2022-07-05,71.4532470703125,71.49080054918903,69.22825179438534,69.9886972070962,22253100
2022-07-06,70.93692016601562,71.6316490210594,69.26582917365988,69.74462724130439,11530500
2022-07-07,75.71546936035156,76.00649986506838,73.54680074628766,73.79089477489183,15847800
2022-07-08,76.52285766601562,77.1330892074698,74.8799304496513,75.0301372134556,10004200
2022-07-11,74.26969909667969,75.35872141545592,73.99744172633707,74.88931363816054,9519600
2022-07-12,74.26029968261719,76.49468500819431,74.1007027772455,76.1942643546621,10363700
2022-07-13,76.31632995605469,76.7200209980206,74.07256098126138,74.42930837267026,14706500
2022-07-14,78.55069732666016,78.89806166743752,75.58404383853616,77.87474896763094,23377000
2022-07-15,80.39075469970703,80.77567242578229,78.83232496539871,80.34381823042956,14061000
2022-07-18,78.46619415283203,80.81323269177106,78.26904377507233,80.79445237240735,11352500
2022-07-19,80.87895965576172,81.17938034002334,79.38623923272229,79.79932035955481,10673100
2022-07-20,81.26384735107422,81.44222454412251,79.90256807675684,79.96828485904956,11664800
2022-07-21,82.41860961914062,82.42799977921284,81.11365671024943,81.3765238915234,7135000
2022-07-22,81.03855895996094,82.36229233935833,80.55037801965626,82.06187164626446,8612100
2022-07-25,81.019775390625,81.39529583679867,80.39076360183799,81.019775390625,5960900
2022-07-26,79.25479888916016,79.9870737970943,78.71967436700879,79.57399986799427,6977700
2022-07-27,82.26839447021484,82.52187865019515,80.09034293481858,80.09034293481858,9399500
2022-07-28,83.18843841552734,83.19782857564584,81.160593585542,81.7989883843233,10668200
2022-07-29,83.06640625,83.75173761713283,82.41862120324625,82.4467845248278,10366200
2022-08-01,81.0291748046875,81.57368958959019,79.1421605437926,80.08097617462006,20102600
2022-08-02,80.78507995605469,82.15574978280586,79.0201021595469,79.34868616551564,15541600
2022-08-03,81.2169189453125,81.46100578228506,79.38622469246168,80.70056763134599,20779400
2022-08-04,83.01005554199219,83.01005554199219,81.32019212783318,81.67693939955059,13472500
2022-08-05,84.27745819091797,85.4134311668794,82.62514818743345,82.64392134453502,13293500
2022-08-08,82.55943298339844,83.64845518109213,81.59245421569825,83.53580191112688,12120300
2022-08-09,79.9964599609375,81.80837398272425,79.27357524917903,81.62061376638502,13075000
2022-08-10,83.2447738647461,83.2447738647461,81.02916857337051,81.49857635268577,10704600
2022-08-11,84.04277038574219,85.43222064223447,83.84561996684839,84.45585154681186,11158800
2022-08-12,85.30078125,85.76079886291657,84.15542513561677,84.19297861704179,12098800
2022-08-15,85.96734619140625,86.31471054996469,84.49340595186091,84.50279611360432,15949500
2022-08-16,84.44646453857422,85.76080787620779,83.15090152492402,85.563657449952,10566100
2022-08-17,83.74234771728516,84.2774723167895,83.06640650943325,83.55458746442538,9093100
2022-08-18,83.80805969238281,84.1835873390561,83.01006791982338,83.28232528459667,10947700
2022-08-19,81.86471557617188,83.16966865721571,81.69572848554634,83.08517869320016,9602800
2022-08-22,80.0246353149414,80.76630045745564,79.74299494806644,80.18423940169085,8054000
2022-08-23,80.76629638671875,81.30142093566377,79.78992740638867,79.94953148509383,8462500
2022-08-24,80.3250503540039,80.8601748922809,79.98707620745068,80.55037122676852,7085800
2022-08-25,82.21208953857422,82.23086270079844,80.74753935684518,81.04796009059973,6602100
2022-08-26,79.55522918701172,82.4186195330176,79.47073922397925,82.14636215892243,9381500
2022-08-29,77.78086853027344,79.16092856398082,77.71515172688711,78.77601790488782,9639700
2022-08-30,77.72454071044922,78.84173351368382,76.72939851350735,78.65396610500046,8392300
2022-08-31,78.2502670288086,79.67727053669621,77.97800968634854,78.9637687827524,8887100
2022-09-01,76.64490509033203,76.82328234654695,75.21790852839649,76.4665278341171,11566000
2022-09-02,75.95018005371094,77.90291813283343,75.67792268245493,76.56041159876101,8850100
2022-09-06,75.13339233398438,76.07220769672334,74.65459449346152,76.07220769672334,12704400
2022-09-07,75.05830383300781,75.27423457104786,73.44354702881628,73.59375379922254,9843500
2022-09-08,75.3305435180664,75.79995120452946,73.95048377385014,74.17580462041927,8181700
2022-09-09,76.54161834716797,76.6636689331178,75.79995332232362,75.88445043279604,7084700
2022-09-12,77.12370300292969,77.45228703054033,76.75756549179289,76.95471590835928,7903000
2022-09-13,73.98805236816406,76.17549435312063,73.71579499486698,75.49954600046502,12835100
2022-09-14,74.78605651855469,75.25546433352149,74.14766160369606,74.86115632537731,8849600
2022-09-15,73.62288665771484,74.82192249873911,73.33020294604461,74.18936034011296,10533100
2022-09-16,73.53791809082031,73.64177244872711,72.62211540915355,72.80150151882972,10604500
2022-09-19,73.85892486572266,73.85892486572266,72.27279408482232,72.27279408482232,10378600
2022-09-20,73.78338623046875,74.05718340436206,73.17914667536064,73.20746927902138,8202800
2022-09-21,72.82981872558594,74.87856871948792,72.82981872558594,73.24523612641538,10869000
2022-09-22,71.4041748046875,72.4615974518245,71.14926421102989,72.17835705611384,10817900
2022-09-23,69.7425308227539,70.23347275531617,69.00610711925508,70.14850494516455,12685500
2022-09-26,68.93059539794922,70.04466362457053,68.84562036888995,69.36489220451618,13441500
2022-09-27,68.94947052001953,69.90303910390566,68.30746501845826,69.402653840047,12430600
2022-09-28,68.09974670410156,68.2508101905328,66.7496474073122,67.13674218896462,12943600
2022-09-29,65.40899658203125,66.73077338102878,64.65370069910699,66.5797098825815,16120300
2022-09-30,64.72921752929688,65.75831768126083,63.95503519979968,64.0211236717164,10472400
2022-10-03,65.38066101074219,65.68278074461718,63.87006234136723,64.27603640905262,11945100
2022-10-04,68.74176025390625,68.85505788214356,66.7685418497276,66.84407360188581,14900700
2022-10-05,70.31844329833984,70.72441739494221,68.52460409932701,68.8456031880761,14037100
2022-10-06,70.1957015991211,70.73385263221624,69.73308230476637,69.8369366447587,11796800
2022-10-07,65.85272216796875,68.00532612719951,65.85272216796875,67.79761746392242,14758600
2022-10-10,63.67181396484375,65.97547485039271,63.26583978861554,65.94715224325428,16042200
2022-10-11,59.904747009277344,61.28317259250714,59.12112133380518,60.61283733549095,28699300
2022-10-12,60.527870178222656,60.64116780101155,59.82921591056581,60.04636428524986,16468700
2022-10-13,62.897605895996094,66.2775676960956,58.837865785659346,59.53651982372103,36639300
2022-10-14,60.348480224609375,63.68124098224016,60.21630327467697,63.501862094819636,19440900
2022-10-17,61.26428985595703,61.698586627565625,60.46178479530846,61.34926487817631,11280100
2022-10-18,60.15021514892578,62.41611705151347,59.272178431789435,62.21785162546379,16656100
2022-10-19,60.10300827026367,60.52786531772523,58.69626018012466,59.234414841277115,12385200
2022-10-20,60.02749252319336,61.6325027647976,59.83866672960684,60.1879921067328,11300900
2022-10-21,60.187984466552734,60.21630707145212,58.554648222234874,58.554648222234874,13699000
2022-10-24,57.86543655395508,58.17699600889423,56.345394348399736,57.19510850105551,25010800
2022-10-25,57.72381591796875,57.931524620820745,56.184890786446644,56.609747859756666,21700600
2022-10-26,57.44057846069336,58.51688063396773,57.05348726501482,57.45946139725718,14006000
2022-10-27,57.54443359375,58.9606214413326,57.506667720108666,58.3941441413684,12937600
2022-10-28,58.54519271850586,58.56407565167675,56.713591419544464,57.37447967432064,11972300
2022-10-31,58.11090850830078,58.79067984186322,57.65772881977649,58.14867438273247,10802800
2022-11-01,58.139225006103516,59.885854989047644,58.139225006103516,59.72535185029172,11561900
2022-11-02,57.13845443725586,59.376030031465405,57.13845443725586,59.00782179968364,16547200
2022-11-03,56.911865234375,57.487782175852075,56.109360264431,56.64751133397966,11040900
2022-11-04,58.98894119262695,59.007824128534295,57.610519285356816,58.07313860965554,14662800
2022-11-07,59.253292083740234,59.41379523002749,58.50743596180449,59.12111514065166,8507100
2022-11-08,61.38701248168945,62.07622699256926,60.631716703261475,60.77333691268643,14102800
2022-11-09,61.36814498901367,62.87874404043004,61.32093584239573,62.81265555702759,15086800
2022-11-10,66.88182067871094,66.91015048318663,63.55850339410361,63.95503421952606,21367900
2022-11-11,69.70475769042969,70.43173084627773,68.33577197693255,68.67565758834544,15524700
2022-11-14,68.73231506347656,69.56314261761713,68.20360007165675,69.14772523899515,11575300
2022-11-15,75.96430969238281,78.29629999570193,75.5394562505998,77.34273156493389,48742400
2022-11-16,75.01075744628906,76.06818044931035,74.4914928168601,76.05873717878112,24006600
2022-11-17,76.92733001708984,78.30575204419596,74.29321965461781,74.86913664442913,24278400
2022-11-18,77.67317962646484,78.21133072029795,76.47414375182052,78.15468551140094,18578400
2022-11-21,75.46392059326172,76.5024567772583,75.02962390552143,76.29474809983839,18659700
2022-11-22,77.92808532714844,78.54176807260065,76.69128377163446,76.80457417177146,16504700
2022-11-23,77.38993835449219,78.31517695169204,77.16335033929471,77.83367831978529,14683800
2022-11-25,76.85179901123047,77.76760168268896,76.85179901123047,77.55044969954865,5908300
2022-11-28,74.79360961914062,76.54968330505774,74.48204653222848,75.7849368914457,13214200
2022-11-29,74.8974609375,75.72828859906168,74.54813198730139,75.44505533410181,11502300
2022-11-30,78.34352111816406,78.76837462493094,75.97376458151314,76.12482088496857,21667300
2022-12-01,78.06027221679688,78.95718828006724,76.6063185371105,78.40015786675492,15975100
2022-12-02,76.94619750976562,77.56932354831577,76.6157551573995,77.2388739928466,10519800
2022-12-05,77.05950164794922,77.5882094565398,76.42693228769559,77.36162142473007,11523300
2022-12-06,75.1146011352539,76.88956118098278,74.73695680502587,76.8517953073392,13992100
2022-12-07,74.81248474121094,75.25622477276235,74.19880187211014,74.58589669217983,14925300
2022-12-08,76.28530883789062,76.44580837167854,74.68029189070347,75.01073422588526,11197500
2022-12-09,76.18145751953125,77.59764518617901,76.18145751953125,76.33251379169347,13787900
2022-12-12,75.93599700927734,75.93599700927734,74.3970753868599,75.33175740273894,11516600
2022-12-13,76.01153564453125,77.50324825651735,75.18070070797171,77.50324825651735,16938000
2022-12-14,75.54887390136719,76.95562523650548,75.07681143529163,76.30417672832871,17910000
2022-12-15,73.68888092041016,75.20804206079316,73.47999490537029,75.20804206079316,17080200
2022-12-16,72.44505310058594,74.11612636932458,72.37859004153303,73.68886488168881,11929100
2022-12-19,72.2551498413086,73.22361978905114,71.93233135468093,73.03372016992036,12561300
2022-12-20,71.7994155883789,72.35010645337931,71.11579134886854,71.31518054473726,12080600
2022-12-21,73.24262237548828,73.50847465731226,71.94183686064221,72.02729351918929,10806100
2022-12-22,71.4765853881836,72.56848474516964,70.28024304307267,72.42606183009661,13019700
2022-12-23,71.10628509521484,71.54304335814216,70.42266094665736,71.10628509521484,7452600
2022-12-27,70.56509399414062,70.96387239014022,70.41318151925402,70.57459078754945,8974800
2022-12-28,69.3687515258789,70.7834767418851,69.1598655345797,70.44166461865562,10275700
2022-12-29,72.16021728515625,72.19819721615701,70.40368712897487,70.59357954004756,11142500
2022-12-30,70.72650909423828,70.80246895991036,69.92895223647598,70.53661667398958,7784100
2023-01-03,70.28974914550781,72.13173600484372,70.0428832096131,72.01779620890817,9276200
2023-01-04,72.46404266357422,72.73939170444528,70.7075126728469,71.20123724148884,12316400
2023-01-05,71.90383911132812,72.57796637497677,71.53353671192929,72.16019450975777,10039200
2023-01-06,74.12564086914062,74.76178847831648,72.30264746198063,72.63496283662981,13744100
2023-01-09,76.25245666503906,77.11648377149484,76.01508753609156,76.48982579398657,22247600
2023-01-10,77.1639633178711,77.45830600203949,76.39488955780436,76.44236628736014,10269000
2023-01-11,77.64817810058594,77.75262108311523,76.55627880209883,77.4487889277382,11771400
2023-01-12,82.60446166992188,84.34200553324652,80.15481037840826,80.66752859597608,36086800
2023-01-13,82.41456604003906,82.69940465385022,80.610559176844,81.0947942374334,18719900
2023-01-17,84.4939193725586,85.19653726193502,81.80690613916202,81.86387241627253,21850000
2023-01-18,84.94966125488281,86.6112450837388,84.84521826326885,85.90863452155169,19209800
2023-01-19,83.93372344970703,85.46238118331065,83.80079732017026,84.5318910326225,13651100
2023-01-20,86.43085479736328,86.43085479736328,84.69331085954255,85.4528950464167,14287200
2023-01-23,90.8269271850586,90.8933902515585,87.08598738624165,87.12396731623174,22875100
2023-01-24,89.78248596191406,93.04868709218722,86.92456721685508,90.95034511989012,11370500
2023-01-25,87.74114227294922,88.30133002938155,86.51631650326982,87.9974977857044,14147300
2023-01-26,88.72855377197266,89.51662080784811,87.95948031793436,89.14632564524234,15759400
2023-01-27,88.5861587524414,89.3647291786648,87.57970875469114,88.13040685331836,13646600
2023-01-30,88.42474365234375,89.4881599379359,87.90253592479385,88.1588913919284,14079800
2023-01-31,88.04496002197266,88.07344315826388,85.45288596050766,86.40236247117997,13342100
2023-02-01,89.95340728759766,90.93136698560238,87.89304489044875,88.30132010110357,16788500
2023-02-02,91.76690673828125,92.5739603282542,90.99782583429656,91.71943001489952,14925300
2023-02-03,89.87744903564453,92.05174384764395,89.54512646524638,90.23824749810466,12242200
2023-02-06,87.19043731689453,87.39932332648698,86.15550406316783,87.16195417811949,12425200
2023-02-07,89.77301025390625,89.91542594055349,87.0480099611341,87.14295616687598,15258900
2023-02-08,89.51665496826172,91.09278964148073,89.46918548341199,90.2192656418509,12899700
2023-02-09,91.80489349365234,93.58990686898022,90.78895383555682,91.14975233071723,16997400
2023-02-10,90.55157470703125,91.62448052400508,89.48815843924848,91.10226556127007,11511400
2023-02-13,91.25419616699219,91.52004845468558,90.11482715004006,90.64653172542685,7803500
2023-02-14,93.01071166992188,93.98867124910625,90.40914823928618,90.97883265742044,15345100
2023-02-15,88.07345581054688,88.94697258730793,86.18399206724587,87.66518056254934,30208300
2023-02-16,86.23146057128906,87.15245399012002,85.338950290124,86.38338029741556,15568400
2023-02-17,85.54784393310547,85.73774360772629,84.44645479603224,85.42441457755085,11235300
2023-02-21,83.21212005615234,84.90218707069127,83.06020758267567,83.91473063933498,14007600
2023-02-22,82.44305419921875,83.63938948917888,82.28164491716673,83.31657092507483,10106400
2023-02-23,85.52883911132812,87.34233533762401,84.94016111306998,85.73772508632071,15468300
2023-02-24,83.65838623046875,83.69636616484144,82.83233895670925,83.6393926413165,8817600
2023-02-27,82.88928985595703,84.36097388056703,82.83231634798277,84.21855097652612,10609400
2023-02-28,82.6709213256836,83.69635771846704,82.50951205383741,82.7373843931456,7520400
2023-03-01,83.95270538330078,85.49085982935806,83.81028246801078,84.54138338599859,8176700
2023-03-02,84.53189086914062,84.8262262634127,82.71839453743577,83.21211912562738,9761600
2023-03-03,85.25350189208984,85.31046816809986,83.43999817050361,84.19008552833786,10844000
2023-03-06,85.0541000366211,86.71568378323458,84.98763697651376,85.52883824993923,9960000
2023-03-07,84.36096954345703,85.68074104812071,83.8387619140608,85.40539204617893,8761100
2023-03-08,86.2409439086914,86.25043345714519,83.68685005218063,83.88623922866186,8813000
2023-03-09,84.38947296142578,86.10803043883281,84.09513754966305,85.17754023465052,10354700
2023-03-10,82.84183502197266,84.66482839222202,82.79435829344182,83.58242562589074,11928800
2023-03-13,83.30706787109375,84.50341031509122,81.94931615717269,82.01577922384304,11847600
2023-03-14,84.77877044677734,85.10158902878233,83.27859561009885,83.5824278465461,11100100
2023-03-15,82.31961059570312,82.8323287808499,81.12327540762487,82.794348851143,12171500
2023-03-16,85.22964477539062,85.3918943056989,81.90826247088265,82.03233435612287,13184600
2023-03-17,85.39188385009766,85.92635625232572,84.94330567752468,85.00056849729472,13287700
2023-03-20,85.93592071533203,86.25088085417116,84.61882460969825,85.14375089278823,8217500
2023-03-21,88.28378295898438,88.76099259660052,86.66127310374601,86.85215404613598,12299700
2023-03-22,88.3983154296875,90.69846208447782,88.32196014047557,89.23820176609522,12812400
2023-03-23,90.27849578857422,91.45243444147572,89.17137346054152,90.18305533848098,11169700
2023-03-24,88.56056213378906,89.88720429456406,87.89246429695243,89.66768466549065,7653700
2023-03-27,86.52766418457031,87.9783784331943,86.42267747060467,87.8447603029911,9349800
2023-03-28,86.67080688476562,86.72807698938004,85.82137436299942,86.52764982733147,7521300
2023-03-29,88.53194427490234,88.9709763186191,87.28164992785733,87.57752488900279,9264000
2023-03-30,88.25514221191406,89.2572779759372,87.83519544510031,89.09502846390113,10232800
2023-03-31,88.78007507324219,89.00914093510045,86.97622328054405,87.08120998015217,8701800
2023-04-03,88.6082763671875,89.33363700897026,87.52978527633684,88.77053316767784,6863600
2023-04-04,87.96882629394531,89.02823231345296,87.53934051593582,88.79917371729067,6338400
2023-04-05,86.08860778808594,87.97836098299967,84.99103154792327,87.42479610673155,9171800
2023-04-06,86.12678527832031,86.76625166678322,85.32507665752337,85.57322768466359,5874500
2023-04-10,84.96239471435547,84.97194094529735,82.52863010230632,84.38974464573454,12232900
2023-04-11,85.17235565185547,85.74500563674705,84.43745617287854,84.59970566696389,11079200
2023-04-12,82.910400390625,85.42052032170452,82.90085415955087,84.85741647622388,11299100
2023-04-13,83.08219146728516,83.63574905054674,82.05141701849676,82.61452083229537,7910500
2023-04-14,83.22534942626953,84.34202539880874,82.59543655511143,83.94116380991855,7656400
2023-04-17,83.9793472290039,84.03661733515177,83.18718479064137,83.75028864933527,8163600
2023-04-18,84.12252044677734,84.37067151522201,83.51169264879181,84.17978327732546,8468200
2023-04-19,83.25399017333984,83.39714722829115,82.1182289931219,82.29957097158108,11191300
2023-04-20,85.2201156616211,87.69205860276885,84.08435415804364,84.29432760727403,19206300
2023-04-21,81.47876739501953,83.90299296748123,81.39286588302328,83.77891381478001,13175400
2023-04-24,80.78204345703125,82.04187655579659,80.16166949803629,81.50740411439338,10567600
2023-04-25,78.53914642333984,79.5985521773377,78.51051501620039,79.47447303754717,13423700
2023-04-26,78.5009765625,78.62504843294077,77.5083797540527,78.49143033196137,11583500
2023-04-27,79.85625457763672,80.0375965599883,78.4150867948283,79.1213549804301,10013700
2023-04-28,80.4575424194336,80.65796957999522,79.90397752932581,80.6293381687208,8262600
2023-05-01,80.15213012695312,80.82976690635165,80.0757748409711,80.45754398924036,4931100
2023-05-02,79.17862701416016,80.21894787387652,78.78731887397372,79.69401432792216,6875000
2023-05-03,78.93046569824219,79.94215501163879,78.68232194659987,78.85411769554338,7151600
2023-05-04,79.68445587158203,79.9421531297513,78.87320101908422,79.2167925088829,7290600
2023-05-05,81.09700012207031,81.66965018244461,79.93260753971289,80.45754100934634,6865000
2023-05-08,81.64102935791016,81.64102935791016,80.56253814966529,80.64843239312091,6746600
2023-05-09,81.18289184570312,81.58375342905438,80.4575385230759,81.36423381718011,7287800
2023-05-10,81.03018951416016,81.2687943082056,80.33346031162567,80.65796661798049,7442300
2023-05-11,79.627197265625,80.30483405036573,78.76821849565756,80.30483405036573,8730900
2023-05-12,79.627197265625,80.10440688431348,79.16907282776207,79.5794733910998,5069800
2023-05-15,81.75554656982422,81.76508551838988,79.43630778134442,79.531748238482,8707300
2023-05-16,81.96552276611328,82.79587013700484,81.68874030914942,81.78418805969221,11283200
2023-05-17,86.73760223388672,87.6156733100417,84.0461407547751,84.27520657375793,23215600
2023-05-18,88.42697143554688,89.14278608729445,86.91898682160426,87.09078262928941,14879000
2023-05-19,88.36011505126953,88.5605421726529,87.38660356839114,87.93062212118578,9295200
2023-05-22,87.53932189941406,88.22650482340289,87.04301988469327,87.8733671314531,9259800
2023-05-23,86.31768035888672,87.17665186910995,86.21269365756768,86.85215281531737,7656700
2023-05-24,86.02180480957031,86.04089727238437,85.11510943021061,85.21054989935779,9443900
2023-05-25,96.34862518310547,97.7039061197877,92.5595866880926,92.63593469785556,60793200
2023-05-26,98.50560760498047,99.67954645882877,96.13865199829503,96.25317764535478,26135800
2023-05-30,97.33168029785156,100.44308187333047,96.90218725763458,99.05917684534957,25248000
2023-05-31,94.09619140625,95.42284087757805,93.59035036320057,95.18423606243088,22206700
2023-06-01,94.33479309082031,96.00502674142244,94.10573451474004,94.18208980064708,14998500
2023-06-02,94.43023681640625,96.6826666832272,94.1248229674292,96.63494281115807,13085100
2023-06-05,93.5807876586914,94.30614086983249,89.95399247642902,93.54261002416199,10568500
2023-06-06,95.27012634277344,96.01457217004261,92.97951875619388,93.16086073829717,13827600
2023-06-07,95.71870422363281,98.32426461041744,95.00288981030768,96.7590176758111,14367500
2023-06-08,95.38465881347656,96.11001217513136,94.1343646885249,94.47795618894695,9074200
2023-06-09,98.11429595947266,99.90860142103939,97.5893624906321,98.01884821485396,14902400
2023-06-12,102.18011474609375,102.49507482205615,99.55546200968799,99.58409341993176,20568100
2023-06-13,101.93197631835938,105.64466652747778,101.87470621324489,104.98611493096755,17858600
2023-06-14,102.5141830444336,102.79095824043671,100.42400239559636,101.19707971759739,12862600
2023-06-15,100.80628204345703,102.2247421631702,100.70085560763388,101.8509528738899,11987900
2023-06-16,100.22163391113281,101.35256590831638,100.0107810674333,101.04587285715502,11430800
2023-06-20,99.65617370605469,100.51874290385088,98.78401098152568,99.84785412508955,9295500
2023-06-21,97.4134750366211,99.41656978786237,97.39430991952287,98.86068633420314,9340400
2023-06-22,98.84150695800781,99.12903487924763,97.11636136698526,97.20261535607393,8575900
2023-06-23,97.67224884033203,97.94060434483332,96.8096723529071,97.29845960233199,8919000
2023-06-26,95.94709777832031,98.75525904150324,95.92792534925137,97.7776698988857,8560000
2023-06-27,97.835205078125,98.51568024259088,95.86086116733246,96.94387701241652,9732000
2023-06-28,96.72340393066406,97.64348301216656,96.05251521877845,96.32087070353269,8160900
2023-06-29,96.45507049560547,97.29847468508423,95.86084942056848,97.12595936085673,7383900
2023-06-30,96.72340393066406,97.6530692258045,96.23461671720678,97.18344712748458,11704600
2023-07-03,98.86068725585938,99.36864695329972,97.82559543156245,97.99811073561193,5638400
2023-07-05,96.7905044555664,98.80317814569052,96.7617531233294,97.18345882851062,9010800
2023-07-06,95.2762222290039,95.4199789062797,94.49989961101336,94.97910803430668,9140800
2023-07-07,96.06211853027344,97.70101037141501,94.88326265569448,94.95993775416821,8036600
2023-07-10,95.62123107910156,96.56048266379283,95.2666215793609,96.08127431310403,8041600
2023-07-11,97.04927825927734,98.07478384815371,95.97584890996762,98.07478384815371,7677800
2023-07-12,99.57950592041016,100.08746564905037,98.48691136503389,98.55400024783279,10202000
2023-07-13,101.18006134033203,101.25673643928866,98.25688717383456,100.63376405651084,9265900
2023-07-14,100.76793670654297,102.83812040040713,100.49958118596196,101.59217569812154,9518300
2023-07-17,100.43251037597656,100.6625283904117,98.32398875520849,100.32708392933112,10722600
2023-07-18,98.86068725585938,99.416570714701,97.7680927675924,99.37823316800784,10343600
2023-07-19,98.77442932128906,100.432493539735,98.30480715450248,99.5795032050628,11204800
2023-07-20,93.79066467285156,96.27296057021454,93.01434943751465,94.45197457681387,22810200
2023-07-21,93.20604705810547,93.9152735435903,92.32430523159557,93.80984709562271,15381200
2023-07-24,94.16444396972656,94.18360908703556,92.7555702029853,93.22519235451927,9054900
2023-07-25,96.14837646484375,96.69467376757025,94.98869297351699,95.38164007302335,9202200
2023-07-26,95.2762222290039,95.96627621634846,94.4711482755582,95.35289001950424,8993500
2023-07-27,95.21870422363281,97.52849213913076,94.7970058189188,97.27930173261365,8049800
2023-07-28,96.66590881347656,96.79050035193441,95.63081702399262,95.94709628946923,6758700
2023-07-31,95.02700805664062,95.63080788674537,94.3273607161149,95.05575938491155,8647900
2023-08-01,94.30819702148438,95.06534702995376,94.01108289655429,95.01742327402158,6428500
2023-08-02,91.72048950195312,93.44564275458622,91.25086729345756,93.44564275458622,9820900
2023-08-03,91.0304183959961,91.82589867366508,90.64705026614926,90.89623333523164,8571700
2023-08-04,92.16136932373047,93.52231951823174,91.1741938097738,91.31795780206966,7562600
2023-08-07,92.34344482421875,92.90891446264018,91.27002283205154,92.70764783910883,6601400
2023-08-08,90.56079864501953,90.9537530309593,89.77489718527967,90.93458060074096,7659000
2023-08-09,90.07200622558594,91.86424080550417,89.81322961735717,91.84507568851724,6426900
2023-08-10,90.85791778564453,91.97926371413938,90.35953694266455,91.4808828711594,7459600
2023-08-11,88.16474914550781,89.6119603928338,88.14558402907512,89.6119603928338,10658400
2023-08-14,89.19984436035156,89.4106972099288,87.50344997335718,87.87723191137525,7489700
2023-08-15,87.86764526367188,88.85481331624618,87.68554374681821,88.67271179939253,6069500
2023-08-16,87.96348571777344,88.86439977779806,87.52261490239567,87.63762754159221,7439500
2023-08-17,87.82930755615234,89.05607978669715,87.55136583014777,89.05607978669715,7712500
2023-08-18,87.31175231933594,87.53219135851886,85.83578985215466,86.32458437407264,9066200
2023-08-21,88.71104431152344,89.04649599451017,86.73670831841413,86.73670831841413,8618300
2023-08-22,88.40435791015625,89.60237883325843,87.99223842012353,89.46820107484213,7059000
2023-08-23,90.30203247070312,91.14543662611315,89.36278078515157,89.88991295237028,10362600
2023-08-24,88.68230438232422,92.7555757386101,88.6248017148261,92.51597154118153,12254400
2023-08-25,89.22859954833984,89.52571371837502,87.6088801843091,88.41394675878976,10356000
2023-08-28,90.09117889404297,90.23494287598271,89.37236629648412,89.91866357814324,5174800
2023-08-29,91.12628173828125,91.64382774816366,89.62156747908527,89.8707506114377,8910300
2023-08-30,90.83873748779297,91.93133198690937,90.69497351430093,91.48087494896605,6073400
2023-08-31,89.6790542602539,90.47454191106108,89.39152631278594,89.4586151922432,8661200
2023-09-01,89.31485748291016,90.64705615374764,89.21900996011891,90.37870063906661,7094600
2023-09-05,90.66622161865234,91.09751353644852,89.00816476281331,89.51612446214133,6396500
2023-09-06,88.42353820800781,90.0528438835532,87.78139337885844,89.94741744796778,7933700
2023-09-07,86.30543518066406,86.53545316370793,84.75279734280333,86.32460029919278,14684400
2023-09-08,85.91248321533203,87.28301956130306,85.6057901252195,86.97632647119052,5820800
2023-09-11,85.87413787841797,86.63128797550938,85.45243948783825,86.35334624527538,7268600
2023-09-12,86.7175521850586,87.76222294993107,86.66004220685689,86.69837975494481,8242600
2023-09-13,87.42677307128906,88.06891050924895,86.71754675641006,86.83255208133471,5757800
2023-09-14,88.12137603759766,89.52792601704866,87.92869342734339,89.38341589688046,6506300
2023-09-15,85.982666015625,87.80347482559561,85.60694402944641,87.19654100563596,19940500
2023-09-18,85.5780258178711,86.38727074423774,85.1926679409912,85.29864154088543,6647400
2023-09-19,84.94217681884766,85.58764698009013,84.57609091025257,85.21192510413768,7172100
2023-09-20,84.09442138671875,86.05010440848795,84.09442138671875,85.27938848410291,6935300
2023-09-21,82.23506164550781,82.98650549790068,82.22542567686187,82.89016786171271,10652500
2023-09-22,82.50481414794922,83.59344345721345,82.32176748485251,83.09248331359467,7967200
2023-09-25,83.08283233642578,83.08283233642578,81.9074942174473,82.2639515101162,8758000
2023-09-26,81.20423126220703,82.10982118758253,80.94411156657819,81.84006552357364,8877600
2023-09-27,82.3121337890625,82.42773601118024,81.02118595805452,82.05201408911675,7860700
2023-09-28,83.24662017822266,83.9402555269815,81.86897074858942,82.12908308561273,6647700
2023-09-29,83.71868896484375,84.8073182735769,83.52600633270677,84.537569938676,7338300
2023-10-02,84.44123077392578,85.18303868151744,83.83428968126005,83.98843578418808,6305000
2023-10-03,82.28323364257812,84.12330673797356,81.94604089281735,83.81502189397635,8201700
2023-10-04,83.49710083007812,83.58380984692691,82.25432548924196,82.34103450609076,7658500
2023-10-05,83.84391784667969,84.72060718778337,83.36222234499812,83.65124258604308,6651700
2023-10-06,86.02118682861328,86.72445817164008,84.18110641449074,84.86511317076064,9777100
2023-10-09,85.73216247558594,86.06934785337965,84.81694397156159,85.54912318483505,4781300
2023-10-10,87.29285430908203,87.34102679647528,85.87666844076021,86.00190661785719,7182900
2023-10-11,88.63198852539062,88.64162449521245,87.3121399632731,87.9190811104946,8051700
2023-10-12,89.0365982055664,90.01926118299959,88.47782963801345,89.12330722126478,8897800
2023-10-13,87.14834594726562,89.53755877821652,86.89786223795139,89.35451214255346,7985100
2023-10-16,87.88053131103516,88.53563750825971,87.11945151204706,87.16762400379059,8791800
2023-10-17,87.66858673095703,88.34295753500511,85.27937366073289,86.52214901398479,7997100
2023-10-18,86.3198471069336,86.71484101351034,85.33719135047721,85.62620429056848,9982700
2023-10-19,89.5086669921875,91.29093898475325,88.97879896868042,89.68207032705473,22751600
2023-10-20,87.96722412109375,90.8670329000048,87.75527693890172,88.63196621977069,12197300
2023-10-23,87.77455139160156,88.88245247114793,85.89594195026321,86.6859222474016,8227900
2023-10-24,88.28515625,88.63197761999854,87.53371239836666,87.86126183109279,7374800
2023-10-25,84.43158721923828,87.52407146800404,83.50673273503554,87.47590632773446,13027100
2023-10-26,84.24853515625,84.91327725998178,83.37185321880408,83.930621730634,9377300
2023-10-27,82.84198760986328,84.56645833145447,82.74564998269798,84.3352465562398,12480700
2023-10-30,82.909423828125,85.06742487482062,82.85162272244038,84.11366253048605,9785500
2023-10-31,83.15027618408203,83.26588575195822,81.84006381517908,82.99613744367059,9004900
2023-11-01,84.58573150634766,84.65316858136048,83.17917419878316,83.30441973101406,9508800
2023-11-02,87.16761779785156,87.71675035421681,86.19459086461146,87.09054475658527,11032600
2023-11-03,88.4296646118164,89.06549887737887,87.51443871202132,88.29479045396708,9226700
2023-11-06,89.20999908447266,89.21963505184486,87.94795931202633,88.63196599366233,8402700
2023-11-07,89.0269546508789,89.6435242253933,88.3911131427358,88.87280858220575,6241300
2023-11-08,88.63198852539062,90.01927417607816,88.56455143682062,89.91330055831223,6537700
2023-11-09,88.26589965820312,89.95183416782218,88.246627719185,89.23891942597477,8166000
2023-11-10,93.8728256225586,94.17147449398887,90.18303616225069,90.59729460492352,19281700
2023-11-13,92.8901596069336,93.62233883403087,92.21578883861382,93.45856412602322,9526300
2023-11-14,95.28901672363281,96.04046060163265,94.36415480445837,94.41232729923918,13873200
2023-11-15,95.18302917480469,97.01346610694003,94.81693590830588,96.29092289159513,10422900
2023-11-16,94.93255615234375,95.47205279515329,94.32562242918301,94.64353589364406,8459000
2023-11-17,95.93447875976562,96.06935291346764,94.7206040263574,95.31790909995925,7243000
2023-11-20,96.30055236816406,96.90748598211205,95.8959299588654,96.24275126686116,6448900
2023-11-21,94.80732727050781,96.48362582534567,94.64354518777941,96.33911568180473,10112600
2023-11-22,95.03852081298828,96.00191178453386,94.3641427228525,95.10595788699288,7413500
2023-11-24,94.24854278564453,95.11559615098565,93.9017214395081,94.87474840228478,4297600
2023-11-27,93.65123748779297,93.97879424725086,92.89015772179755,93.85354871418315,6856100
2023-11-28,94.3930435180664,94.65315582675716,93.68012896074208,94.28706993116926,6358100
2023-11-29,95.2601089477539,96.07899725960966,94.99036061682808,95.37571852533243,7091100
2023-11-30,93.7475814819336,95.35645013451882,93.35259497028498,95.30827764159292,9681400
2023-12-01,94.94219207763672,95.16376790579353,93.46819757905,94.12330379505838,7500400
2023-12-04,93.45856475830078,93.64160405374582,91.76299450779553,93.49710128104978,10619400
2023-12-05,93.15027618408203,93.46818962133132,92.36992449242321,92.92869302469992,8009600
2023-12-06,94.26780700683594,94.96144969642555,93.88244914038728,94.21964186733608,11262300
2023-12-07,95.65509796142578,95.99228335793802,94.30634902528644,94.37378610458889,11373700
2023-12-08,96.67628479003906,96.69555672597188,95.32753592825146,95.49131798332044,10572500
2023-12-11,97.25432586669922,97.5048096036721,95.7321735576255,95.92484883216427,9482800
2023-12-12,97.8805160522461,97.9286885383066,96.29091956341192,96.4836021575645,7378600
2023-12-13,98.3814926147461,98.92098922846814,97.21579037433091,97.6878499113377,8988800
2023-12-14,100.1324691772461,100.48092496345411,99.50331987105827,100.03567754435014,10074500
2023-12-15,99.25166320800781,101.4004715902128,99.10647205534258,100.18087624644507,16379200
2023-12-18,99.629150390625,99.99696155740394,98.80641041628387,99.54203274984175,5660600
2023-12-19,100.53902435302734,100.64549738422544,99.78403175415092,99.92922292257829,8498500
2023-12-20,96.83184051513672,99.78402631688972,96.73504886970254,99.406533730386,10814100
2023-12-21,99.26133728027344,99.42588379497411,97.91591364176188,98.05142340501281,9068200
2023-12-22,99.84210968017578,100.26799440756051,99.4162175680617,99.62916362411875,5566400
2023-12-26,101.10040283203125,101.59404977242941,100.24862610238975,100.2873442334728,6407500
2023-12-27,101.29399108886719,101.99090266240252,100.74227065727308,101.68116500580106,5889700
2023-12-28,101.34239196777344,102.13609524292644,101.34239196777344,101.63277427674139,5335100
2023-12-29,100.66484832763672,101.6037428060954,100.34542924810823,101.3617599976155,4409600
2024-01-02,98.27405548095703,99.32910434969874,97.36419777200737,98.97096714017556,9020900
2024-01-03,96.95767211914062,98.00303964771801,96.46403249569805,97.12221866028815,6650600
2024-01-04,95.95101928710938,97.21901420833936,95.94134529190357,96.33819325248702,7996700
2024-01-05,96.41564178466797,97.41260988761779,95.63161975899483,95.82520307393902,7347300
2024-01-08,98.96128845214844,99.49365359095732,97.27709015304383,97.40291855643078,12455600
2024-01-09,98.62251281738281,98.69994908841892,96.996388049271,97.80945412569154,7764000
2024-01-10,97.56746673583984,99.48396635325135,96.77376345681236,99.23230217656588,6975700
2024-01-11,97.9739990234375,98.88385673106148,96.78344037655232,98.43860187242016,7862700
2024-01-12,97.99336242675781,99.09680351440406,97.63523257314527,97.65458794980147,6519700
2024-01-16,98.40956115722656,99.06775465407242,96.98670114310916,97.3061202043863,11185500
2024-01-17,99.64851379394531,100.01633237509346,96.79311971620874,97.6352225162422,17649500
2024-01-18,109.40526580810547,109.75372164188371,105.96911437047181,107.63394988385431,58783700
2024-01-19,110.53773498535156,111.45727401375689,107.4597136159975,109.58916658857143,37812600
2024-01-22,109.40526580810547,111.40888315996571,108.9116188127981,111.0991454615772,17755500
2024-01-23,110.46997833251953,110.94426990805033,109.53109133003751,109.87953974643307,11667900
2024-01-24,112.78334045410156,115.03862192802322,110.93459569758102,111.63150734486402,21859200
2024-01-25,112.82205200195312,115.02893383302825,112.74462312267556,114.23523058878669,15485300
2024-01-26,113.4996109008789,114.25459603085105,112.57039786516482,113.15115508939503,10196400
2024-01-29,113.22859954833984,114.09005775997356,112.04772225561157,113.41250146207032,10042200
2024-01-30,112.33808898925781,114.22555919759914,111.85412340528241,112.62847129353456,11030800
2024-01-31,109.3375015258789,111.06041778672179,109.26006526175081,109.86018523165068,12853900
2024-02-01,109.75371551513672,110.37319087733297,108.99873037900558,110.15057084218088,8807600
2024-02-02,112.03802490234375,112.24128954731668,110.26670921578616,111.17656681352732,10044000
2024-02-05,114.98055267333984,115.70650110199865,112.84142552305941,113.3737832732383,13267600
2024-02-06,115.55162048339844,117.10999025878438,114.48689767272406,116.26789486662032,11503800
2024-02-07,120.9720458984375,120.99140127336044,116.15174522242603,116.16142660225204,18172500
2024-02-08,129.44143676757812,130.42873073867352,122.06580566279403,122.92726385017838,33367000
2024-02-09,128.84132385253906,130.83525978045745,126.40213306980931,130.1867476426025,16984200
2024-02-12,126.27632141113281,129.22850000245901,126.08272333937568,128.99620594748524,14203800
2024-02-13,123.4596176147461,125.7536096485844,122.42393160917784,123.8274287827521,14494000
2024-02-14,125.12446594238281,126.59571068043608,123.85647109352904,125.47292175286016,13069700
2024-02-15,124.89215087890625,126.92481213294154,124.23396480850656,126.6053930919099,12554000
2024-02-16,122.62720489501953,124.5146677627178,121.7754207211012,123.05308959724978,13104400
2024-02-20,121.31082153320312,122.98533840777876,120.16866239860687,122.82079187277036,12038800
2024-02-21,121.32049560546875,121.35921374044753,118.96842982952363,120.43968203507134,11469700
2024-02-22,124.9308853149414,127.26358824932059,124.86312304255532,125.53099792426828,17014100
2024-02-23,125.3761215209961,126.8086554971807,123.6338498701179,126.31501592436598,10123300
2024-02-26,126.45052337646484,127.0215992036619,124.43722483551498,125.85041079666163,9526700
2024-02-27,124.46626281738281,127.73787482491979,124.46626281738281,126.57636040083112,8851800
2024-02-28,123.29507446289062,124.4565963418806,122.58848881737943,124.37916007300213,6519100
2024-02-29,124.54370880126953,125.04703717312321,123.07245659028862,123.92423340877977,9369900
2024-03-01,129.60598754882812,132.26779846746652,125.92786064045836,125.9568973961959,24393000
2024-03-04,133.826171875,137.4365661407636,133.26476996689635,135.45230408631045,26544600
2024-03-05,130.6416778564453,133.02278038513543,129.4414378274535,132.72272407025207,13694700
2024-03-06,137.03001403808594,139.38207954100116,134.1649314600711,134.34884073368966,22292700
2024-03-07,144.4153289794922,146.7383726711944,139.52727357075085,140.25322195513448,34675700
2024-03-08,141.6760711669922,153.32028118305413,140.28224801214427,148.96459120888264,43856900
2024-03-11,134.56179809570312,139.76925785182564,134.47467306386278,139.0142727055949,29227100
2024-03-12,139.76925659179688,141.99550126140196,136.06209316666627,139.88541837671752,21218500
2024-03-13,137.5817413330078,138.636782805201,136.8364301672984,138.46256227707727,12923100
2024-03-14,135.14254760742188,138.51095877230887,134.56179775687633,138.03666717365752,14961900
2024-03-15,132.5872039794922,133.28411558478038,130.31257465259802,131.09659651618293,22751200
2024-03-18,132.7952117919922,137.55732925517776,132.7660571208269,136.2355964544196,14732900
2024-03-19,131.07498168945312,132.43559695627422,129.28675973476174,131.49288992842912,17341100
2024-03-20,132.902099609375,133.4463398383566,131.21105475838158,132.6882888294988,12750200
2024-03-21,135.52613830566406,138.58751217288722,135.12767136960895,138.53891611224515,17809400
2024-03-22,136.58546447753906,137.36295696101544,135.19570908297743,135.47754250815183,9944100
2024-03-25,136.28419494628906,137.6933917856708,135.34148768330596,136.21617232216914,9922200
2024-03-26,134.9332733154297,136.99363017972271,134.73890394355402,136.65347265686594,10786400
2024-03-27,132.84378051757812,135.36089880645636,131.34710516837333,134.9527186647004,13842800
2024-03-28,132.2218017578125,132.95069811278452,131.62896546259122,131.8622028053443,10019400
2024-04-01,137.50872802734375,138.93736602444451,133.19365936911566,133.42689670452225,14222700
2024-04-02,136.2744598388672,137.0713787863482,135.42894483654902,136.4299612825726,9869200
2024-04-03,138.00439453125,138.90821901110695,134.4959723587922,134.68062849883253,9707500
2024-04-04,135.730224609375,142.6207213170063,135.50668571478587,139.94810132639802,15759500
2024-04-05,137.38238525390625,138.00437621550296,135.0110400786205,136.0606526068339,8263600
2024-04-08,138.77212524414062,141.8918078176853,138.74297057957378,141.15319826627118,16307400
2024-04-09,141.30868530273438,144.00074636501395,138.92762710270244,142.14448695823407,18443400
2024-04-10,142.10565185546875,144.25345840516823,141.17265788254565,142.50411880377112,18861300
2024-04-11,143.0580596923828,143.4079305474962,140.0744515588459,143.0580596923828,11818800
2024-04-12,138.50975036621094,142.3874695267463,138.15015140976237,140.9199635210886,12024000
2024-04-15,136.1967010498047,141.38643908324485,135.94402234082546,140.93939099586368,13458800
2024-04-16,135.86627197265625,136.5854401575345,133.2033655104656,134.0100125208675,14218200
2024-04-17,135.1179656982422,138.558365305118,133.49495802156167,137.15888172465574,18823200
2024-04-18,128.54815673828125,131.32768191296668,126.63358792060808,129.15070627276992,39306100
2024-04-19,124.10675811767578,127.84843225752913,123.07658690582336,125.72976566476493,28284000
2024-04-22,126.09906005859375,126.98345779610335,122.24076778605323,123.18347485492684,18556800
2024-04-23,129.67550659179688,129.94764152573066,126.98346021303087,127.6637604742816,12573800
2024-04-24,129.2284698486328,132.45504344107013,127.8386997083047,132.26067403926172,15558000
2024-04-25,132.7368927001953,133.96143328750324,125.23411806306062,126.342039974273,18034300
2024-04-26,134.4084930419922,134.8361146166792,132.1246118269295,132.96041358760834,9453400
2024-04-29,134.60284423828125,134.7486175601959,132.08572601700465,134.1169133926557,9997100
2024-04-30,133.47549438476562,135.76908879727776,133.39774366220524,134.05861738925145,10980600
2024-05-01,131.14303588867188,135.50668595383405,129.46171909840118,133.55324904130342,12561800
2024-05-02,132.39671325683594,132.89237220725303,129.47141492222218,131.78445047901548,9261900
2024-05-03,137.57676696777344,138.11129397390684,134.855550706087,134.99161077769952,13264300
2024-05-06,138.81101989746094,138.81101989746094,135.87599316791673,136.517425502153,8601600
2024-05-07,137.139404296875,138.28619397819716,136.55628134843255,137.8780138460605,8682900
2024-05-08,139.55935668945312,140.20077418997528,136.83814075614643,137.13941553340138,10202300
2024-05-09,138.77212524414062,139.31638025139762,137.1588460968563,138.9179133964074,8012700
2024-05-10,145.06008911132812,146.2652031000512,142.79564930373542,143.077497534458,23671400
2024-05-13,142.29026794433594,144.26314591037604,142.1833625695018,143.854965796309,8278700
2024-05-14,147.67437744140625,147.7326867687592,142.13476890139228,142.3680210402363,12316500
2024-05-15,151.20223999023438,151.61042011100136,148.4324283064336,149.04470590230017,14027100
2024-05-16,147.94651794433594,150.69688862312123,147.92709138549145,149.76390959782242,13394100
2024-05-17,147.41197204589844,149.66669825461494,146.59561179630066,149.66669825461494,7711200
2024-05-20,149.22938537597656,149.8999724042573,146.57620676052338,147.40228040958084,9261200
2024-05-21,149.3460235595703,149.65702650062238,147.67441982500654,148.0145774381027,7919400
2024-05-22,151.7562255859375,152.805838188647,150.19152737672732,151.49383355733661,13455200
2024-05-23,152.6697540283203,156.2559261476554,151.48408154362326,154.70094146395772,20873000
2024-05-24,155.49789428710938,156.13932666010805,152.300475360782,152.776678171198,11908200
2024-05-28,154.9245147705078,155.8672220347443,153.16544703912933,155.186906816023,13964400
2024-05-29,149.99716186523438,152.46569939206978,148.89896800387385,152.3393525998371,15780000
2024-05-30,148.65597534179688,149.7153010584283,147.6160761823901,149.26823814189993,9687800
2024-05-31,146.79000854492188,148.2089333829163,143.65089889502062,147.2176301352609,13782600
2024-06-03,150.5899658203125,152.72805857130007,148.17003970432367,150.7551805279936,12924400
2024-06-04,148.17977905273438,149.462628997253,146.74142765147556,149.08360346484577,10066700
2024-06-05,158.33570861816406,159.1229142335602,153.50555471466882,154.12754561826614,23192600
2024-06-06,157.50965881347656,160.0656454219933,155.84776850744876,159.89071740527203,14819100
2024-06-07,159.76434326171875,161.44565983986857,157.40272646374808,158.96742438405224,14023300
2024-06-10,163.42828369140625,165.06100439572273,157.8497916261232,159.38533504819276,12418900
2024-06-11,161.0472412109375,163.6712653626182,159.18125332187478,163.44772644948355,11508600
2024-06-12,168.11265563964844,171.10599186338814,166.7131722280886,168.48196788143082,20309500
2024-06-13,168.5747833251953,169.70570323644952,166.23494748712943,168.61377389486458,15591800
2024-06-14,168.18478393554688,169.28645707399454,166.08869518441867,167.6875761292066,9192500
2024-06-17,172.7962188720703,174.1903585681407,169.13048060595906,173.38116666101973,18593700
2024-06-18,175.18478393554688,180.22515902524722,174.5023374306372,175.50651190419387,27155100
2024-06-20,170.98284912109375,178.5775304394526,169.1499800238461,178.00232658488002,28403200
2024-06-21,169.5984344482422,173.0301693468025,167.8923109208236,168.37977478580035,20175600
2024-06-24,163.60263061523438,167.12212054413385,162.92992805765536,166.15693667331817,19741700
2024-06-25,168.27255249023438,168.3115430586125,164.7725502105095,165.688984767688,13346800
2024-06-26,167.75584411621094,169.33522249001356,165.93271890103657,167.80457860826672,11901500
2024-06-27,167.3268585205078,171.0803215226249,166.8588824783673,169.43269120527114,10864600
2024-06-28,169.45220947265625,172.3867518608033,168.47728160974359,168.47728160974359,11216100
2024-07-01,168.00930786132812,170.90484458816468,166.17643885546053,169.87142351080274,10717000
2024-07-02,171.29481506347656,172.27950168282808,166.7419039275025,166.8394026600265,10655500
2024-07-03,177.91458129882812,177.91458129882812,173.42016350229426,173.52740615638058,11808700
2024-07-05,179.37698364257812,180.43965144753963,177.72935316680585,179.52321687217147,11372900
2024-07-08,181.9507598876953,187.96606196117597,180.48836834994168,185.23626144879267,22582400
2024-07-09,179.89366149902344,183.71537625814395,177.92430340015795,183.3741456162052,19935200
2024-07-10,186.25994873046875,186.6206672358707,182.01900708757046,183.55939471041998,19293500
2024-07-11,179.87417602539062,188.619279432007,178.42152827278252,188.24880211394995,21584200
2024-07-12,182.65274047851562,185.60677070352315,178.1680663730833,178.48005042879478,19220300
2024-07-15,180.57614135742188,185.29478868017466,179.46472418014176,183.9493834585445,15683100
2024-07-16,181.37557983398438,184.83657685162393,180.38116408761044,183.54967976022624,16663300
2024-07-17,166.9076385498047,172.15275494223155,166.23493597888387,170.82685252198385,45052600
2024-07-18,167.56085205078125,174.20986741532747,160.38538217005018,171.0998450594087,52903600
2024-07-19,161.61378479003906,166.24469181765153,161.0775715273878,164.92853334352728,22585300
2024-07-22,165.10403442382812,166.59567281781221,162.0135001029924,162.43272680670106,21037200
2024-07-23,165.56224060058594,167.23910267439553,163.75861828040763,165.17226056789534,11690700
2024-07-24,155.79345703125,161.30179285433297,155.58871565873235,160.95081827017188,19536600
2024-07-25,156.2614288330078,159.30319885220436,148.2962703780194,154.1945866277812,25731800
2024-07-26,157.8798370361328,160.46339019295755,155.19878513231765,160.18066762863756,13089200
2024-07-29,155.9981689453125,159.13743718902148,154.6527788953054,158.60122400275776,12663100
2024-07-30,150.6653594970703,157.10963386940418,148.72526238898618,156.4174433526029,22018000
2024-07-31,161.64303588867188,162.47171561177348,158.00655927737185,159.66393359979307,19860400
2024-08-01,154.2140655517578,163.46613532653038,152.90766592690676,159.3811856421195,21095600
2024-08-02,146.10267639160156,150.00238747652222,143.20713972095058,147.4578253985628,31095300
2024-08-05,144.24057006835938,146.23917510334877,130.2211179309467,130.50384045727716,31193100
2024-08-06,151.49403381347656,153.75587350331006,144.0163391965802,146.66814406510733,24528100
2024-08-07,151.15280151367188,158.57200276229753,150.64584976201783,157.49959109421292,22379000
2024-08-08,160.4243621826172,160.61934475487598,151.64025374686776,155.2767449186584,18889600
2024-08-09,162.929931640625,163.59289029028827,159.14722183522326,162.15000128979932,20519400
2024-08-12,163.4271240234375,165.27948057727522,161.3895139627579,161.83798721986565,14727300
2024-08-13,168.01905822753906,168.12630088361692,162.16949126231341,163.78787502631818,15243500
2024-08-14,165.70849609375,168.18480641033793,162.9981977260894,167.57061195012824,11510300
2024-08-15,169.5984344482422,171.0413233232327,166.53716197123694,168.1067813352941,15393500
2024-08-16,170.1638946533203,170.61236799472803,167.93131649766804,169.04273361412783,10710000
2024-08-19,171.05108642578125,171.05108642578125,166.81015925066035,170.3783838364857,11511000
2024-08-20,167.7265625,171.00232031425932,165.5914832370723,171.00232031425932,13555500
2024-08-21,167.14163208007812,168.7405131503806,165.6499936677443,166.08870822262747,9434800
2024-08-22,162.26698303222656,168.93548551612747,161.8965057132707,167.6875791405279,13546100
2024-08-23,166.98562622070312,168.94522567082143,163.7098683387541,164.76279210897525,12189100
2024-08-26,164.83103942871094,166.76139218021234,163.6123797589874,166.10819238238653,9611300
2024-08-27,166.27394104003906,166.30318768425383,160.90207928392093,162.2474844226713,9186000
2024-08-28,164.95779418945312,168.1458125198568,162.0330105517812,167.02465140923678,10581400
2024-08-29,164.90904235839844,171.0218442352189,163.3101612553888,164.42157842606358,13213200
2024-08-30,167.39511108398438,167.91182166122172,164.51907686368517,165.79622998388382,9481400
2024-09-03,156.4661865234375,164.45083365583807,155.79348388150697,163.78788981384355,18464400
2024-09-04,156.83663940429688,159.77118177107477,154.96477970628155,155.3060104063036,11317400
2024-09-05,159.59567260742188,160.4633577256815,157.01211997333903,157.4898250587635,10260600
2024-09-06,152.88816833496094,161.2627936682509,152.09846440565642,160.7558271012966,14964400
2024-09-09,158.69873046875,159.01071447461717,156.23216456770047,156.72937234130805,10339000
2024-09-10,158.3575439453125,158.8060173596515,153.73639486148133,158.8060173596515,11910800
2024-09-11,165.96194458007812,166.10819266642503,157.37283359337425,159.69316636888487,15059500
2024-09-12,167.74871826171875,168.4532582318525,165.37090706085962,166.93655475696195,13399900
2024-09-13,168.79574584960938,171.01700419309833,167.7682904973437,168.54133444846053,8787800
2024-09-16,165.44921875,166.89743340710265,163.18882552049422,166.26139732240316,12194300
2024-09-17,163.75636291503906,166.5843029904208,162.7876166173773,165.71341528363888,8629100
2024-09-18,163.68788146972656,167.91512233531287,163.41389529486005,164.8425502904869,9116000
2024-09-19,172.43588256835938,173.96238100189245,168.92297720771285,170.63539800219854,15855000
2024-09-20,170.34182739257812,172.24017043910405,169.9210534001749,171.11485645147215,18429800
2024-09-23,171.0072479248047,171.63350414898335,169.97001245330185,171.08553181921778,5794200
2024-09-24,178.0624237060547,178.85502758313143,173.24807632618513,175.64546266321838,14576100
2024-09-25,178.43426513671875,179.87269989836796,177.3187458247383,177.62208656896865,8280900
2024-09-26,182.81805419921875,185.2643697321562,179.85312096778853,184.45219118348598,15103400
2024-09-27,174.14830017089844,181.947154783616,173.5905330982638,181.84929619613214,17908400
2024-09-30,169.94064331054688,173.02300979828374,168.2380023478601,170.52776500281814,13540200
2024-10-01,168.37503051757812,172.21085188812862,167.11272320733377,171.5454462284442,11850200
2024-10-02,172.02491760253906,173.16979152241427,167.12249153792848,169.2459066381689,11164400
2024-10-03,175.6259002685547,176.90776736268418,171.3595249030969,172.02493056691233,12555000
2024-10-04,177.2698211669922,177.33831024113115,173.73734076473218,175.84116625510242,9993800
2024-10-07,180.54786682128906,181.02735004255277,177.04474117467655,177.70036687908564,12054200
2024-10-08,182.0548095703125,182.53427787102325,178.1211299127469,180.9882195543381,10394200
2024-10-09,183.12139892578125,183.96293208469027,178.3461861234951,183.76722982401674,11925000
2024-10-10,181.7906036376953,183.0626907356754,180.44023264879525,181.8688875286153,6443800
2024-10-11,186.71258544921875,187.3779910422911,183.9727090499286,184.1292768284309,12163900
2024-10-14,188.08253479003906,190.0787217460163,186.40924835323608,186.5168868366693,11714400
2024-10-15,183.11163330078125,189.4622595013563,180.29347274798118,188.81644348394508,21812700
2024-10-16,183.4541015625,185.92977183979536,182.65171778247048,185.70471497762105,18689200
2024-10-17,201.41983032226562,208.03467701966815,197.63293868934727,198.98330962932587,62274700
2024-10-18,196.46847534179688,201.5274536461503,196.44890063846677,201.5274536461503,21030800
2024-10-21,197.61337280273438,199.07138228749915,195.37255426444887,196.49785347722914,14820000
2024-10-22,194.21786499023438,195.87157656350936,192.87728895015596,194.79520676317512,11165100
2024-10-23,196.54676818847656,198.76802678735382,192.0161872184058,192.45652101111176,16535700
2024-10-24,193.6796875,196.19450705159142,193.17086461616162,194.68758324293512,9935800
2024-10-25,199.07138061523438,200.7935814220888,195.7052479613196,195.94987952127124,13434900
2024-10-28,190.4994659423828,195.45082086141838,190.34291310420673,194.98111755351724,20135300
2024-10-29,192.71095275878906,194.52121727520372,189.44267882507023,190.21570795554868,13779100
2024-10-30,190.3037567138672,191.2529282501287,188.4739176370712,190.20591305998767,10007800
2024-10-31,186.44839477539062,188.71858296007352,183.63024918239384,188.71858296007352,13062700
2024-11-01,188.806640625,193.91454894387772,188.41523608983445,190.02979846129972,12691200
2024-11-04,187.4464874267578,190.18636393294574,186.50711058134385,189.54053301977004,10917300
2024-11-05,191.55630493164062,194.08090460134713,189.3350609599607,189.42312474432654,10339200
2024-11-06,189.0708465576172,190.08850730588915,184.45220138158297,187.91617779804568,19834900
2024-11-07,196.86968994140625,197.67207366682308,192.03576809067872,192.0944772741086,14865200
2024-11-08,196.8794708251953,202.17330121442967,195.7248170622274,199.5117087238807,13112100
2024-11-11,189.8830108642578,193.94388859546075,187.37798619749046,193.7090518649043,16610000
2024-11-12,187.6519775390625,189.8340868306795,185.64599580024523,189.66773916488248,11819000
2024-11-13,182.65170288085938,188.34671756342692,182.49513510641341,188.30758308537781,13882200
2024-11-14,184.45220947265625,188.52288250655766,183.51281764516878,184.35435086918565,11453900
2024-11-15,182.0156707763672,184.74576750112726,180.8414422084723,184.13907104499927,9834800
2024-11-18,183.4541015625,183.96293940540045,179.54979128742306,180.39132447982044,10681500
2024-11-19,185.5970916748047,185.93958187097724,183.98252916399628,185.0686940136158,9390100
2024-11-20,184.31520080566406,184.7946840323351,180.10753504126848,184.7946840323351,10624500
2024-11-21,187.1333465576172,188.17058188905855,182.72997887658363,185.34264190892864,18137300
2024-11-22,185.99827575683594,188.8555706821573,185.3622247207334,188.80664138228386,8838900
2024-11-25,181.1056365966797,184.2075629567259,179.76506043838103,184.05099517632047,14380000
2024-11-26,179.8922576904297,181.9080193257329,178.41468846531066,181.4187562130428,10186600
2024-11-27,177.29916381835938,178.5321014499485,174.22659216057787,178.09176764803271,9895200
2024-11-29,180.69464111328125,182.9354594106032,177.2893593859211,177.61227480478064,8045300
2024-12-02,190.22547912597656,191.0963668092748,184.88273466519726,185.27413915591305,16646900
2024-12-03,194.6190948486328,194.72673333867814,188.46417100274908,189.34483869866443,11217700
2024-12-04,196.3804473876953,198.24943622178878,194.01241551110178,195.55848887141522,12761100
2024-12-05,199.9129180908203,201.21435980957014,196.4391468783528,196.92841000880946,12483700
2024-12-06,198.660400390625,198.82674805882337,195.6367429771209,197.66229945030932,9672900
2024-12-09,194.89306640625,198.76803682624396,194.7071440345536,196.6152671867333,9699700
2024-12-10,187.8183135986328,195.61716829078313,186.2820203600085,194.82456448991297,15307900
2024-12-11,190.42120361328125,191.79113431450637,189.10996716368027,190.4896926827801,9027600
2024-12-12,187.94357299804688,191.830833611285,187.77668210728348,191.05534966877076,7944900
2024-12-13,197.29852294921875,198.8200428944105,193.6468451236814,194.8640610798348,19477000
2024-12-16,198.5059356689453,201.72569248205457,197.18072439845048,199.46793234421185,15139300
2024-12-17,196.97459411621094,198.68262692756937,193.84318065733453,197.30834593239138,11169400
2024-12-18,191.96824645996094,201.47046660782732,190.39764183402193,199.27160215726636,14721100
2024-12-19,191.0651397705078,194.92296713216274,190.38781027337112,194.75607625960419,10553400
2024-12-20,193.5879669189453,194.4419833493088,188.45401245751677,189.06263546886376,16170100
2024-12-23,203.55154418945312,204.2288737709989,197.2200104560065,197.30835388528462,17847000
2024-12-24,202.54046630859375,203.3944827635814,200.79315966589465,202.13799293014702,7634500
2024-12-26,199.33050537109375,204.3368424450223,199.16362946576803,201.7256936189015,8044900
2024-12-27,197.9268035888672,200.74408745587263,195.3941868983559,200.74408745587263,10664400
2024-12-30,196.70953369140625,198.26051639695535,194.83461013800152,196.1696322783135,11235200
2024-12-31,193.86282348632812,198.0740250056672,193.7352063262288,197.10220235726285,6427900
2025-01-02,197.87767028808594,200.02744991450882,193.0774833739854,193.38178734328952,10951400
2025-01-03,204.77857971191406,204.96509248684876,199.9587552865976,200.3514177018653,10261900
2025-01-06,215.96920776367188,218.11898779221653,211.72855830587096,214.75199165877197,24339900
2025-01-07,207.53695678710938,217.41218759156678,207.43880242233382,217.1766051332744,17010000
2025-01-08,203.31593322753906,206.43753566154032,202.13797597978993,206.11359479716498,13262700
2025-01-10,204.54296875,206.12339929301277,199.49737313081982,203.78712173530505,17265200
2025-01-13,197.66175842285156,199.85079733546942,196.37582069849515,196.83718972642257,16612400
2025-01-14,197.7500762939453,202.47173128821166,194.8542603077496,201.4213911751413,14182900
2025-01-15,203.00181579589844,205.2006653037942,195.6886490364736,198.77097770325372,18286500
2025-01-16,210.84506225585938,217.87356202343722,209.25482070823492,214.8697657763514,38539600
2025-01-17,207.61550903320312,211.7187303435454,207.18358784715863,211.2181025934703,21606100
2025-01-21,214.68325805664062,216.10662373274755,208.15540082904354,210.52114131980596,19061300
2025-01-22,219.1005859375,221.28962436591553,215.28203236571778,217.873544108797,17294500
2025-01-23,220.49453735351562,220.57306983997853,215.38023461789368,216.0575642074135,8986800
2025-01-24,217.8048553466797,222.2418281771578,216.90175428440878,222.06514132909007,13183800
2025-01-27,188.77792358398438,203.19812114801067,184.22314504241686,193.4210455398977,68667500
2025-01-28,198.6826171875,199.11453833010734,188.92519264299813,192.05659096982373,31738800
2025-01-29,198.61390686035156,202.6582320670179,196.08129064557733,200.7342388046098,15199500
2025-01-30,204.32704162597656,205.77004431355874,201.64718591127007,202.7760736145129,13539000
2025-01-31,205.4755401611328,211.05121148890842,204.37610040890024,206.07432224223862,15746900
2025-02-03,196.13040161132812,201.22508253049256,194.34382122102596,195.96352569221318,17719800
2025-02-04,200.30233764648438,201.9711117588691,198.3685182699996,200.32197451233546,12692900
2025-02-05,204.7393035888672,206.61421216549073,200.08635546785933,202.21649833738684,10997800
2025-02-06,206.63388061523438,207.30138429878124,203.19816288528986,206.201959418332,8491400
2025-02-07,202.3343048095703,209.26463535398537,201.9416573765679,209.09775944603237,11616200
2025-02-10,204.13070678710938,206.1234218228205,202.73678885435098,204.1797914634577,9296500
2025-02-11,204.90618896484375,205.98597686346253,197.30834003107458,201.36249131340278,9224500
2025-02-12,202.5895233154297,203.26685281627135,199.28140828740257,201.13669497388534,7373700
2025-02-13,198.1230926513672,198.5844615982573,195.57083953999808,198.17217732245865,15580900
2025-02-14,200.1550750732422,202.46191990968953,193.8333675862775,196.30707335044397,23220300
2025-02-18,199.0164031982422,202.0692843201053,196.83717538888445,200.99929230304934,14988100
2025-02-19,197.25926208496094,198.8789664559269,196.34635005831245,198.29979126831753,13163100
2025-02-20,196.4248809814453,196.66046344914116,193.9806080293252,196.6015678322172,10639300
2025-02-21,194.59902954101562,198.96729560030138,192.4099760614937,197.6322734472742,13757300
2025-02-24,188.13006591796875,195.13892894227098,187.94356812340766,193.2640202250117,15114300
2025-02-25,185.89193725585938,189.975536345897,184.02683953553034,187.14842697917265,20581000
2025-02-26,191.04551696777344,192.47870854328048,187.58035172984242,187.58035172984242,14112300
2025-02-27,177.76400756835938,191.19276168616676,177.75419662559747,191.11422920845578,24219200
2025-02-28,177.2143096923828,178.81437722717504,172.2963308296179,176.01671552181463,27929400
2025-03-03,169.7931671142578,178.23522217127706,167.92806924234296,177.8229228730043,37403000
2025-03-04,176.69403076171875,180.22791736836857,170.98091657739133,171.84475885424763,29395200
2025-03-05,180.8954315185547,181.34698954741108,177.4008184361111,179.63894175809273,17334000
2025-03-06,172.62026977539062,178.21557814487267,172.56135917904692,175.30012523525366,17864300
2025-03-07,173.84730529785156,175.19213844966438,167.8789715987717,172.5613527831208,21012700
2025-03-10,167.51576232910156,171.67789404823776,164.8260959399891,169.3023426119347,18265100
2025-03-11,167.82989501953125,170.14655087642652,165.01261142717541,167.5157650830181,16561100
2025-03-12,173.916015625,174.85839043097488,171.55027515602941,172.3748587282097,14737600
2025-03-13,168.4384765625,170.69623644591599,167.36849971926105,170.69623644591599,14381600
2025-03-14,170.89260864257812,171.16746488255362,168.77227623830285,169.4790537063946,11449400
2025-03-17,173.0031280517578,173.90622925505187,170.62757630381313,170.7551784989413,9678100
2025-03-18,170.6123809814453,172.04129234734563,167.9516318430601,171.84420371703155,9986000
2025-03-19,171.2332000732422,173.17455380156494,169.24258546770236,170.4842573041488,10678500
2025-03-20,174.8892822265625,176.0718291556694,172.01174585220568,172.3073863437074,12209700
2025-03-21,174.16001892089844,174.62318546573724,171.26276948276578,172.36649286299152,9993200
2025-03-24,178.525634765625,180.26988518407452,177.06714560988874,177.3726503233462,11440000
2025-03-25,178.26939392089844,179.85598232721915,177.18539885277173,179.8165706128999,8718800
2025-03-26,170.9770050048828,176.9390303769863,168.97652597636554,176.62367652180157,14612400
2025-03-27,165.7935028076172,169.11449232663966,165.11353420341266,168.89769030683823,17559100
2025-03-28,162.84695434570312,166.17780760343155,161.6742567768864,165.5963758845333,16332000
2025-03-31,163.5860595703125,163.7141739468438,157.40723250753592,158.02807597915856,19408300
2025-04-01,166.1876678466797,166.41431901907504,162.6597257371973,163.97038692869847,9180000
2025-04-02,167.9122314453125,169.2524552734076,163.93098671188565,164.42371583931916,10072700
2025-04-03,155.0914306640625,159.44715450626663,154.92390455900468,157.7324516664803,28370500
2025-04-04,144.66526794433594,149.10967904921085,142.73376324038628,148.69578840627142,36085100
2025-04-07,144.04443359375,151.51420908852614,132.2977728138838,132.5539865509284,46388300
2025-04-08,139.31423950195312,150.39079656047105,136.95899469131987,149.7699529998641,30479700
2025-04-09,156.4414825439453,158.28428448714374,135.89467393994977,138.16123071017083,45612500
2025-04-10,148.93231201171875,153.73148893790835,144.77367694134387,153.23875980669712,24503500
2025-04-11,154.79579162597656,155.7122606276051,151.02148453114535,153.73149485715285,19632200
2025-04-14,153.57379150390625,156.28380136376313,151.79011469295864,155.9980251220496,17509400
2025-04-15,155.04214477539062,155.9487645404872,153.78075944683025,154.2143634729415,14306600
2025-04-16,149.46444702148438,151.30724908845593,146.3306970870472,148.41001454104955,23806100
2025-04-17,149.53341674804688,155.20964996194354,149.24762547983548,153.78073873157808,27239900
2025-04-21,145.7098388671875,148.09464572367565,143.71920924567843,147.80886948385046,15170500
2025-04-22,149.19837951660156,150.38094149749315,145.29597309774,145.84782733580928,12668600
2025-04-23,155.5151824951172,158.0478177160972,153.7315052566969,157.05249514177993,17667900
2025-04-24,161.7925262451172,162.15715601815154,155.10127142748394,155.4855995387044,18761100
2025-04-25,162.69915771484375,163.49737646506995,158.81644993220866,161.54615836796253,14654800
2025-04-28,161.0238800048828,162.91597317100084,158.16605695319885,162.60061929768105,11415600
2025-04-29,162.08816528320312,163.58606600150046,161.1224204291887,161.9896284824502,9830100
2025-04-30,164.26602172851562,164.49267289309688,159.3978560527475,161.16181952822436,10073000
2025-05-01,170.20834350585938,172.23838501579615,168.46407826104326,170.28718196721312,22670600
2025-05-02,176.67295837402344,178.02303139923274,174.56407826658196,177.18540088745686,21691200
2025-05-05,173.8348388671875,177.4613332462712,173.68702613629975,176.3970364731782,14618900
2025-05-06,169.77474975585938,172.198983719197,168.10932287166196,170.09010362034877,14565600
2025-05-07,172.0018768310547,173.42093912102015,168.87797597404165,171.56828783080934,9682500
2025-05-08,172.6719970703125,174.86956477405556,171.1346845946214,172.79024724939654,10343000
2025-05-09,173.9530792236328,177.83578679355426,173.90380330808037,177.18538079681753,11582800
2025-05-12,184.26097106933594,186.4191269454637,181.92543993391493,184.55661153839023,22064900
2025-05-13,191.16905212402344,191.45482840147343,184.99022466055303,184.99022466055303,19996000
2025-05-14,191.92782592773438,193.36660145831485,190.4200761451052,192.4402683815313,12359000
2025-05-15,191.39569091796875,191.66176883967435,188.84335781401475,190.29198255666944,10241800
2025-05-16,191.39569091796875,192.24318556308035,189.7696909187761,191.7011805510499,9146700
2025-05-19,190.68614196777344,190.68614196777344,186.06434108213418,186.25158052666242,10144400
2025-05-20,190.6368865966797,190.91281369090606,188.03527753904623,189.01088657449586,7054100
2025-05-21,188.97146606445312,192.4304340990348,187.7593566435917,190.29199152973158,7375700
2025-05-22,193.33705139160156,193.96774405354802,188.55757298996878,188.55757298996878,11825000
2025-05-23,189.18826293945312,189.99634588933893,187.266622437394,189.22768968851528,9403100
2025-05-27,194.8053741455078,195.42621763729747,190.88325463150926,191.27744694252618,12228200
2025-05-28,193.2877655029297,195.18970759652035,192.63735949971846,193.2384895868867,17787600
2025-05-29,194.2830810546875,196.89455434633763,193.22864858392163,196.5595021621241,14609900
2025-05-30,190.5087890625,193.06112222675617,187.78891476946802,192.9231586783342,11998300
2025-06-02,192.00668334960938,192.32203720983154,189.4050741503753,190.23285547810895,7447400
2025-06-03,194.7364044189453,195.28825863030664,190.8241339828809,191.52381595314938,9548300
2025-06-04,199.45672607421875,201.06302769089294,197.46611141254567,198.45156957504062,13531100
2025-06-05,200.38307189941406,202.76787899992377,199.33848858662626,201.90068598685608,12214300
2025-06-06,202.19630432128906,203.29016351428606,200.27466385707774,200.61958023853305,8532000
2025-06-09,203.98985290527344,206.22684728997706,202.87628029741273,203.39857195455645,11472300
2025-06-10,209.37046813964844,210.1292601718448,206.90682249431035,208.5328226054736,14514000
2025-06-11,210.9866180419922,214.26818079294267,209.8533320285805,211.87352445518428,13326400
2025-06-12,213.07350158691406,213.51859131429157,209.59201613832428,210.59096277283007,9796100
2025-06-13,208.7908935546875,210.9272549746671,207.10947689198082,207.811717213781,10152500
2025-06-16,213.32078552246094,215.21979695850854,210.4030570003079,210.67010784160857,10932900
2025-06-17,211.56027221679688,213.57796635145462,211.16465360978444,211.55038703378042,8389700
2025-06-18,211.1646270751953,212.8163579443363,210.56129896559096,212.35149783897486,6932000
2025-06-20,207.21827697753906,213.14276101134945,205.87315268488268,212.84603953216853,16992000
2025-06-23,208.01943969726562,208.28647545892696,203.94449570662383,204.3698000357398,7535500
2025-06-24,217.68255615234375,217.95949218310867,211.5404922870226,212.0449082519412,14814700
2025-06-25,220.30357360839844,221.05525494829968,218.38479179951528,218.38479179951528,9168400
2025-06-26,221.55967712402344,222.75644826556345,220.26400888049588,222.5190680554059,7982200
2025-06-27,226.06980895996094,226.37641563014375,221.57946100730405,221.84651185534918,13133000
2025-06-30,224.01255798339844,225.6543887018925,222.3410415335963,224.95216344629193,9279800
2025-07-01,222.2223358154297,226.09947026769942,218.76062048380976,224.94225500455963,9990200
2025-07-02,231.04476928710938,231.26236402149354,221.5497729797945,222.02451826759608,12012500
2025-07-03,232.2316436767578,234.98123344483452,230.71838078612137,231.3118086321642,7779600
2025-07-07,226.66322326660156,230.00625598256093,224.95215108885353,229.09632120907986,13817500
2025-07-08,225.36756896972656,227.81055224441735,225.05106202459137,227.26656536489236,8854400
2025-07-09,229.30401611328125,230.71838191577604,227.72152675753793,227.92922122251156,9475300
2025-07-10,227.24676513671875,230.50078592789444,225.27854240766604,230.23373509678026,13124700
2025-07-11,227.87977600097656,229.72933136940466,226.89071444699337,228.47321897011915,8817800
2025-07-14,226.168701171875,227.33580164011,223.83451532728643,226.82148541214806,10673500
2025-07-15,234.35812377929688,235.1098201921258,231.29204212721817,231.89537025715035,14270100
2025-07-16,234.96145629882812,235.703252451527,231.58875283583902,233.81414129393565,15092800
2025-07-17,242.9135284423828,245.5642062147579,238.74957257830778,243.10143746413144,27395700
2025-07-18,237.7703857421875,243.2794657076245,236.07909897757617,242.62668147586376,16252000
2025-07-21,236.2373504638672,239.68916551534434,236.09888245452257,237.49344773010733,11971800
2025-07-22,232.03382873535156,235.39663172321676,229.22488266848907,235.22849308301156,11919500
2025-07-23,237.701171875,237.86931053295794,233.79438164345882,235.91097282581484,9885400
2025-07-24,238.957275390625,239.3034378763647,235.42631842966208,237.58248044627922,9081900
2025-07-25,242.9135284423828,243.54652724562774,238.3044978886934,238.68034611595448,11593400
2025-07-28,240.0946807861328,241.2815515759682,238.41327924287592,240.34194616284356,11892200
2025-07-29,238.69021606445312,241.30133784767156,237.1967386171479,238.8583547101592,9411500
2025-07-30,240.25296020507812,241.8948061058662,238.58144366322978,239.47159307880364,6823800
2025-07-31,238.97705078125,244.70372570065214,237.17696657865446,243.28935981329397,13490700
2025-08-01,232.6371612548828,234.59549879241723,229.3040137488738,233.042664998658,13549800
2025-08-04,236.38571166992188,236.38571166992188,233.80426040742444,235.3076381969098,6450700
2025-08-05,229.92713928222656,236.01976204025797,227.6522947033383,235.72304055746707,11868900
2025-08-06,228.83917236328125,229.66009528365544,226.3170774140901,228.50289504897336,9457200
2025-08-07,239.96609497070312,245.12899717944072,238.16601089845722,241.79586477231484,17691000
2025-08-08,239.18475341796875,240.50020707383274,236.35603681712252,240.50020707383274,10552500
2025-08-11,239.44189453125,242.6662446749137,238.89790768874101,239.39243843795268,8272900
2025-08-12,241.61782836914062,242.09258875760275,239.05616269373908,241.05407115917808,7295800
2025-08-13,238.79901123046875,243.73441846195115,237.31541897887973,243.73441846195115,7971900
2025-08-14,238.36383056640625,238.73967878010387,234.22956058325795,235.36697531476835,11040500
2025-08-15,236.26702880859375,238.16602518092384,234.66473882890776,237.70116504327265,8155500
2025-08-18,238.7693634033203,240.20349969848863,237.36489774866786,237.36489774866786,6919800
2025-08-19,230.1546173095703,237.54290821975607,230.03593475418785,237.394555025528,14594700
2025-08-20,226.09947204589844,226.52476126016785,221.2530614883864,225.6444971011653,17165200
2025-08-21,224.84336853027344,227.81055324042055,223.78506540621768,225.65439116993508,7449100
2025-08-22,230.44143676757812,231.88545805881097,223.69603031449108,225.50601461121195,10299500
2025-08-25,233.0129852294922,234.68450150793558,229.70952358237176,231.73710258931123,7655000
2025-08-26,236.1087646484375,236.21756201810857,233.15146530329247,233.78446406541104,9793100
2025-08-27,236.6725311279297,236.7813285018608,232.8646532241043,234.27900399332705,9516400
2025-08-28,235.66368103027344,238.02753734338535,233.41850726433492,233.7152287241487,8466200
2025-08-29,228.34463500976562,233.36906949018532,228.05781380095644,233.2602721161098,15526000
2025-09-02,225.89175415039062,226.83135955189434,223.161949858343,223.6762509693863,13974900
2025-09-03,228.85894775390625,229.90735056526964,226.09947271440987,228.98753058273127,7198500
2025-09-04,232.6371612548828,232.73605834941404,227.7808656845428,228.81938327434523,6241900
2025-09-05,240.74746704101562,241.87499656468773,235.29772843336622,237.61214384880353,14056600
2025-09-08,244.48611450195312,245.16856935138122,238.97703470505294,239.34299772238555,12986600
2025-09-09,248.17530822753906,251.9436301044328,244.2289474339731,244.2289474339731,13443400
2025-09-10,257.5911865234375,261.68588554992897,254.9306086009324,256.0383526818429,18822400
2025-09-11,256.0779113769531,258.7780600831707,255.40535681473955,257.5021623226766,10005000
2025-09-12,256.4932861328125,258.0955909960977,255.55369588906746,257.99667881681944,8496600
2025-09-15,258.5209045410156,259.92535499441186,255.91966791789744,257.15599481605153,8147700
2025-09-16,260.0111389160156,264.35689969082887,258.5724633115559,263.84097609726933,10381900
2025-09-17,260.7354736328125,262.7396700447274,257.6993996314724,262.2733433698033,10422000
2025-09-18,266.5397033691406,268.42484252175296,255.96304293480085,255.98287566814,16917300
2025-09-19,262.7991638183594,264.4858848314026,260.75527192480314,264.2874363784624,17640200
2025-09-22,270.49853515625,274.19935397621805,263.37467693651274,264.45615148973303,15630300
2025-09-23,280.4997253417969,283.7640121414001,277.8109209775945,280.19215138731926,17830300
2025-09-24,278.5153503417969,279.0114412520244,274.55655456745717,278.1184836694121,10231000
2025-09-25,274.4970397949219,274.97329799297,268.077621884693,270.9847074969126,11863400
2025-09-26,271.2228088378906,273.3460924748757,268.5042403297755,271.7486942723661,10451900
2025-09-29,271.0938720703125,277.68194415661844,271.0938720703125,274.32836448215124,8046200
2025-09-30,277.1064758300781,277.304894031587,271.68914115820706,273.1675126962315,8348800
2025-10-01,286.21466064453125,288.2089555817036,275.00301937242045,276.263079250509,14620100
2025-10-02,285.85748291015625,294.40018392472103,284.7859398924857,294.201735453789,10198000
2025-10-03,289.9056091308594,293.7453479391941,288.2188879210599,290.57035399568434,10572500
2025-10-06,300.0357666015625,304.8974513064171,297.59500788147363,297.6644678735823,15785000
2025-10-07,291.731201171875,304.6990240193715,290.9870648531753,304.22276587496935,13081000
2025-10-08,302.1391906738281,304.0044973014673,291.68161630829576,292.69363084331917,12821200
2025-10-09,297.5354919433594,300.46241017366395,295.0947331203456,299.9464865226407,10259900
2025-10-10,278.4657287597656,297.8529682966983,278.1382918317124,297.61482409111863,23398000
2025-10-13,300.52197265625,302.24835937204824,290.0346033193896,295.9083028677765,20318300
2025-10-14,293.6263122558594,299.39088664009864,289.06226948574704,293.31873829090944,16567900
2025-10-15,302.32769775390625,304.2128370554683,297.72399009995434,303.89536190204666,20788000
2025-10-16,297.49578857421875,308.9356435668838,294.3704219464038,308.4990811506636,26341500
2025-10-17,292.7729797363281,300.92871499569696,292.614257300604,296.0670304388142,17633300
2025-10-20,295.37255859375,301.2760226284694,294.7375476549026,297.654564812383,13391600
2025-10-21,292.2074890136719,297.029478314998,291.3641283776369,296.66237587176795,11190500
2025-10-22,286.6214904785156,292.8920868800823,282.1765050016482,290.7092747532754,15409100
2025-10-23,288.4570007324219,291.7907167589458,287.36559479076834,287.5342487259885,10379900
2025-10-24,292.6539306640625,295.6205747892861,292.0884100589532,293.2591772976509,8747000
2025-10-27,295.9182434082031,298.13081988382834,291.3938964929148,296.3151101013185,13615000
2025-10-28,299.1725769042969,299.7678920400173,293.7651739833993,295.9876818048232,11804200
2025-10-29,302.7047424316406,305.5522993596172,300.0159382255111,303.4091830331609,16177300
2025-10-30,300.8493347167969,304.90735421516405,298.468104705007,300.71041474560946,14507100
2025-10-31,298.0811767578125,305.2744949490037,294.3604949347826,303.59770525177265,12667900
2025-11-03,302.4765319824219,307.69541799091246,299.75796351301875,300.22429017475446,12466600
2025-11-04,291.7510681152344,299.6289946218963,291.21531170382036,294.5589597765923,16224300
2025-11-05,291.3442687988281,295.8884479721017,289.22098528205584,290.3322240172327,10502500
2025-11-06,286.9786376953125,292.3364433314327,285.1331941869922,291.8006567120239,11516900
2025-11-07,284.26007080078125,285.6392179644077,274.96333266669853,282.9801478677512,15715700
2025-11-10,292.9615173339844,294.8069912783868,289.4690482012798,292.0586282373932,10869200
2025-11-11,288.8935852050781,292.6142669187118,286.6512446697196,289.7766112533748,9666300
2025-11-12,288.3478698730469,292.5646425230715,287.3159923229249,291.40380677329665,9715900
2025-11-13,279.9937438964844,287.2366596446681,277.81093160796917,286.90925294088515,13827600
2025-11-14,282.59320068359375,284.6172295623482,271.0938183480427,273.75285805235495,11486800
2025-11-17,279.80517578125,284.2898262429512,277.612432385179,279.23962493544076,10227100
2025-11-18,275.7372741699219,277.9994476801581,270.5878477107414,275.3800729425222,11850400
2025-11-19,280.1623840332031,282.32533319842275,274.15969595458324,274.755011120154,11179200
2025-11-20,275.3304443359375,290.56044073608274,274.24896982769974,289.92542986207985,15747300
2025-11-21,272.9095458984375,276.5111709728595,264.7339768842925,270.6771366651004,20872800
2025-11-24,282.4146423339844,282.8313417341185,271.05414860241115,271.05414860241115,13570300
2025-11-25,282.45428466796875,283.16865671723804,270.94497066484485,280.51954848214416,13726800
2025-11-26,287.6930236816406,290.52074784219457,285.4804776659429,286.8397618751708,12220300
2025-11-28,289.23089599609375,290.38183039735287,286.7405102489479,290.1933134527253,5515400
2025-12-01,285.43084716796875,288.88365066237424,280.97596066559765,284.6768096049723,7713000
2025-12-02,289.8063659667969,292.19752763627986,286.9191134184747,289.7170732420839,10746400
2025-12-03,293.14013671875,294.30097251523483,283.8334662155739,289.89568272362914,9599200
2025-12-04,290.63983154296875,291.73123766940074,287.93119438258316,291.6816406868762,6753000
2025-12-05,292.41583251953125,298.4482847720855,290.95732400644687,293.7354210413758,10275300
2025-12-08,299.5099182128906,300.25405457057155,294.40018794594533,298.8451733562611,16643100
2025-12-09,301.03790283203125,302.2979628982157,296.16628624886454,297.64462753617414,11349100
2025-12-10,307.7153015136719,311.52527628350236,300.13501744817404,302.98257458725914,12429200
2025-12-11,303.2831726074219,304.26807460223984,298.0999588756921,303.7507581691417,15028400
2025-12-12,290.5390319824219,302.7161132388162,289.48448241535397,302.7161132388162,19306100
2025-12-15,286.2611083984375,294.2796804187271,286.0720825024157,293.63302726110277,12082400
2025-12-16,285.39556884765625,286.9773930782894,281.86382693382285,285.7835789370498,11418400
2025-12-17,275.5364990234375,287.614117587584,273.6661568096194,287.04703993240423,16823000
2025-12-18,283.2168273925781,285.6840919054254,280.30189395409326,283.5351899801831,11260300
2025-12-19,287.46490478515625,290.66835626538773,284.90810644792566,284.90810644792566,12735800
2025-12-22,291.7726135253906,293.493732691408,289.71324551694175,293.1554838489765,6091100
2025-12-23,295.4237976074219,296.3788550570647,290.6982108724501,291.8920250943214,6802300
2025-12-24,297.2642517089844,297.62241721204856,294.70748375869647,296.2097021978008,2753900
2025-12-26,301.2834777832031,301.82071082512005,296.98567416931934,298.35858618714826,5125900
2025-12-29,299.3733825683594,302.9349691756451,297.11503019815467,300.22894787531203,6205100
2025-12-30,298.04022216796875,302.98467885528527,297.91091583768343,300.8059324655372,6190600
2025-12-31,302.328125,305.8101362096284,301.8704673812959,302.43754506486727,8175100
2026-01-02,317.96728515625,319.93711947544307,310.0979669193405,310.3765265882512,18526900
2026-01-05,320.5937194824219,329.5474618418999,319.8475742857987,328.7018245469152,17446300
2026-01-06,325.7471008300781,331.3680554544452,322.9217012206051,328.52276956882855,15599600
2026-01-07,317.0420837402344,324.6229146225213,316.90281908114616,323.0013177821987,11744800
2026-01-08,316.3755187988281,322.83215212591426,314.51513498327625,322.7227320712232,10850800
2026-01-09,321.9666442871094,323.1007692434349,316.6142910064096,318.186156924328,12325100
2026-01-12,330.0648193359375,331.8356696086022,319.4098731027985,320.44453640525086,12714800
2026-01-13,329.5076599121094,334.69090375314994,329.07987728467845,331.1591315955093,11473600
2026-01-14,325.4287414550781,328.16460730778095,323.1505332047328,328.16460730778095,11210800
2026-01-15,339.88409423828125,349.5242628055195,336.18321263410184,341.0480638104695,42188500
2026-01-16,340.6401672363281,348.0518887589723,339.7049961073824,344.7290589359912,18246100
2026-01-20,325.4784851074219,340.39143063452354,325.2198117253413,339.03843525904966,22809900
2026-01-21,324.44384765625,331.92521680778634,324.0061066799057,331.7162742776711,16789800
2026-01-22,325.6874084472656,333.327928191825,325.2198228962958,331.70633142130043,12801000
2026-01-23,333.14886474609375,335.4171450220839,329.6668536862397,330.3632680425013,12904400
2026-01-26,330.9999694824219,333.3777002269528,328.53273531285805,331.07957531024965,8646400
2026-01-27,336.6010437011719,339.4960909330754,332.8404728314193,334.7705043193549,11298100
2026-01-28,340.5406799316406,343.72424514237343,336.91940410614177,341.2669389047847,12140100
2026-01-29,337.8048095703125,341.97327674069385,326.5131692249356,338.05352465035566,13844800
2026-01-30,328.86102294921875,338.1530146381896,327.4085353918609,333.6960598625758,12028100
2026-02-02,339.6054992675781,342.4309292522656,327.40853256904984,329.0600043192495,12459100
2026-02-03,334.02435302734375,345.2662625188203,328.32379245385806,343.2964585126223,12540000
2026-02-04,324.0657958984375,337.05866944832655,317.4300944641324,333.8751345918697,18176000
2026-02-05,329.0301513671875,332.85041119948266,318.00708246167767,321.16080290831286,14812000
2026-02-06,347.0570373535156,347.92256099576986,334.9197290027381,335.7653663679586,17025500
2026-02-09,353.58331298828125,357.7517801934697,346.01241010097175,346.96749787603636,14594900
2026-02-10,360.0498962402344,362.88525417859324,354.5582782923775,362.4574411737488,14622100
2026-02-11,372.16729736328125,377.6290708618505,366.49661169632776,368.1778977228668,18651300
2026-02-12,366.20806884765625,378.0468999040864,320.4444967540037,377.0520396411809,16835400
2026-02-13,364.4770202636719,369.20260688741604,358.9157545960688,367.2526891184118,10468200
2026-02-17,362.3281555175781,364.317876239013,354.4090451865427,360.0101138750984,10063800
2026-02-18,360.3981018066406,367.49146059968047,358.8560501260037,361.9898539972341,7310500
2026-02-19,358.5377197265625,360.9353063430657,355.6028696838767,357.87114996380035,6346500
2026-02-20,368.63555908203125,370.2870308906031,357.2543543574776,357.93085210246517,9009200
2026-02-23,368.13812255859375,371.5106832672191,364.5765055989434,365.12369699323017,9550200
2026-02-24,383.7673645019531,387.1797280779624,374.11720735268767,377.4499954626336,13269500
2026-02-25,385.7371826171875,388.2044166508074,382.8520635515886,388.2044166508074,10948400
2026-02-26,374.8733215332031,384.4836760415777,367.7998791031673,384.1951580425536,14535700
2026-02-27,372.6547546386719,374.74396732300823,366.7253958022188,368.2376028761936,9186600
2026-03-02,367.2128601074219,371.1823732345651,362.77579179913977,363.482134090646,12571600
2026-03-03,351.3150329589844,354.1503909697605,342.37124831361416,347.75341597792504,18580200
2026-03-04,355.6028747558594,359.2341088470799,352.7277138615793,355.5929164372393,12131100
2026-03-05,352.041259765625,357.6224419722406,342.0329673325376,353.0759230038478,16249800
2026-03-06,337.1482238769531,346.927687332115,334.95951905814144,341.7345153172319,13803000
2026-03-09,346.9078063964844,347.6041904053892,330.21405140915897,333.8751301072361,19182800
2026-03-10,345.3060607910156,351.68311901099446,342.5403503481588,346.67897287429116,12985600
2026-03-11,352.7376708984375,355.51333967861297,348.55924543066214,352.11090404219846,10683300
2026-03-12,334.9794006347656,345.10710148802195,334.6511100969132,344.15201374736165,17549400
2026-03-13,336.5711669921875,342.74924061144304,334.49191272382546,342.1523487531383,17299900
2026-03-16,338.4813537597656,342.85873330456,338.0734573658087,339.4961004047393,11123500
2026-03-17,345.1716613769531,345.9498377627922,337.6093542809213,339.80422636727593,11434600
2026-03-18,338.7766418457031,347.1370678303785,338.5471682530561,344.97212438439857,12632600
2026-03-19,337.99847412109375,339.10586615055837,324.43024248767375,328.45082575092425,15411600
2026-03-20,328.47076416015625,336.8112479482066,325.13857128583965,335.8933840112334,17424200
2026-03-23,337.6592712402344,342.6076743711966,330.3264373947262,330.3264373947262,15857200
2026-03-24,342.4480285644531,344.0742250937163,333.23958263321845,334.785979471341,9725000
2026-03-25,346.9375305175781,349.6312345218189,342.69746005115195,345.1916191490497,12166900
2026-03-26,325.3480529785156,340.1134921176816,324.60979167775395,339.0260424773275,14560200
2026-03-27,325.9765930175781,328.790011660255,321.55695060249406,324.07105189915274,14484500
2026-03-30,315.7605285644531,328.82992777912506,313.0668246730703,326.4355412347163,15740000
2026-03-31,337.1604309082031,337.61934764620054,320.38970797374367,321.5569573535184,18488000
2026-04-01,340.692138671875,347.8653425105511,338.9562137218917,343.0965116413069,15011600
2026-04-02,338.2478942871094,341.27081394543603,326.03647044026826,326.07638551144646,8994600
2026-04-06,340.9615173339844,343.39581892266654,337.82883905569076,338.9562037807292,5884800
2026-04-07,344.5132141113281,344.7227149499429,334.8657933542661,338.64694705989115,6823500
2026-04-08,365.04510498046875,373.4254731273044,358.40066175401483,369.4248627966387,16356900
2026-04-09,364.6360778808594,367.30983960338875,359.87723322860296,362.4511920505476,9246000
2026-04-10,369.734130859375,377.1168353024966,368.8861107224818,374.71246240799366,13168200
2026-04-13,368.70654296875,370.5921113356213,365.1947476205656,369.3949332866031,9596300
2026-04-14,379.00244140625,381.26712682827457,372.34801176649427,378.15442125299387,12859500
2026-04-15,374.2236328125,381.08756344198474,371.34037031444194,380.51888786713016,14955500
2026-04-16,362.5010681152344,369.33506973188184,359.70759182167325,367.9981737410995,26405800
2026-04-17,369.6343688964844,374.7024866580013,364.286906540967,372.32807283213566,18419400
2026-04-20,365.3843078613281,369.20537650698327,363.39896703611515,368.3573563560101,11638300
2026-04-21,367.2200012207031,369.8837764053379,364.2569391372449,367.2200012207031,9808200
2026-04-22,386.5347900390625,387.0036931518485,369.7740536326661,370.91137431172075,16317200
2026-04-23,381.7659606933594,387.8517148042079,374.93195887493795,383.35224217986075,12224900
2026-04-24,401.5196838378906,408.5332577264124,392.92981485809634,395.2144730265238,21603600
2026-04-27,404.0338134765625,413.5315599359024,399.4644971636646,412.7833122399991,16561200
2026-04-28,391.42333984375,396.94041842795855,383.80120564186564,391.2038526301569,14715800
2026-04-29,392.90985107421875,394.92515107739615,387.27305769604214,391.9920175913842,10313000
2026-04-30,395.1346435546875,397.8582761473064,384.80881919042196,396.8805548572255,12788100
2026-05-01,396.74090576171875,403.0461167104827,391.21384077360295,392.52077768207715,9926400
2026-05-04,400.6716613769531,406.74745945720974,394.27666453205956,403.5748660890813,9978500
2026-05-05,393.488525390625,405.18114463225464,391.6827566127574,403.6547204596296,14579000
2026-05-06,418.5198974609375,418.719442367678,399.71393173607123,401.4598431080775,17736400
2026-05-07,413.182373046875,419.01871118477544,407.1564763896412,417.1131700589296,13403200
2026-05-08,410.7181396484375,416.025717257243,399.9433850490627,415.97584625622636,18531200
2026-05-11,403.5948486328125,406.7773980105824,397.25967856796774,405.7896903250927,14680000
2026-05-12,396.351806640625,401.30020973210407,385.2178768500887,396.8207097656788,18121800
2026-05-13,398.86590576171875,403.73450913124304,390.5553811479706,397.33948163077406,13127800
2026-05-14,416.7440490722656,420.9841194624343,401.16054818027357,402.2679401856103,18577100
2026-05-15,403.4053039550781,408.91239635591,397.8981811079678,405.55027471857755,11868600
2026-05-18,395.0249328613281,405.9293892063572,390.1363566382977,405.9293892063572,12117200
2026-05-19,391.69268798828125,397.9480581917038,384.16034005204995,388.59995521209726,14083000
2026-05-20,400.6816711425781,402.93640073945727,395.02493528427414,396.0724699406183,10254300
2026-05-21,406.19873046875,410.4986581682928,398.57659636269995,398.57659636269995,8937900
2026-05-22,403.57489013671875,409.7105459625166,401.9187648184228,408.47342232875764,7111900
2026-05-26,411.3566589355469,415.5168990579511,409.11191585695747,412.1547776294236,10132000
2026-05-27,421.7423400878906,429.5440462174616,414.4095066168901,426.0222949648963,14695600
2026-05-28,423.8673400878906,426.6009590399201,413.7410606943367,421.23352403082976,8905800
2026-05-29,417.47235107421875,429.4343280523075,416.275142560005,426.07220654761306,11232300
2026-06-01,434.6122131347656,448.34007446195545,421.5128847675093,423.88732908446804,18040400
2026-06-02,445.6463623046875,447.3324162485465,434.99132221113416,439.550621789287,10147900
2026-06-03,435.66973876953125,449.1082692608182,433.51478164674097,448.9386530451177,10245200
2026-06-04,443.8805236816406,446.96330070052613,426.3016646283289,429.6239016262129,10974100
2026-06-05,414.20001220703125,432.88623203958207,411.8255679561694,428.7658764802955,19644200
2026-06-08,425.8028259277344,432.79645773034827,421.5428131800681,422.7799063408481,11245400
2026-06-09,426.92022705078125,437.13629271417284,404.56258181002585,429.8733028229284,21199500
2026-06-10,407.7950134277344,425.3239709144749,406.74747878276156,412.9928324745404,13139700
2026-06-11,421.07000732421875,422.25,408.8599853515625,413.260009765625,13826500
2026-06-12,423.92999267578125,426.94000244140625,417.2099914550781,420.04998779296875,10362500
2026-06-15,441.3999938964844,442.5799865722656,431.92999267578125,438.67999267578125,11184900
2026-06-16,425.8299865722656,440.3299865722656,425.20001220703125,436.0199890136719,10943500
2026-06-17,432.1499938964844,442.5,431.6400146484375,434.75,10934100
2026-06-18,462.1199951171875,465.2200012207031,438.3900146484375,438.8800048828125,25817100
2026-06-22,467.6700134277344,476.7900085449219,465.1700134277344,476.0899963378906,13686200
2026-06-23,436.3900146484375,447.3299865722656,434.19000244140625,439.17999267578125,20364500
2026-06-24,440.8299865722656,443.8599853515625,432.5799865722656,433.9800109863281,9991200
2026-06-25,434.989990234375,452.8999938964844,432.44000244140625,452.8999938964844,14769500
2026-06-26,432.3500061035156,436.1300048828125,419.19000244140625,425.0,17974100
2026-06-29,455.1000061035156,456.1000061035156,431.0899963378906,437.0,14881400
2026-06-30,477.57000732421875,479.0,453.0,455.6099853515625,15074300
2026-07-01,444.2300109863281,468.510009765625,443.4700012207031,467.6700134277344,18534800
2026-07-02,434.1600036621094,461.4700012207031,429.5,450.5400085449219,18375000
2026-07-06,451.7900085449219,460.0299987792969,445.6000061035156,447.7799987792969,12788500
2026-07-07,432.57000732421875,439.79998779296875,428.1099853515625,438.0199890136719,14898400
2026-07-08,436.9800109863281,440.489990234375,428.75,429.0,11411200
2026-07-09,436.9599914550781,447.69000244140625,436.3900146484375,446.7300109863281,11455600
2026-07-10,434.1099853515625,439.6600036621094,428.1000061035156,438.6700134277344,9595100
2026-07-13,421.5799865722656,437.989990234375,420.2900085449219,433.82000732421875,14329800
2026-07-14,420.3900146484375,431.05999755859375,418.8599853515625,430.8699951171875,14279000
2026-07-15,419.4800109863281,428.8900146484375,410.75,425.75,17012300
2026-07-16,409.739990234375,415.95001220703125,403.5,405.2900085449219,24891300
2026-07-17,398.3699951171875,404.70001220703125,386.0199890136719,392.1199951171875,20986500
2026-07-20,402.29998779296875,409.8900146484375,400.0799865722656,407.7099914550781,11653600
2026-07-21,424.6099853515625,425.3999938964844,413.55999755859375,418.739990234375,18210100
2026-07-22,421.2099914550781,424.80999755859375,414.2099914550781,414.9100036621094,10259500
2026-07-23,415.5799865722656,420.8399963378906,411.79998779296875,415.8399963378906,11048800
2026-07-24,403.4100036621094,412.9200134277344,400.79998779296875,411.3500061035156,11525100
2026-07-27,399.0899963378906,407.42999267578125,388.79998779296875,406.0799865722656,17932300
2026-07-28,392.30999755859375,395.3599853515625,381.29998779296875,385.0,18276300
2026-07-29,374.6700134277344,391.25,372.7200012207031,388.0799865722656,21700200
2026-07-30,403.30999755859375,406.7699890136719,387.6000061035156,392.489990234375,17474200
2026-07-31,404.25,420.3500061035156,398.79998779296875,419.5,11956100
2026-08-03,406.1099853515625,407.44000244140625,398.20001220703125,400.5899963378906,12676900
2026-08-04,417.1700134277344,420.25,412.1099853515625,418.0,13929100
2026-08-05,414.0,426.29998779296875,413.07000732421875,419.32000732421875,12790400
2026-08-06,418.20001220703125,423.9100036621094,407.989990234375,409.5400085449219,10628900
2026-08-07,420.0400085449219,424.7900085449219,413.1000061035156,424.7900085449219,9159600
2026-08-10,418.4700012207031,425.8800048828125,416.0,420.3399963378906,11776100
2026-08-11,422.05999755859375,424.8999938964844,418.8699951171875,424.20001220703125,9703600
2026-08-12,429.1499938964844,433.2799987792969,427.0199890136719,432.6499938964844,9534200
2026-08-13,430.489990234375,436.0400085449219,428.3900146484375,429.1499938964844,8194000
2026-08-14,426.3500061035156,429.2699890136719,424.1000061035156,429.20001220703125,6307000
